method,iteration,objective,nrmse,seconds,inner_evaluations,step,outer_kkt,inner_kkt,majorizer_gap,surrogate_change,sufficient_slack,allocation_change,zero_latents,inner_iterations,fluence,seed
SIRT,0,3.99168766514862,0.41045526780408303,0.0,0,0.0,0.08255919854794248,0.0,0.0,0.0,0.0,0.0,0,0,20000.0,20260910
SIRT,1,1.9579127904976492,0.3828682601247049,0.0020764580003742594,1,1.7997812852852884,0.05002106183425072,nan,0.4168745298266831,-1.6169003448242878,1.8718142409078122,0.017337286113293722,0,1,20000.0,20260910
SIRT,2,1.3772441219924276,0.3697438734733611,0.0034650409979803953,2,0.9657818760597003,0.03935493268530445,nan,0.09130801847891071,-0.4893606500263097,0.5340319368989519,0.007956624362081728,0,1,20000.0,20260910
SIRT,3,1.1467987702781433,0.3613257905105159,0.004818500001420034,3,0.5733408786986001,0.03427240863552981,nan,0.026300312795296554,-0.20414503891898417,0.21400936355494024,0.004221321743535452,0,1,20000.0,20260910
SIRT,4,1.027357141105439,0.3546912479403582,0.006160958000691608,4,0.37699943179080353,0.031236877560290265,nan,0.009169415079953096,-0.11027221409275258,0.11233520059417486,0.0025029056778676103,0,1,20000.0,20260910
SIRT,5,0.9516637398921596,0.34887673112652484,0.007503415999963181,5,0.2765986260920393,0.029029017394469253,nan,0.003770658436892348,-0.0719227427763874,0.0718680612154792,0.0016205591809977946,0,1,20000.0,20260910
SIRT,6,0.8957133025460846,0.3435253016916527,0.008968582998932106,6,0.22444842130477807,0.027408358231239317,nan,0.0017728281435072514,-0.05417760920257167,0.05343158265476461,0.0011198742401657468,0,1,20000.0,20260910
SIRT,7,0.8502712438318475,0.3384888594065189,0.010407791000034194,7,0.19536405886615577,0.026105567905996,nan,0.0009615047996183224,-0.044480553914621836,0.04353370293940418,0.0008265430628183304,0,1,20000.0,20260910
SIRT,8,0.8113999845042161,0.3336962263476797,0.011981666000792757,8,0.17743981058120017,0.025001502105954775,nan,0.0005955555738053134,-0.03827570375382004,0.03729701500867675,0.0006474416923137029,0,1,20000.0,20260910
SIRT,9,0.7770493282649488,0.3291072256754021,0.013365833001444116,9,0.16488074938547628,0.024024562636926167,nan,0.00041476633838177996,-0.033935889900886675,0.03299137316337155,0.0005348056056835599,0,1,20000.0,20260910
SIRT,10,0.745899791122633,0.3246957144124448,0.0147177910002938,10,0.1556361113553976,0.023168924434233542,nan,0.0003088965408172718,-0.03084064060149708,0.029938407184424233,0.0004594767549136564,0,1,20000.0,20260910
SIRT,11,0.7173475554898844,0.3204435732531261,0.016045332999055972,11,0.1479506783495113,0.022378630348775932,nan,0.0002394179426710255,-0.02831281769007603,0.02745776547154464,0.00040338587262889875,0,1,20000.0,20260910
SIRT,12,0.6911822897285698,0.3163365852584824,0.017378290998749435,12,0.1411324845589239,0.02162002223501462,nan,0.00019188771228847737,-0.025973378049025747,0.02516934685142587,0.0003595861371774732,0,1,20000.0,20260910
SIRT,13,0.6668655903596211,0.3123628252986986,0.01870112499818788,13,0.1354600207740883,0.0209188838921541,nan,0.00015564906563491374,-0.024161050303316087,0.023399228507542825,0.00032452046218029866,0,1,20000.0,20260910
SIRT,14,0.6441816008785192,0.30851283817194086,0.02001429099982488,14,0.130385644026717,0.02025013247151116,nan,0.00012825539621566672,-0.02255573408488399,0.02183396867268886,0.0002948846069547695,0,1,20000.0,20260910
SIRT,15,0.6229598454694664,0.30477857014843784,0.021328957998775877,15,0.12572875528517383,0.019614128464334635,nan,0.00010643341947802458,-0.021115321989577183,0.020431369413774846,0.0002688077272744512,0,1,20000.0,20260910
SIRT,16,0.6030331730952119,0.3011528905568838,0.022739832998922793,16,0.12147689897540391,0.019029812078773595,nan,8.937488630397424e-05,-0.019837297487948935,0.01918884052502047,0.0002473442730197417,0,1,20000.0,20260910
SIRT,17,0.584304093787884,0.2976294767738528,0.02406699999846751,17,0.11750165794809195,0.01846679681013141,nan,7.617283534592538e-05,-0.018652906471977686,0.018038747326300404,0.00022954471053315584,0,1,20000.0,20260910
SIRT,18,0.5666192673929631,0.2942025899256417,0.02537424999900395,18,0.11389717039706622,0.017929915225381485,nan,6.582023242750953e-05,-0.017619006162496936,0.017036198123697943,0.00021501652188811964,0,1,20000.0,20260910
SIRT,19,0.5499103317122837,0.29086722424973743,0.02680937499826541,19,0.11048732658598914,0.017415592117239576,nan,5.738200586054541e-05,-0.016651553674817434,0.016098563213873485,0.0002014100028665828,0,1,20000.0,20260910
SIRT,20,0.5340711159009307,0.28761882086708335,0.028373541001201374,20,0.10735570778744721,0.016922434740069568,nan,5.048130259129361e-05,-0.01578873450876765,0.015262953411625759,0.00018979734935735282,0,1,20000.0,20260910
SIRT,21,0.5190679885272071,0.28445332488488895,0.02970695800104295,21,0.10436538046120189,0.01643707624664228,nan,4.4422948323232824e-05,-0.014958704425398912,0.014458520741782986,0.00017845377990243164,0,1,20000.0,20260910
SIRT,22,0.5048390084320775,0.2813668877582271,0.031029540998133598,22,0.10158227130485839,0.015958153362343703,nan,3.926077074917517e-05,-0.01418971932437974,0.013713032202956936,0.00016798397210356572,0,1,20000.0,20260910
SIRT,23,0.49127820679412354,0.2783560291950307,0.03239854099956574,23,0.0989899679381151,0.015500993865215794,nan,3.535604066783424e-05,-0.013525445597290702,0.013070850950334527,0.00016036769635121057,0,1,20000.0,20260910
SIRT,24,0.478346981268874,0.275417665721405,0.033738957998139085,24,0.0965461535105816,0.015061982993566463,nan,3.185255685226109e-05,-0.012899372968395738,0.012465167537365117,0.00015288870074725583,0,1,20000.0,20260910
SIRT,25,0.4660228380337655,0.2725489199457963,0.03507620800155564,25,0.09415164294231722,0.014637365286018689,nan,2.8860328434096917e-05,-0.012295282906675106,0.011880916641671619,0.00014614077983585605,0,1,20000.0,20260910
SIRT,26,0.4542822184060082,0.26974700551558234,0.03639041600035853,26,0.09184198225764552,0.014226458487367252,nan,2.6197948206154165e-05,-0.0117144216795438,0.011318872142506615,0.00013937317524582483,0,1,20000.0,20260910
SIRT,27,0.44309099678968866,0.26700923207314203,0.037708166000811616,27,0.08953851650101993,0.013831140433756762,nan,2.3969178362053443e-05,-0.01116725243795638,0.010790364319459353,0.00013430043252127114,0,1,20000.0,20260910
SIRT,28,0.43245840595778856,0.26433297011211965,0.03905233299883548,28,0.08731279137930094,0.013442526152976373,nan,2.168598141969898e-05,-0.010610904850485091,0.010251414654977834,0.00012733117901152235,0,1,20000.0,20260910
SIRT,29,0.4222836784616797,0.2617156842219414,0.040380416001426056,29,0.08535908519999834,0.013072221615938504,nan,1.994477319553884e-05,-0.010154782722912098,0.009810418824799843,0.00012210706158224268,0,1,20000.0,20260910
SIRT,30,0.41253517133576934,0.2591552445026751,0.04169983300016611,30,0.08346106766618326,0.012716842827726704,nan,1.841936728540704e-05,-0.009730087758626032,0.009400219635111394,0.00011744928194121166,0,1,20000.0,20260910
SIRT,31,0.4031878116145223,0.2566496488599158,0.04305558299893164,31,0.08169095105170891,0.012373516351033068,nan,1.7099202318432634e-05,-0.00933026051892155,0.009013689147060426,0.0001133611568427201,0,1,20000.0,20260910
SIRT,32,0.3942384134184593,0.2541970378893445,0.04474612500052899,32,0.07989797333141944,0.012036331638470997,nan,1.566291131171571e-05,-0.008933735284757006,0.008630213888939586,0.00010842154405483762,0,1,20000.0,20260910
SIRT,33,0.38567873554058285,0.2517955187996717,0.046123166001052596,33,0.07818147866784161,0.011705325554475505,nan,1.4414061214810159e-05,-0.008545263816658084,0.008254060697541917,0.00010368332938787652,0,1,20000.0,20260910
SIRT,34,0.3774512546706459,0.24944330737977835,0.047482124999078223,34,0.07657598166858702,0.0115363702471635,nan,1.3412206265998583e-05,-0.008214068663668188,0.007934286821511576,0.00010047305401365694,0,1,20000.0,20260910
SIRT,35,0.36954699582681483,0.24713881968849624,0.04883820800023386,35,0.07501902106590401,0.011393493381274293,nan,1.2453672151837812e-05,-0.007891805171679053,0.00762286616774673,9.732376610816115e-05,0,1,20000.0,20260910
SIRT,36,0.36194806807262314,0.244880530831343,0.05020666600103141,36,0.07355095474945895,0.011250179654014434,nan,1.1561598718919416e-05,-0.007587366155477164,0.007328440606963839,9.381434635566102e-05,0,1,20000.0,20260910
SIRT,37,0.3546343351583532,0.2426670404530683,0.05155645799823105,37,0.07211485686363157,0.011106153476113137,nan,1.0737622457360382e-05,-0.0073029952918094426,0.007053705285246851,9.02963326989201e-05,0,1,20000.0,20260910
SIRT,38,0.34760713415011124,0.2404969752046528,0.05288204099997529,38,0.07070273975587299,0.010962755868996088,nan,1.0061151336393318e-05,-0.007017139856901403,0.006777257137792611,8.748405534465507e-05,0,1,20000.0,20260910
SIRT,39,0.340831591133115,0.2383689982319412,0.054293832999974256,39,0.06938198015646262,0.010818993553562133,nan,9.40642157381975e-06,-0.006766136595425283,0.006534850058474644,8.459902764908916e-05,0,1,20000.0,20260910
SIRT,40,0.33430382467263714,0.23628190728177817,0.05566970799918636,40,0.06809601745062459,0.010678409197368992,nan,8.766823106784133e-06,-0.00651899963736886,0.00629591308084608,8.148923483420062e-05,0,1,20000.0,20260910
SIRT,41,0.32801157850114276,0.23423452896007999,0.05709920799927204,41,0.06682374901500145,0.010538303994707076,nan,8.254191947920743e-06,-0.0062839919795506525,0.00606897549987338,7.941011493080408e-05,0,1,20000.0,20260910
SIRT,42,0.3219339554923233,0.23222573172103417,0.05842204099826631,42,0.06563558751467839,0.010400061059642637,nan,7.787598109386297e-06,-0.006069835410709258,0.005862221491399627,7.725654670806942e-05,0,1,20000.0,20260910
SIRT,43,0.3160605996901851,0.2302544999790933,0.0598349159990903,43,0.06443779410475924,0.01026297436381385,nan,7.3483389931201625e-06,-0.005866007463150096,0.005665744336683847,7.518242064365248e-05,0,1,20000.0,20260910
SIRT,44,0.31040521260671106,0.22831977582657306,0.06135141599952476,44,0.06322562017284684,0.010129770296526983,nan,6.925144564156677e-06,-0.00564846193890556,0.005455513131161962,7.265870688491213e-05,0,1,20000.0,20260910
SIRT,45,0.30493298804598984,0.22642055772557212,0.0626981249988603,45,0.06216246040291373,0.00999541335107547,nan,6.579537859595802e-06,-0.0054656450228635104,0.005279015986554027,7.099919224574114e-05,0,1,20000.0,20260910
SIRT,46,0.29964740011134017,0.2245559638488389,0.06410875000074157,46,0.06109341212700716,0.009862418388209967,nan,6.226248651736687e-06,-0.005279361685996534,0.005098967684383654,6.899560461811579e-05,0,1,20000.0,20260910
SIRT,47,0.29453176218985666,0.22272509291534895,0.06545579099838505,47,0.0600933823657215,0.009729702860641927,nan,5.913420538386891e-06,-0.005109724500945636,0.004935077191275866,6.726697369392092e-05,0,1,20000.0,20260910
SIRT,48,0.28957484502096487,0.2209271290548349,0.06683925000106683,48,0.05912905933919391,0.009596686654886439,nan,5.6343744383038574e-06,-0.004951282794456718,0.004782104885974899,6.576177353797777e-05,0,1,20000.0,20260910
SIRT,49,0.2847807113640047,0.2191612928550332,0.06822908300091513,49,0.05812203297452755,0.009470271776231215,nan,5.352721499507096e-06,-0.004788780935452887,0.004625225121105583,6.43414216436301e-05,0,1,20000.0,20260910
SIRT,50,0.28014522954200677,0.2174267594688903,0.06961175000105868,50,0.05716655662472455,0.009350371311883333,nan,5.163333842225978e-06,-0.004630318488160213,0.004472081062181519,6.34480372028176e-05,0,1,20000.0,20260910
SIRT,51,0.2756666869987085,0.21572275821327822,0.07094004100144957,51,0.05623127299237017,0.009235030554041724,nan,4.907936265319606e-06,-0.004473634607030038,0.004320444740181147,6.166067592695012e-05,0,1,20000.0,20260910
SIRT,52,0.27132723621804516,0.21404855092060582,0.07232666599884396,52,0.05535617515236126,0.009119091044937327,nan,4.676814814736695e-06,-0.004334773965852478,0.004186235474288389,6.013584249683972e-05,0,1,20000.0,20260910
SIRT,53,0.26711696240093025,0.2124034622799822,0.07371912500093458,53,0.054496992890870004,0.009002110768716489,nan,4.479062780557219e-06,-0.004205794754333151,0.004061777705407541,5.8915483910656704e-05,0,1,20000.0,20260910
SIRT,54,0.2630354286810844,0.21078683646833807,0.07512541599862743,54,0.05365236713994006,0.0088861792887765,nan,4.2956298069636015e-06,-0.004077238090042893,0.0039376048948598745,5.77943932471262e-05,0,1,20000.0,20260910
SIRT,55,0.2590765998064216,0.2091980222018071,0.07644845799950417,55,0.05283415209924535,0.008770333683532671,nan,4.131309596120671e-06,-0.0039546975650675545,0.0038192564932605024,5.674325864672203e-05,0,1,20000.0,20260910
SIRT,56,0.25523599386092466,0.20763639721861596,0.078105583001161,56,0.05202741246909891,0.008654842436969337,nan,3.9636737293417e-06,-0.003836642271759247,0.003705263363085468,5.557539680086648e-05,0,1,20000.0,20260910
SIRT,57,0.25150611642663173,0.20610137459315078,0.07945029099937528,57,0.05126222189127466,0.008539322509319549,nan,3.799675421791607e-06,-0.0037260777588805825,0.0035984866646314134,5.441319760759307e-05,0,1,20000.0,20260910
SIRT,58,0.24788398858274305,0.20459239275300484,0.08076712500042049,58,0.050509030882240694,0.008424185778824048,nan,3.6611061271513714e-06,-0.003618466737758124,0.0034945697338555266,5.345462631618351e-05,0,1,20000.0,20260910
SIRT,59,0.2443644799705732,0.20310891376972293,0.08207512499939185,59,0.04978354421429838,0.008310197237248596,nan,3.5239320397400236e-06,-0.0035159846801301655,0.003395588548442997,5.242993217712098e-05,0,1,20000.0,20260910
SIRT,60,0.2409480747373732,0.20165041431599282,0.08340583300014259,60,0.0490601647855599,0.00820103694399655,nan,3.3698961073502376e-06,-0.0034130353370957784,0.003296060244760684,5.114707684051789e-05,0,1,20000.0,20260910
SIRT,61,0.23763065436543485,0.20021636431749462,0.08472870799960219,61,0.048355966161742564,0.008093684664548469,nan,3.2355308756578037e-06,-0.003314184841058576,0.003200505398766577,5.005942377071355e-05,0,1,20000.0,20260910
SIRT,62,0.2344085779053172,0.19880624628130028,0.08603225000115344,62,0.04763475180189071,0.00798717581047289,nan,3.1236310494580012e-06,-0.003218952829071643,0.00310862298115627,4.921455146569836e-05,0,1,20000.0,20260910
SIRT,63,0.2312764593036231,0.19741956689299636,0.08733279100124491,63,0.046972091413497015,0.00788075404927261,nan,3.0288763628156757e-06,-0.00312908972532832,0.0030217997331062046,4.85322663478091e-05,0,1,20000.0,20260910
SIRT,64,0.22822927899821585,0.1960558617033181,0.08863529099835432,64,0.04632563260870051,0.00777478217863175,nan,2.931267049533083e-06,-0.0030442490383597483,0.0029398770935774227,4.777118199919889e-05,0,1,20000.0,20260910
SIRT,65,0.22526423012339056,0.19471468386795834,0.08993608300079359,65,0.04569555830042068,0.007669906058646118,nan,2.837519161879278e-06,-0.002962211355662655,0.0028606446724059363,4.7003494598955295e-05,0,1,20000.0,20260910
SIRT,66,0.2223802921276183,0.19339560319986518,0.09128904099998181,66,0.04507651800903588,0.007569236893521984,nan,2.739733549185366e-06,-0.0028811982622230733,0.0027823433719812987,4.611901218891534e-05,0,1,20000.0,20260910
SIRT,67,0.21957318455195676,0.192098198427312,0.092598374998488,67,0.044473022924026884,0.0074693940166790235,nan,2.655220891501407e-06,-0.0028044523547728984,0.0027082150872614983,4.5411497734070454e-05,0,1,20000.0,20260910
SIRT,68,0.21683985532422861,0.1908220600737984,0.09415033299956121,68,0.04388332537139527,0.007369999028654094,nan,2.5715314907134003e-06,-0.002730757696233531,0.002637041915445561,4.467852946950508e-05,0,1,20000.0,20260910
SIRT,69,0.21417858105166088,0.1895667897636711,0.09553774999949383,69,0.04329572472974968,0.0072713086930044895,nan,2.4974157017012955e-06,-0.002658776856869409,0.0025675482835740247,4.399848889115342e-05,0,1,20000.0,20260910
SIRT,70,0.21159177285554373,0.1883319935427117,0.0968734999987646,70,0.04267957769729995,0.007173584458739359,nan,2.4047803933186023e-06,-0.0025844034157204007,0.0024957308784961533,4.318550540647386e-05,0,1,20000.0,20260910
SIRT,71,0.20908005646234656,0.1871172524436907,0.09820599999875412,71,0.04209834925340835,0.00707700639811517,nan,2.3343430802808255e-06,-0.0025093820501205406,0.002423102842704069,4.2405825353357285e-05,0,1,20000.0,20260910
SIRT,72,0.20663604962744092,0.18592217234007516,0.09951695799827576,72,0.04154674055543452,0.006981116077796944,nan,2.2530020129440673e-06,-0.0024417538328926655,0.0023577002523666136,4.152012358797536e-05,0,1,20000.0,20260910
SIRT,73,0.20425485496487103,0.1847463947889718,0.10082508299819892,73,0.04100032254576804,0.006886070625462483,nan,2.1846074379852475e-06,-0.0023790100551324615,0.00229714334012704,4.091140773744152e-05,0,1,20000.0,20260910
SIRT,74,0.20193436760710895,0.18358956095298284,0.10213879100047052,74,0.04047680047354497,0.0067920045066347315,nan,2.1248156897545755e-06,-0.0023183625420713765,0.0022385687889333213,4.037840838825642e-05,0,1,20000.0,20260910
SIRT,75,0.19967338048858688,0.18245133139220646,0.10343791600098484,75,0.039946334796098014,0.006701718867259824,nan,2.06405773338004e-06,-0.0022589230607861044,0.0021812016353399757,3.981958584394131e-05,0,1,20000.0,20260910
SIRT,76,0.19747670533418646,0.18133135214454302,0.10476220800046576,76,0.0394076546838458,0.006632176915821003,nan,2.016980015497297e-06,-0.002194658174386784,0.0021190269920163566,3.9316992675983407e-05,0,1,20000.0,20260910
SIRT,77,0.19533599234295784,0.18022926456087737,0.10609924999880604,77,0.038906140548290606,0.006561438548784929,nan,1.9589462052920157e-06,-0.002138754045023812,0.002065028602610449,3.871441596662916e-05,0,1,20000.0,20260910
SIRT,78,0.19325163160611222,0.17914474069357333,0.10747533299945644,78,0.038411720405626945,0.006490854879393207,nan,1.900223550428143e-06,-0.002082460513295425,0.002010587723619617,3.8020376789288015e-05,0,1,20000.0,20260910
SIRT,79,0.19121738572361802,0.1780774540269017,0.10880750000069384,79,0.03793775575390199,0.0064193162484726205,nan,1.854071311958215e-06,-0.0020323918111814997,0.0019622822169120704,3.7555045801448065e-05,0,1,20000.0,20260910
SIRT,80,0.1892329465480804,0.17702710381363237,0.11019454100096482,80,0.0374679402187195,0.006347472251011669,nan,1.8043328189516393e-06,-0.001982634842718141,0.0019142468483259397,3.7029344878418264e-05,0,1,20000.0,20260910
SIRT,81,0.18729620443552927,0.17599338576734297,0.11176058300043223,81,0.037012477355894094,0.006275569162312985,nan,1.756456564043565e-06,-0.0019349856559916585,0.0018682459385500978,3.65220235841665e-05,0,1,20000.0,20260910
SIRT,82,0.18540709202699518,0.17497601669017235,0.11309579099906841,82,0.036562706208280636,0.006204292696068003,nan,1.706225135710544e-06,-0.0018874061833918628,0.0018222708342704415,3.5962468815498425e-05,0,1,20000.0,20260910
SIRT,83,0.18356363648232069,0.17397471728790648,0.11439833300028113,83,0.03611403092608789,0.006133006830695232,nan,1.6615386864767038e-06,-0.0018417940059899606,0.0017782443831879722,3.548204795017881e-05,0,1,20000.0,20260910
SIRT,84,0.18176726886760516,0.17298920091137604,0.11569862499891315,84,0.035661280049355454,0.006061950057036699,nan,1.6420622580344198e-06,-0.001794725552452767,0.0017327812699775937,3.5377941839070286e-05,0,1,20000.0,20260910
SIRT,85,0.18001251029523366,0.17201918879722888,0.1170244159984577,85,0.03524072768242499,0.005991113706193544,nan,1.6023011255423311e-06,-0.0017531562712455261,0.0016926631279921647,3.4931209027011054e-05,0,1,20000.0,20260910
SIRT,86,0.17829943261887896,0.1710644264126728,0.11837316599849146,86,0.03481957544905296,0.005921047313831801,nan,1.5660121096493462e-06,-0.0017115116642468671,0.0016524575346320873,3.460958838933597e-05,0,1,20000.0,20260910
SIRT,87,0.17662759058609545,0.17012465442328437,0.1196698749990901,87,0.03440642707305764,0.005852500509183127,nan,1.532149231542587e-06,-0.0016703098835556959,0.0016126519215868232,3.427663096078376e-05,0,1,20000.0,20260910
SIRT,88,0.17499631784560316,0.16919962089488122,0.12097066600108519,88,0.034003602956467434,0.005784238392138536,nan,1.488150539726858e-06,-0.0016297845899469366,0.0015734604897912415,3.368895580608089e-05,0,1,20000.0,20260910
SIRT,89,0.1734060652376085,0.16828908190987557,0.12243587500051945,89,0.033593212136074024,0.005716937203023683,nan,1.445700690711728e-06,-0.0015888069073081183,0.0015338274129137054,3.314215681982166e-05,0,1,20000.0,20260910
SIRT,90,0.17185589473063684,0.16739278016366793,0.12375145799887832,90,0.033183440734088104,0.005650819864658079,nan,1.4255163650536783e-06,-0.001548744990603776,0.0014951134700240119,3.3037033513922495e-05,0,1,20000.0,20260910
SIRT,91,0.1703399778682286,0.1665104698376825,0.12506874999962747,91,0.032806468100294195,0.00558440479976361,nan,1.3937055735056493e-06,-0.0015145231568340731,0.0014621036449474533,3.265574569866573e-05,0,1,20000.0,20260910
SIRT,92,0.1688581545393855,0.16564193089878584,0.12637099999847123,92,0.032432228592904365,0.005518353127421271,nan,1.364493501250638e-06,-0.001480458835339235,0.0014292308562679924,3.2300741264345484e-05,0,1,20000.0,20260910
SIRT,93,0.1674103304204346,0.16478693862117952,0.12839154099856387,93,0.032063334346601025,0.0054529282055219425,nan,1.3395255013145441e-06,-0.0014464845934557208,0.0013964212484797948,3.199355340761555e-05,0,1,20000.0,20260910
SIRT,94,0.16599648729710767,0.16394526777676277,0.1297258749982575,94,0.031691612238927254,0.005389253828949421,nan,1.2966681631399811e-06,-0.0014125464551599794,0.0013636252090118038,3.140801666227105e-05,0,1,20000.0,20260910
SIRT,95,0.1646159231937811,0.16311669482188748,0.13106216600135667,95,0.03133209399290622,0.005328160320365835,nan,1.2594971842220204e-06,-0.0013793046061424028,0.001331479097627555,3.087668756543471e-05,0,1,20000.0,20260910
SIRT,96,0.16326554632157003,0.16230101045743903,0.13238345799982199,96,0.030984656317278196,0.005267035691439028,nan,1.2314077224279389e-06,-0.0013491454644871791,0.0013023744258560753,3.0501986167085572e-05,0,1,20000.0,20260910
SIRT,97,0.16194443075468193,0.16149801568857372,0.13370995800141827,97,0.030639180237678858,0.005205879629697633,nan,1.2064806848326065e-06,-0.0013199090862056635,0.001274177598606255,3.0189890842756213e-05,0,1,20000.0,20260910
SIRT,98,0.1606530769904405,0.16070750704482667,0.13502016599886701,98,0.03028678461108118,0.005145028267115361,nan,1.182733700087089e-06,-0.0012901710305379729,0.001245489298137514,2.9827799486820565e-05,0,1,20000.0,20260910
SIRT,99,0.15939304246734146,0.1599292793933369,0.13631858300141175,99,0.029929844620963857,0.005084636181268594,nan,1.152121676581375e-06,-0.0012588824014257544,0.0012152447431473053,2.9399350462293952e-05,0,1,20000.0,20260910
SIRT,100,0.15816002889002156,0.15916314048476785,0.139556124999217,100,0.02960343608034956,0.005024202810191493,nan,1.1297250922993647e-06,-0.001231883852226487,0.0011891954059317243,2.9119827447475965e-05,0,1,20000.0,20260910
LS,0,3.99168766514862,0.41045526780408303,0.0,0,0.0,0.08255919854794248,0.0,0.0,0.0,0.0,0.0,0,0,20000.0,20260910
LS,1,0.5411990450800152,0.14720649941501462,0.25355104099799064,388,9.75834543744831,0.02745756983825822,8.560128879192456e-08,0.7114867534224053,-2.739001866646195,-1.310776663759809,0.020946413927111756,0,361,20000.0,20260910
LS,2,0.16958446055788765,0.1440423122087625,0.34691991599902394,534,1.525751364436515,0.011891794833850557,7.835804543819681e-08,0.10198879595414474,-0.2696257885679843,0.2552187232181331,0.00819199151856135,0,135,20000.0,20260910
LS,3,0.11198893714165631,0.14575676670121776,0.43050249999942025,665,0.6711287385053145,0.0055997073869940225,9.859395152536734e-08,0.017069697222004486,-0.04052582619422992,0.035074834233844596,0.003475695423046507,0,119,20000.0,20260910
LS,4,0.09946014419838432,0.14709565368984215,0.517438791001041,800,0.44398313374946,0.003055101490522579,7.848639285363387e-08,0.0043613602103517645,-0.008167432732909981,0.00267274179057244,0.0017751351282287167,0,127,20000.0,20260910
LS,5,0.09486677924346802,0.1486562877995624,0.6014306249999208,932,0.3573869917042132,0.0019001068588533133,7.292307564029947e-08,0.0018599724120555226,-0.0027333925428684198,-0.0017929081370530661,0.0011298813216062485,0,123,20000.0,20260910
LS,6,0.09243872468272471,0.15074624323471536,0.7051478329995007,1098,0.30021395906399717,0.0014061760235231171,9.86086597162258e-08,0.0010543678914159947,-0.0013736866693233858,-0.002078366500100657,0.0008297249884692276,0,154,20000.0,20260910
LS,7,0.09095233046869591,0.15322775998111332,0.7841742079981486,1223,0.25547128328689045,0.001197648686856706,8.69669367001732e-08,0.0006626095495251901,-0.0008237846645037976,-0.001776884615183735,0.0006502269511011134,0,115,20000.0,20260910
LS,8,0.08997608857994877,0.15578374057834143,0.9087611659997492,1420,0.22398716878899708,0.0011387380869808035,9.047273711042512e-08,0.0004412914590801956,-0.0005349504296692618,-0.0015322707003583855,0.0005298500188317223,0,188,20000.0,20260910
LS,9,0.0893091634477234,0.15835577067859447,1.032743790998211,1616,0.19734762415362658,0.0011243763027357077,7.547705559996942e-08,0.00030591521796069694,-0.0003610099142680536,-0.0012803791057286848,0.00044255270736742177,0,182,20000.0,20260910
LS,10,0.08883046648822954,0.16088241312467907,1.1543093330001284,1813,0.17746474204032053,0.001109948438361434,9.686199946532337e-08,0.0002223040525951646,-0.00025639290689593203,-0.0010959897738780156,0.00037928730956859804,0,183,20000.0,20260910
LS,11,0.08846818366136121,0.16334115036130148,1.2689791249977134,1996,0.1616936047700436,0.0010918573905263796,9.272180115702609e-08,0.00016891266402876902,-0.00019337016283413078,-0.0009449582643082243,0.00033239972268371944,0,174,20000.0,20260910
LS,12,0.08818472718208645,0.16568817058084492,1.3885174579991144,2190,0.14796813470642203,0.0010970662202877729,9.321150247495395e-08,0.00013294084526184466,-0.00015051563401423772,-0.0008112719651501329,0.00029609473127833617,0,182,20000.0,20260910
LS,13,0.08795511466404245,0.1679588164028776,1.5067774579983961,2383,0.13727098294292364,0.001112443675261615,9.708246081084396e-08,0.00010833626367587032,-0.00012127625437482608,-0.000712553619861821,0.0002680317420326892,0,178,20000.0,20260910
LS,14,0.08776295673090094,0.17012451206578158,1.6198817500007863,2566,0.12906905948614827,0.0011232670971753418,9.44699243041664e-08,9.096456982298084e-05,-0.00010119336331671129,-0.0006407831726904373,0.0002461715569198721,0,173,20000.0,20260910
LS,15,0.08759815070337815,0.17220303370670179,1.7369184579983994,2757,0.12187002868462486,0.0011330381608457324,9.488009462303921e-08,7.81869681603425e-05,-8.661905935846058e-05,-0.0005778091670567713,0.0002285822193960687,0,178,20000.0,20260910
LS,16,0.08745412392560367,0.17419600024665932,1.8570956660005322,2955,0.11559371102099864,0.001143886696687563,8.884224895983548e-08,6.841311780515995e-05,-7.561365996797835e-05,-0.0005240685236058318,0.000214046915282736,0,182,20000.0,20260910
LS,17,0.08732597926029842,0.17613433109141294,1.989155415998539,3168,0.11036982319135973,0.001152392392091356,9.014339921677068e-08,6.0855830402865265e-05,-6.728883490478619e-05,-0.00048093022825934834,0.00020198815192572602,0,202,20000.0,20260910
LS,18,0.08721039251729264,0.17803683378732935,2.130928499998845,3400,0.10585575110535692,0.0011585615086168388,8.152902487945723e-08,5.487764731415212e-05,-6.0709095699638316e-05,-0.00044468525909818085,0.0001918048311727992,0,218,20000.0,20260910
LS,19,0.08710499637895727,0.1799205042414859,2.200040625000838,3509,0.10136887975420295,0.0011633389224411238,9.971008196775989e-08,4.994601997785614e-05,-5.5450118353970626e-05,-0.0004083863507957381,0.0001829612032957621,0,100,20000.0,20260910
LS,20,0.08700822288221793,0.18169441505409897,2.313071458000195,3693,0.09832422777881626,0.0011670516804723064,9.544941155652389e-08,4.571620420197975e-05,-5.105729253174414e-05,-0.0003866091916756886,0.00017507938746577889,0,172,20000.0,20260910
LS,21,0.08691962924521336,0.18334403266713806,2.42464954100069,3874,0.09470084512725507,0.0011698822405573437,7.042812901520439e-08,4.176106894546169e-05,-4.683256806708096e-05,-0.00035981886638624555,0.00016759765091796378,0,169,20000.0,20260910
LS,22,0.08683810714483545,0.18485981064039333,2.5360171659995103,4055,0.09178744557918556,0.0011712594608935159,7.84779530027574e-08,3.839990545568351e-05,-4.3122194918187756e-05,-0.00033972465791968267,0.00016089419151232433,0,169,20000.0,20260910
LS,23,0.0867624538198549,0.18633637799692823,2.645927790999849,4234,0.08853483909254234,0.001172388565171137,9.546121979997374e-08,3.56565571546422e-05,-3.999676782809305e-05,-0.00031626756167656687,0.00015506689668434357,0,168,20000.0,20260910
LS,24,0.08669187496176271,0.18777907675988073,2.7616425409978547,4421,0.08490149131892932,0.0011737699175531616,9.092199159418748e-08,3.32025904871639e-05,-3.737626760735151e-05,-0.00028983430331672925,0.00014963736518877908,0,175,20000.0,20260910
LS,25,0.08662507873848774,0.18920523977636325,2.8739109999987704,4605,0.08133988020210414,0.0011750135695120594,9.420781299829755e-08,3.1018247692477694e-05,-3.5777975580079435e-05,-0.0002640125822896569,0.0001444894441673086,0,171,20000.0,20260910
LS,26,0.08656216876441461,0.1906057636625645,2.986488165999617,4790,0.07886625100786133,0.0011762554835623546,8.730227460643116e-08,2.915279718578324e-05,-3.3757176887776306e-05,-0.0002480843033286219,0.00013997000498813003,0,171,20000.0,20260910
LS,27,0.08650295836131522,0.19195898147887488,3.0983104999977513,4970,0.07646282065779894,0.0011776492357783053,8.945625766899407e-08,2.747787605062744e-05,-3.1732527049946194e-05,-0.00023311774404794508,0.00013589292910665615,0,168,20000.0,20260910
LS,28,0.08644675866428034,0.1932879031030581,3.20813545800047,5149,0.07453847979230653,0.0011791227240251928,9.31840058005605e-08,2.6016891944825425e-05,-3.018280508754737e-05,-0.0002215995514525234,0.0001321932930927776,0,166,20000.0,20260910
LS,29,0.08639330759010563,0.19459370903158096,3.3205419160003657,5333,0.07262311108100851,0.001180423471852563,8.96794809146044e-08,2.4681156889060262e-05,-2.8769917291836268e-05,-0.00021025473897952096,0.00012873943433511621,0,171,20000.0,20260910
LS,30,0.0863424267970109,0.1958691527404555,3.4357932079983584,5511,0.07116478889129482,0.0011816322021882763,8.709231085496137e-08,2.3457649125366458e-05,-2.7423143973524e-05,-0.00020234056580239606,0.00012552442582614275,0,168,20000.0,20260910
LS,31,0.0862940335872936,0.1971296752802799,3.5451290829987556,5689,0.06923399471098707,0.001182641490160258,8.186863245109248e-08,2.2315570093265068e-05,-2.6077639616253067e-05,-0.00019127409146474253,0.00012240928946319406,0,166,20000.0,20260910
LS,32,0.0862478154731707,0.19836702402691087,3.6570582909989753,5872,0.06757894287381878,0.0011834979355984567,9.890554192484171e-08,2.1208118847839462e-05,-2.500999527585696e-05,-0.00018212756187425082,0.00011932237941265167,0,170,20000.0,20260910
LS,33,0.08620386748903912,0.19958225902683224,3.7671034579980187,6051,0.06581210345965904,0.0011845183756238546,8.714964095238593e-08,2.0207864663438473e-05,-2.3740119471808036e-05,-0.00017261366395765902,0.00011653644081823788,0,168,20000.0,20260910
LS,34,0.08616193664186074,0.20078656412287002,3.8765932499991322,6229,0.06432240105050453,0.001185427032178213,7.348219071486759e-08,1.9319750465636763e-05,-2.2611096710328115e-05,-0.00016493771666671876,0.00011398391907820774,0,168,20000.0,20260910
LS,35,0.08612174768195986,0.20196439197260027,3.984095583000453,6403,0.06291863372129945,0.001186205770145854,7.838738636649585e-08,1.8496014991593213e-05,-2.1692944907841457e-05,-0.00015774876356687445,0.00011156832958336829,0,165,20000.0,20260910
LS,36,0.08608334752120687,0.20310757641982505,4.092701665998902,6577,0.060283675576912214,0.0011873337013592572,9.169830609434312e-08,1.7632885926538988e-05,-2.0767274822874794e-05,-0.00014330591630013186,0.00010900854701732949,0,165,20000.0,20260910
LS,37,0.08604656745717588,0.20422804759782343,4.194437457997992,6740,0.05875228943949944,0.0011882020560252465,9.912358053296771e-08,1.6900390111923425e-05,-1.9879673922534396e-05,-0.0001358115116881469,0.00010677222328339483,0,155,20000.0,20260910
LS,38,0.0860112411981516,0.20532904345941552,4.302384208000149,6914,0.057462581603411694,0.0011890164036089063,8.849878690514636e-08,1.6208463494134713e-05,-1.9117795524514156e-05,-0.0001297711552021471,0.0001045616366067359,0,164,20000.0,20260910
LS,39,0.08597741440986326,0.20639602616524563,4.413368582998373,7091,0.055780510093636944,0.0011899694420977095,7.530454050397845e-08,1.5487042696017633e-05,-1.83397455918382e-05,-0.0001217464770269786,0.00010219606194081811,0,170,20000.0,20260910
LS,40,0.08594503054276574,0.20744665597502437,4.519733500001166,7262,0.05464454822438682,0.0011903403288560622,9.020711857314445e-08,1.4888959322180973e-05,-1.7494907780855578e-05,-0.00011691746543485113,0.00010020777904564696,0,160,20000.0,20260910
LS,41,0.08591369865118106,0.20848594931314127,4.624767332999909,7430,0.05353013963815964,0.001190671065807274,9.620460797086346e-08,1.4353937362870937e-05,-1.6977954217146244e-05,-0.00011194190089936686,9.839275872966323e-05,0,158,20000.0,20260910
LS,42,0.08588341224045884,0.20953167736921016,4.6824845829978585,7520,0.0515553223665835,0.0011910259141986012,9.194399012536257e-08,1.3859753258857804e-05,-1.6426657467531137e-05,-0.00010261115249389277,9.667875388408845e-05,0,81,20000.0,20260910
LS,43,0.08585410185620605,0.21056642908695286,4.747108957999444,7618,0.050610364079849354,0.0011914331698050088,9.836168611822082e-08,1.340262897573893e-05,-1.5907755272997622e-05,-9.876006336195832e-05,9.506324251810009e-05,0,90,20000.0,20260910
LS,44,0.08582574204117978,0.21155847985601278,4.855470291000529,7786,0.050481349347890454,0.0011919382699275994,8.354021926229506e-08,1.287805904408919e-05,-1.5481755979038826e-05,-9.905851657291372e-05,9.320623919554776e-05,0,158,20000.0,20260910
LS,45,0.08579844231202108,0.21253484822890467,4.915010124997934,7876,0.048228156361330224,0.0011920475066943363,9.888713103151347e-08,1.2348631082322777e-05,-1.4951098080893038e-05,-8.89980241419457e-05,9.130143637249196e-05,0,83,20000.0,20260910
LS,46,0.08577204244453043,0.21349256780041415,4.980812416000845,7977,0.04727632638883356,0.0011925238739656115,9.835937295305671e-08,1.1921249274154236e-05,-1.447861821360972e-05,-8.53526843505309e-05,8.97139474888494e-05,0,93,20000.0,20260910
LS,47,0.08574647320298523,0.2144268775491753,5.050878250000096,8086,0.04655609871832736,0.0011928925609079994,9.737336197819537e-08,1.153032579220621e-05,-1.4038915758390853e-05,-8.280427484832856e-05,8.824818712970435e-05,0,101,20000.0,20260910
LS,48,0.08572171927008018,0.2153353855561248,5.109967832999246,8179,0.045541382711802865,0.0011937749402281593,9.959804364745719e-08,1.1125799744821751e-05,-1.3628133156495093e-05,-7.89469440600976e-05,8.664017612051311e-05,0,83,20000.0,20260910
LS,49,0.08569782502420208,0.2162256568384637,5.1635464999999385,8260,0.04468496161362802,0.0011943606577406618,9.707273954155491e-08,1.076523287393214e-05,-1.3129013004914436e-05,-7.594304384246441e-05,8.521681744225616e-05,0,76,20000.0,20260910
LS,50,0.08567481480138947,0.21709693871783892,5.218363832998875,8345,0.04392646329020653,0.0011946770134481867,9.736130970471503e-08,1.0413775691270177e-05,-1.2596447119582104e-05,-7.346648604668755e-05,8.384978193153068e-05,0,77,20000.0,20260910
LS,51,0.08565249689576121,0.21795564048065333,5.271777665999252,8426,0.043186944418021046,0.0011950391301227816,9.758587037293658e-08,1.0105162137238288e-05,-1.2212743487496537e-05,-7.093770278000122e-05,8.261559952013356e-05,0,75,20000.0,20260910
LS,52,0.08563093353215943,0.21879046272302946,5.328616291000799,8512,0.04217946274207635,0.0011950533539521683,9.970301953226806e-08,9.732095802566854e-06,-1.1831267804876513e-05,-6.739199025873446e-05,8.11472924939706e-05,0,79,20000.0,20260910
LS,53,0.08561014484081397,0.21960876252423303,5.38806566600033,8604,0.041297816929198754,0.0011952474151746292,9.731684420762312e-08,9.413808456231346e-06,-1.1374882887194304e-05,-6.448679281041997e-05,7.983120388418725e-05,0,83,20000.0,20260910
LS,54,0.08558996458957466,0.2203981664006949,5.488458583000465,8763,0.04148224936946777,0.0011954898088124934,8.31686285912378e-08,9.115357255826217e-06,-1.1064893988004863e-05,-6.58585993982198e-05,7.859252721496551e-05,0,150,20000.0,20260910
LS,55,0.08557045811538133,0.22118858322352317,5.54440783300015,8849,0.03968821636927631,0.0011957571334495524,8.771004613448332e-08,8.777169621499998e-06,-1.0729304566653161e-05,-5.9251251735398646e-05,7.715185352382464e-05,0,78,20000.0,20260910
LS,56,0.08555158142160196,0.22197097093952378,5.5969915829991805,8929,0.03901813344705334,0.0011960297716086653,9.705899833720874e-08,8.511427158106938e-06,-1.0365266617069085e-05,-5.7244043105234845e-05,7.598025275727187e-05,0,73,20000.0,20260910
LS,57,0.08553325528553289,0.22274598080691543,5.64946716600025,9009,0.03844799438884924,0.0011962178988960013,9.634756280849077e-08,8.274885609036808e-06,-1.0051250463688971e-05,-5.5586277557177375e-05,7.49202437801861e-05,0,71,20000.0,20260910
LS,58,0.08551543421772846,0.22351183465741675,5.706191082997975,9088,0.03790532433359247,0.0011963465194993303,9.437271965620035e-08,8.054234076605915e-06,-9.766833726900051e-06,-5.401961283731194e-05,7.39219204762213e-05,0,73,20000.0,20260910
LS,59,0.08549804298429042,0.22426299784074394,5.7739992909992,9191,0.0373374841881733,0.001196486751232923,9.43998139812811e-08,7.835775871683034e-06,-9.555457567834368e-06,-5.2313152837066284e-05,7.294780234451883e-05,0,93,20000.0,20260910
LS,60,0.08548118409676185,0.22498592560767702,5.8726400829982595,9350,0.038152945840206155,0.001196570875392699,9.934151092929471e-08,7.630247326767019e-06,-9.228640205616109e-06,-5.5923476285712204e-05,7.20179685937386e-05,0,148,20000.0,20260910
LS,61,0.0854647851724012,0.22571682080471986,5.926965415997984,9434,0.036254240489480685,0.0011965441529902736,9.12580620293475e-08,7.440414345612119e-06,-8.95851001310341e-06,-4.931957331281066e-05,7.113401903735249e-05,0,76,20000.0,20260910
LS,62,0.08544889174213456,0.22641184298957767,6.023541874998045,9588,0.03732812570576404,0.001196487866663273,9.197204185357629e-08,7.2315241581751815e-06,-8.661906106829783e-06,-5.377601816862143e-05,7.016263732841126e-05,0,147,20000.0,20260910
LS,63,0.08543353271595308,0.22709639526140848,6.120356499999616,9743,0.036481575828523426,0.0011966514402518057,9.994540607548596e-08,7.0247922324825875e-06,-8.334233952291806e-06,-5.118624256513513e-05,6.91706751858414e-05,0,147,20000.0,20260910
LS,64,0.08541863282919161,0.22777771364879942,6.183831124999415,9842,0.034512104292858566,0.0011966645382325968,9.959645750229303e-08,6.826870791550944e-06,-8.073015969071398e-06,-4.465438037458874e-05,6.817763710261061e-05,0,92,20000.0,20260910
LS,65,0.08540433290295237,0.2284220369932405,6.280648457999632,9998,0.03498604081751269,0.0011968085722787285,9.87735596231909e-08,6.576869019030992e-06,-7.723057217377011e-06,-4.690122636498584e-05,6.689696489373612e-05,0,145,20000.0,20260910
LS,66,0.08539045719165858,0.22904855911754277,6.378577457999199,10153,0.03427917528321505,0.001196945451495519,9.551957565279317e-08,6.366695397281486e-06,-7.509015904727466e-06,-4.48773816110848e-05,6.58089325178856e-05,0,144,20000.0,20260910
LS,67,0.08537695523128529,0.22966837422444036,6.476267791000282,10307,0.03345225111729363,0.001196951578486967,9.088279324687316e-08,6.205161087944747e-06,-7.296799282423122e-06,-4.245069486742977e-05,6.495784396696165e-05,0,145,20000.0,20260910
LS,68,0.08536373438398887,0.23028995068660227,6.5254354159988,10382,0.031789800447221135,0.0011969347322420825,9.435458148140812e-08,6.057764414473911e-06,-7.163082878391391e-06,-3.730872332728525e-05,6.417112305182752e-05,0,67,20000.0,20260910
LS,69,0.08535080316485676,0.2308962201595998,6.636054957998567,10537,0.03277231589613407,0.0011970511811520612,9.595618960775285e-08,5.927760341313765e-06,-7.003458794637367e-06,-4.077001532769106e-05,6.347575034282583e-05,0,146,20000.0,20260910
LS,70,0.0853381391113868,0.23150420693741933,6.69490075000067,10613,0.031005427154524125,0.0011971197163461575,9.692788447523073e-08,5.801629137842261e-06,-6.86242432945084e-06,-3.5402772181764965e-05,6.278577933955608e-05,0,69,20000.0,20260910
LS,71,0.08532569338508704,0.23209277826442778,6.800070416000381,10769,0.03190682791669155,0.001197166951489518,7.500381518740558e-08,5.680359111895056e-06,-6.765367191626007e-06,-3.845655708551209e-05,6.211644355017153e-05,0,148,20000.0,20260910
LS,72,0.08531352134674201,0.23268228589890333,6.852590957998473,10845,0.030173923379478693,0.001197268108504355,9.525795325454851e-08,5.56601185453721e-06,-6.60602649081114e-06,-3.335124426050621e-05,6.147157644861017e-05,0,67,20000.0,20260910
LS,73,0.08530160341794073,0.23326567234922949,6.905271957999503,10920,0.02979980862090628,0.0011977015720273088,9.825826227777902e-08,5.452123839365588e-06,-6.465804963954674e-06,-3.248350089084595e-05,6.083454737922296e-05,0,68,20000.0,20260910
LS,74,0.0852899214267973,0.23384190814255956,6.965476290999504,11001,0.02945965728147763,0.0011983568350239354,9.353448550525202e-08,5.340023905625904e-06,-6.341967238853313e-06,-3.1711579213675187e-05,6.0205407134840866e-05,0,75,20000.0,20260910
LS,75,0.08527845868769378,0.23441305806147855,7.019527374999598,11082,0.029147265015639762,0.0011986230995019878,9.707868471168731e-08,5.240716166093597e-06,-6.2220229287629955e-06,-3.101541379107863e-05,5.963439755764877e-05,0,74,20000.0,20260910
LS,76,0.08526730941245317,0.23496576781929082,7.118261540999811,11237,0.030235688378648127,0.0011990724769379661,8.99705372468541e-08,5.11925510772973e-06,-6.030020132139769e-06,-3.456056734592582e-05,5.897729999780265e-05,0,144,20000.0,20260910
LS,77,0.08525637058482438,0.2355174893184953,7.165807665998727,11310,0.02842673992479233,0.0011992042584214604,9.909325896643084e-08,5.0158005683848425e-06,-5.923027064398277e-06,-2.946514950880216e-05,5.8387526829240004e-05,0,66,20000.0,20260910
LS,78,0.08524563456565189,0.23605766201776257,7.259431708000193,11461,0.029378491209714436,0.0011992334975287938,9.651286577197397e-08,4.920690206659513e-06,-5.8153289680447505e-06,-3.241876811546919e-05,5.7852814785605326e-05,0,141,20000.0,20260910
LS,79,0.08523509317351241,0.23659819686078234,7.307769415998337,11536,0.027786136951348003,0.0011991965982951873,9.575466478477358e-08,4.830679708409419e-06,-5.71071242334388e-06,-2.8062078194476884e-05,5.732738305247649e-05,0,68,20000.0,20260910
LS,80,0.08522473675750347,0.23713454092690048,7.359227875000215,11616,0.02749888799337617,0.001199165861335729,9.285036417835156e-08,4.74527468664923e-06,-5.611141329911181e-06,-2.745302603467374e-05,5.682432227938382e-05,0,74,20000.0,20260910
LS,81,0.0852145441721384,0.2376673317207856,7.419610832999751,11712,0.027239955926694218,0.001199138644847721,9.986431998730473e-08,4.666382952834803e-06,-5.526202408328357e-06,-2.6908174579344112e-05,5.635467383859542e-05,0,88,20000.0,20260910
LS,82,0.08520451947177696,0.23819188438985284,7.515020499999082,11869,0.028279775458043895,0.0011991875849552984,8.509361949633599e-08,4.592098818131772e-06,-5.432601537338001e-06,-2.996258463642233e-05,5.5908927085369025e-05,0,146,20000.0,20260910
LS,83,0.08519464909178205,0.23871635705818467,7.562702540999453,11943,0.02671796991339587,0.001199205634635179,8.917156033616619e-08,4.5148876288783505e-06,-5.3554923709503505e-06,-2.5822115819750645e-05,5.543766905354321e-05,0,67,20000.0,20260910
LS,84,0.08518500269371222,0.23923199728764766,7.609698749998643,12016,0.026393100659620892,0.0011992470098504539,9.624007400592241e-08,4.417865986731072e-06,-5.2285320781203665e-06,-2.5183390051614894e-05,5.4791996403014145e-05,0,66,20000.0,20260910
LS,85,0.08517555485843019,0.23973780295092273,7.65764499999932,12091,0.025992777359462746,0.0011991227493301634,8.86813951796844e-08,4.30190655213851e-06,-5.145928731659423e-06,-2.4333388460896214e-05,5.4038559743145924e-05,0,67,20000.0,20260910
LS,86,0.0851662088766893,0.24023816095864062,7.704909583000699,12164,0.025667758651078263,0.001199262556156521,9.198752722367579e-08,4.215310732305887e-06,-5.130671010195623e-06,-2.35957099676093e-05,5.346407657350449e-05,0,67,20000.0,20260910
LS,87,0.08515717025775886,0.2407270194826363,7.751844499998697,12237,0.025203764474658538,0.001200088162843517,9.40803930100135e-08,4.103701526299218e-06,-4.93491740327238e-06,-2.272286825426543e-05,5.268386103296446e-05,0,66,20000.0,20260910
LS,88,0.08514824449926546,0.24121047931939127,7.798494957998628,12308,0.024887238034498237,0.0012006109399491647,7.812422317425226e-08,4.026484093911601e-06,-4.899274401748004e-06,-2.2042972355888844e-05,5.217357802633428e-05,0,65,20000.0,20260910
LS,89,0.08513945028270847,0.24168958635563428,7.846765415997652,12384,0.024614089239400047,0.001200943450396851,9.611678791137485e-08,3.9571142372671166e-06,-4.8371023149017025e-06,-2.149845289727037e-05,5.171679295691332e-05,0,67,20000.0,20260910
LS,90,0.0851307991365523,0.2421649070957664,7.894429374999163,12458,0.024373051025239525,0.0012011537015378692,8.490529479620504e-08,3.890897179706878e-06,-4.760248974254243e-06,-2.1051134657777562e-05,5.127704901372026e-05,0,67,20000.0,20260910
LS,91,0.08512231295355357,0.24263309130091273,7.9409668749976845,12530,0.024094554205784977,0.0012013494372624784,9.852981189314927e-08,3.8151218189117304e-06,-4.671061181281168e-06,-2.0541194120046255e-05,5.080435945300454e-05,0,66,20000.0,20260910
LS,92,0.08511397777330768,0.24309347670568252,7.988228040998365,12603,0.023840967797249885,0.0012015481291820817,9.5310957079645e-08,3.7435467237545234e-06,-4.5916335286416544e-06,-2.008440702957556e-05,5.035474115269953e-05,0,67,20000.0,20260910
LS,93,0.08510575845399745,0.2435489599619023,8.035431958000117,12676,0.023605068944426506,0.0012017253873957943,8.657048993228403e-08,3.682788133972667e-06,-4.5365311745705244e-06,-1.9640644683335526e-05,4.996162163612669e-05,0,67,20000.0,20260910
LS,94,0.08509766787584426,0.24400034303781695,8.082548582999152,12749,0.023379423120315507,0.0012018980454820511,9.841512390415073e-08,3.6254575899405255e-06,-4.46512055720598e-06,-1.9239293118742914e-05,4.9583407604141624e-05,0,67,20000.0,20260910
LS,95,0.08508969933409233,0.24444820151679786,8.130963457999314,12824,0.023164357179679223,0.0012020515853073727,8.642882971632017e-08,3.570361183710377e-06,-4.398180574731434e-06,-1.8860830425455755e-05,4.921562854008059e-05,0,69,20000.0,20260910
LS,96,0.08508185312329114,0.24489275342694858,8.178455124998436,12898,0.022980412608161423,0.001202198552195627,9.633472899329955e-08,3.519496132302113e-06,-4.326714669549644e-06,-1.8558757380879364e-05,4.887169415259816e-05,0,66,20000.0,20260910
LS,97,0.08507413340344068,0.24533366416376126,8.225241666001239,12971,0.02277486612645252,0.0012023361353752891,9.843975713431268e-08,3.4683544263818575e-06,-4.251365423803277e-06,-1.8215006503431448e-05,4.852713980325781e-05,0,66,20000.0,20260910
LS,98,0.0850665131148638,0.24576919741505648,8.273891916000139,13047,0.02251616713485314,0.0012025203044093978,8.891724848628356e-08,3.4136012980965567e-06,-4.206687274781783e-06,-1.7728600545347572e-05,4.815980019653613e-05,0,69,20000.0,20260910
LS,99,0.08505905006922568,0.24619269350933087,8.32025266599885,13118,0.022192048136030932,0.0012027806006314327,9.849987768419577e-08,3.3505806838372197e-06,-4.1124649590105935e-06,-1.7161304385478195e-05,4.773015098326648e-05,0,66,20000.0,20260910
LS,100,0.08505173396177451,0.2466120509391746,8.367042124998989,13190,0.021989228461213213,0.0012029808147890715,9.61024532929672e-08,3.3009784955622993e-06,-4.0151289538770164e-06,-1.6860200964805176e-05,4.738476342739568e-05,0,67,20000.0,20260910
WLS,0,3.99168766514862,0.41045526780408303,0.0,0,0.0,0.08255919854794248,0.0,0.0,0.0,0.0,0.0,0,0,20000.0,20260910
WLS,1,0.5256619156795095,0.13685025625394948,0.2628015839982254,431,9.636137397520626,0.031216168229784583,9.193332152875795e-08,0.7239265292041358,-2.7420992202649686,-1.1767314477256687,0.02117085504182804,0,406,20000.0,20260910
WLS,2,0.1642713843318912,0.131652085385576,0.37218420899807825,605,1.4607519486358425,0.012266115354428396,7.861342790346226e-08,0.09909402535563457,-0.2622965059919853,0.25470071857544774,0.0080577186133935,0,167,20000.0,20260910
WLS,3,0.10907183513017099,0.13483408711531025,0.5395850419990893,884,0.6465961943476917,0.0055693012148428245,8.750635231862981e-08,0.016270289176305432,-0.038929260025418355,0.03429521727447432,0.003382934793061154,0,261,20000.0,20260910
WLS,4,0.09752268902014054,0.13756670107680355,0.6919536249988596,1137,0.4175491225468092,0.002962107012801453,9.190221228874653e-08,0.0039868167924283614,-0.007562329317595024,0.0028317826230499377,0.0017013777339295534,0,239,20000.0,20260910
WLS,5,0.09344729778605683,0.1403705045711217,0.8413384999985283,1386,0.3377686063896203,0.0018060265215718715,9.778257938492824e-08,0.0016418850514153956,-0.002433506182675246,-0.0016289903390356046,0.0010674403949312724,0,232,20000.0,20260910
WLS,6,0.09130592018513725,0.14372427585006783,0.9938352919998579,1632,0.27823040237638297,0.0012228047301183944,8.417699247421237e-08,0.0009253242271072156,-0.001216053373810011,-0.0017292302394066208,0.000780151493459914,0,231,20000.0,20260910
WLS,7,0.08997321118831804,0.1472377112356894,1.1493508749990724,1883,0.2411333122860757,0.0009002106569889654,9.539244380296225e-08,0.000590907182615786,-0.0007418018142063458,-0.0015745547178834932,0.0006154495791404399,0,237,20000.0,20260910
WLS,8,0.08908297725253017,0.1507710272897184,1.2988189999996393,2124,0.21286363209890335,0.000696765067082818,8.883953097007033e-08,0.0004002490706339871,-0.0004899848651526821,-0.0013753123577289958,0.000505313082172299,0,227,20000.0,20260910
WLS,9,0.08846005710153713,0.15415387169166503,1.4434863339993171,2355,0.18994832016455854,0.000557940281896875,8.136052042943213e-08,0.0002834773507378054,-0.00033944280025516126,-0.001181098065673845,0.00042630344547101826,0,222,20000.0,20260910
WLS,10,0.08800660723767444,0.1573715662288399,1.5271524169984332,2485,0.1702591121414224,0.0004589236704446112,9.890462484917884e-08,0.00020847854229445292,-0.0002449713215660746,-0.0009959583994965742,0.0003671056285957513,0,123,20000.0,20260910
WLS,11,0.0876621392268632,0.16042581756495428,1.609560375000001,2613,0.1566139307961834,0.0003913616312493016,8.634279089857456e-08,0.0001603768780462629,-0.00018409113276834205,-0.0008819281551603452,0.000323115763718756,0,122,20000.0,20260910
WLS,12,0.08738951605518305,0.1633251280836404,1.6896000419983466,2737,0.14450699629186914,0.00033841387008121934,9.792780776802246e-08,0.00012819427147949656,-0.00014442890020051094,-0.0007714904271847723,0.0002897316443382435,0,118,20000.0,20260910
WLS,13,0.08716650656019753,0.16602977577957612,1.7741038339991064,2870,0.133769405650147,0.000298409604859614,9.395085997037039e-08,0.00010586735709430892,-0.00011714213789128006,-0.000671703199414158,0.00026391217180065307,0,124,20000.0,20260910
WLS,14,0.08697853171328478,0.16859722391621326,1.8559111249996931,2999,0.1257663172437251,0.0002654763876033715,9.603649910797082e-08,8.982862304948927e-05,-9.81462238607029e-05,-0.0006028834807397098,0.0002434587503092338,0,119,20000.0,20260910
WLS,15,0.08681696874150248,0.17099140483909184,1.9260938749976049,3107,0.11861019981934692,0.00023792649322321394,9.452577306013883e-08,7.768517289265511e-05,-8.387779889119998e-05,-0.0005418560032769727,0.00022675506413231776,0,103,20000.0,20260910
WLS,16,0.08667494620669301,0.1733115720031291,2.002435541999148,3225,0.11299869463721256,0.0002151041134692002,9.117056780740153e-08,6.867630408389494e-05,-7.33462307311945e-05,-0.0004964127146762343,0.00021327968017948332,0,113,20000.0,20260910
WLS,17,0.08654817491634849,0.17556343483768577,2.0761780839966377,3340,0.10841865144078956,0.00019593568625129578,9.908611039957426e-08,6.155089703042469e-05,-6.522039331058496e-05,-0.0004609589086674472,0.00020187279131111597,0,107,20000.0,20260910
WLS,18,0.08643370778204974,0.17774447685811243,2.1601402919986867,3473,0.10427453837745938,0.0001799729798567819,9.72100883737718e-08,5.5749193769842244e-05,-5.871794052774371e-05,-0.00042919183339286675,0.00019214646207650458,0,123,20000.0,20260910
WLS,19,0.08632976267045994,0.179825648385138,2.2451759169998695,3607,0.1000031926706345,0.00016585573477852857,9.052927133081252e-08,5.06662174825153e-05,-5.327889410957948e-05,-0.00039608681562620126,0.0001832612032267282,0,127,20000.0,20260910
WLS,20,0.08623497775082985,0.1817958744136597,2.3155098339993856,3716,0.0959526806739592,0.0001537023126975685,8.600137414560765e-08,4.6284639730798845e-05,-4.8500279899697915e-05,-0.00036556092679584446,0.00017532757467541768,0,102,20000.0,20260910
WLS,21,0.08614809041877657,0.18367422916783632,2.386617499996646,3826,0.09233866022371785,0.00014338476319158543,8.875303554613377e-08,4.253702654814733e-05,-4.4350305505271967e-05,-0.00033943407654227925,0.00016826520574136114,0,104,20000.0,20260910
WLS,22,0.08606764685941644,0.18549830304792553,2.455205041998852,3932,0.0890949152331172,0.00013925619882928763,8.384030110197968e-08,3.945797684797119e-05,-4.0985582511710364e-05,-0.0003164516366596899,0.00016214990620459714,0,100,20000.0,20260910
WLS,23,0.08599284231003491,0.18725133368136296,2.5250220839989197,4040,0.08567061327230097,0.0001369798615413455,9.558285890467843e-08,3.6712016643798085e-05,-3.8092532734357524e-05,-0.0002921681495410834,0.0001565355690385723,0,102,20000.0,20260910
WLS,24,0.0859229721813481,0.1889497551791525,2.5914692919977824,4143,0.08288223356731533,0.00013457352709090106,9.892179741802095e-08,3.436598666258656e-05,-3.5504142032808276e-05,-0.0002736031033685398,0.00015154277521122473,0,96,20000.0,20260910
WLS,25,0.08585733578882727,0.19060965964389312,2.661233083999832,4251,0.08051475707219094,0.00013198727552666102,9.180424155459523e-08,3.231929322719024e-05,-3.331709928943185e-05,-0.00025849491279886683,0.00014699391661984813,0,103,20000.0,20260910
WLS,26,0.0857954268872314,0.19223257052018777,2.7252716249968216,4350,0.07826500345604587,0.00012925164757887032,9.518050599451613e-08,3.052018873165907e-05,-3.138871286672364e-05,-0.0002443616367028629,0.000142864530711906,0,92,20000.0,20260910
WLS,27,0.08573708677688524,0.1938074870954469,2.786151083997538,4444,0.07599203449961948,0.000126582989136181,9.091079827795768e-08,2.8753437849018775e-05,-2.95866724916322e-05,-0.00023039935502341507,0.00013871535620107154,0,87,20000.0,20260910
WLS,28,0.08568186901785572,0.19535323506487193,2.8462182089970156,4535,0.07409636509123071,0.0001239427264794101,9.293059709880021e-08,2.727065094311879e-05,-2.7947108086264828e-05,-0.0002192958069571316,0.0001350866375805775,0,86,20000.0,20260910
WLS,29,0.08562940701674632,0.1968610734820821,2.9078349999981583,4632,0.07194770385202409,0.00012106721343850656,9.621208367037206e-08,2.5909591891168648e-05,-2.6552409220000773e-05,-0.00020636160336952075,0.00013170647780727754,0,85,20000.0,20260910
WLS,30,0.0855795423029939,0.1982854301128258,3.0309953750002023,4831,0.07163532103361224,0.00011812508658648708,8.527305040421911e-08,2.463258425149299e-05,-2.5232129501438268e-05,-0.00020671624722701942,0.00012850108546735763,0,185,20000.0,20260910
WLS,31,0.08553200777601502,0.19971850747429612,3.1008603749978647,4939,0.06821468927968445,0.00011519674521922272,9.921385522989116e-08,2.350362144691769e-05,-2.403090553410987e-05,-0.00018512766469731582,0.00012556603160220555,0,101,20000.0,20260910
WLS,32,0.08548653790134815,0.2010932070244195,3.2220304169968585,5133,0.06857151459617379,0.00011239419159923035,8.575465200193997e-08,2.250173660805675e-05,-2.296813805527926e-05,-0.00018963275603379074,0.0001228801617902252,0,184,20000.0,20260910
WLS,33,0.0854431515479901,0.20247095856513608,3.28254033399935,5225,0.06534954815357027,0.00010905865402406506,7.958467254940301e-08,2.1447921021087694e-05,-2.1938432336652812e-05,-0.0001701418188357464,0.00012001489010830407,0,87,20000.0,20260910
WLS,34,0.08540177663536162,0.20380713501826522,3.3450104589974217,5320,0.06367266587718592,0.00010579789737845146,9.99418179598473e-08,2.0447959546043455e-05,-2.0926953085989185e-05,-0.00016133550636690435,0.00011723466868763045,0,90,20000.0,20260910
WLS,35,0.08536227321537988,0.20510576360637192,3.408314749998681,5417,0.06213459599660504,0.00010271932427421472,9.074010430491243e-08,1.9553079377021836e-05,-1.995034060105813e-05,-0.00015353198100132625,0.00011467475201124327,0,91,20000.0,20260910
WLS,36,0.08532434087461159,0.2063849135714673,3.4750693749992934,5521,0.060820645325938186,9.999007030280798e-05,9.253885956732645e-08,1.8793223302654333e-05,-1.913911746713805e-05,-0.00014702520412488535,0.00011242212971782134,0,94,20000.0,20260910
WLS,37,0.0852878284877057,0.20764685311611666,3.5399097919980704,5621,0.05963459691721493,9.808123863519575e-05,9.763342505510326e-08,1.809459373888602e-05,-1.8417793167366662e-05,-0.00014130187056805025,0.00011029810759419131,0,93,20000.0,20260910
WLS,38,0.08525273214412138,0.20887751221410733,3.6053834999984247,5723,0.05823704457236843,9.636176128663561e-05,9.806063934035549e-08,1.739212567232416e-05,-1.7704217913492703e-05,-0.00013448132444187537,0.00010809730623419889,0,92,20000.0,20260910
WLS,39,0.08521889030662237,0.21005109322545282,3.7250614589975157,5914,0.05876268037956875,9.461972556965912e-05,8.735210400403845e-08,1.6784808135244193e-05,-1.705702935902007e-05,-0.00013881079277056033,0.00010618809380818249,0,182,20000.0,20260910
WLS,40,0.08518628884529812,0.21122807374458374,3.7859272089990554,6007,0.05591645924323892,9.294997138156993e-05,9.99504646280376e-08,1.6146477095607088e-05,-1.6454984226248125e-05,-0.00012373105939079016,0.0001041587258501673,0,86,20000.0,20260910
WLS,41,0.08515502730230967,0.21237362607262544,3.845306166997034,6100,0.05456826101103888,9.146209724951738e-05,9.33563150207873e-08,1.5494261300060813e-05,-1.5767281693314796e-05,-0.00011762321249999278,0.00010208282973152695,0,86,20000.0,20260910
WLS,42,0.08512491537509193,0.21349561302080233,3.9047799999971176,6192,0.05326236248099515,9.038845935517719e-05,9.256580231251129e-08,1.4935718951091964e-05,-1.5176208265995189e-05,-0.00011173203563509963,0.0001002547246292017,0,89,20000.0,20260910
WLS,43,0.08509589800382512,0.21458566105024351,3.966084833999048,6290,0.05195042813632895,8.921152747556778e-05,9.60478639303831e-08,1.4396330514755981e-05,-1.4621040750904227e-05,-0.00010592497791059267,9.844285610433115e-05,0,88,20000.0,20260910
WLS,44,0.08506783918794773,0.21565478338946475,4.025196874998073,6383,0.05091160014904681,8.803403495729059e-05,9.619317146984164e-08,1.3931222429054624e-05,-1.4127593455512406e-05,-0.00010154073560943026,9.685032904088637e-05,0,87,20000.0,20260910
WLS,45,0.0850406452230751,0.2167099047948213,4.085341541998787,6478,0.05004214022890159,8.687390542278519e-05,9.532367498603378e-08,1.3507598427535366e-05,-1.3686366438240744e-05,-9.801682506181762e-05,9.53614353163252e-05,0,88,20000.0,20260910
WLS,46,0.08501430159467073,0.21774861372069015,4.142974208996748,6568,0.04895028126103604,8.565079923508906e-05,9.782022137785645e-08,1.3078637896848788e-05,-1.3264990511145205e-05,-9.346287337235848e-05,9.388962712325104e-05,0,86,20000.0,20260910
WLS,47,0.08498876142139095,0.21877182028906367,4.20004283399976,6657,0.04804764460347844,8.448995484807417e-05,8.74995498909189e-08,1.2687225096396828e-05,-1.2852948182233773e-05,-8.988863431732468e-05,9.250945793765506e-05,0,84,20000.0,20260910
WLS,48,0.08496396234096558,0.21977828130857074,4.258944249999331,6750,0.04732686284858641,8.334648307617934e-05,9.958364319542783e-08,1.2320555829810569e-05,-1.2478524593697995e-05,-8.719251692907871e-05,9.11943467350102e-05,0,85,20000.0,20260910
WLS,49,0.0849398842850106,0.22076548612951508,4.320299291997799,6845,0.04647501528935582,8.235037403160878e-05,9.426527004743703e-08,1.1958015919929208e-05,-1.212004003703347e-05,-8.391829635231926e-05,8.989096774580398e-05,0,90,20000.0,20260910
WLS,50,0.08491651135688291,0.22173462432541446,4.378678375000163,6936,0.04565083325759992,8.14383560705027e-05,9.923080031684145e-08,1.1599226389566609e-05,-1.1773701739815281e-05,-8.082700072796614e-05,8.85423746875367e-05,0,84,20000.0,20260910
WLS,51,0.08489397516834438,0.22267014199916027,4.434800874998473,7024,0.044550029168008015,8.083851494954591e-05,9.223494853262415e-08,1.1188118272184517e-05,-1.1348070267932546e-05,-7.669906640498269e-05,8.693170488890335e-05,0,82,20000.0,20260910
WLS,52,0.08487209990652489,0.22358817109990242,4.49244487499891,7115,0.04378092245689021,8.027249667248769e-05,9.509461494441357e-08,1.0870617805485013e-05,-1.1004644017520929e-05,-7.39631967393244e-05,8.56974044190581e-05,0,84,20000.0,20260910
WLS,53,0.08485080584045444,0.224492134377598,4.5504669999972975,7207,0.04312537786120714,7.966167445073502e-05,8.72331937320865e-08,1.0584123296006562e-05,-1.070994277124688e-05,-7.169584471314893e-05,8.457347767519145e-05,0,84,20000.0,20260910
WLS,54,0.08483004011524432,0.2253832298938436,4.606118208997941,7294,0.04255314224858868,7.90726222520554e-05,9.668025691730119e-08,1.0325258879979638e-05,-1.0440466334431311e-05,-6.977277055131104e-05,8.354386733900672e-05,0,82,20000.0,20260910
WLS,55,0.08480977528994377,0.2262633011467958,4.66159983399848,7381,0.04196082243871324,7.852590155393277e-05,9.857694448914899e-08,1.0077923408861853e-05,-1.0186901887674855e-05,-6.777070568610497e-05,8.254600717057417e-05,0,81,20000.0,20260910
WLS,56,0.08479000789232655,0.2271341687596201,4.721201458996802,7476,0.04140523168491752,7.790104981947867e-05,9.100463851742287e-08,9.818884221589277e-06,-9.948513395385053e-06,-6.59522629268641e-05,8.149012066805349e-05,0,86,20000.0,20260910
WLS,57,0.08477079247331525,0.22799447995678207,4.774012958998355,7559,0.040865764353949424,7.714237652950396e-05,9.64242830380907e-08,9.54598648217385e-06,-9.669432530033647e-06,-6.428511580032531e-05,8.035041767598145e-05,0,76,20000.0,20260910
WLS,58,0.08475204335113631,0.22884650196503864,4.83009895899886,7647,0.04035337414206238,7.64925422895578e-05,9.160911685984679e-08,9.323693816022223e-06,-9.425428359310881e-06,-6.267061805353134e-05,7.940433409339191e-05,0,81,20000.0,20260910
WLS,59,0.08473384231259144,0.2296696761620035,4.8845302919980895,7733,0.039682588140374626,7.554416018587191e-05,9.155493593096875e-08,9.042311328709887e-06,-9.158727216862933e-06,-6.0534351531058955e-05,7.815630216064513e-05,0,78,20000.0,20260910
WLS,60,0.08471610032037413,0.23047590913689867,4.938549999998941,7818,0.03908533468142786,7.48041132574958e-05,9.571846597717925e-08,8.821007284240416e-06,-8.920984938726838e-06,-5.864117714065139e-05,7.719963575684528e-05,0,78,20000.0,20260910
WLS,61,0.0846988226586076,0.23125977728567743,4.9957722919971275,7909,0.03837570966791926,7.428199184795524e-05,8.282609114618502e-08,8.585687009245223e-06,-8.691974757807264e-06,-5.6357092859295044e-05,7.61528344482055e-05,0,83,20000.0,20260910
WLS,62,0.08468194770600003,0.23203221318124365,5.0518907089972345,7997,0.037881983683019,7.378221525464093e-05,9.128205530365e-08,8.389970864933817e-06,-8.484981742543665e-06,-5.4877281780449665e-05,7.527559390073588e-05,0,82,20000.0,20260910
WLS,63,0.08466549001820543,0.23278735916917043,5.108032499996625,8086,0.03730004357774168,7.344679923199316e-05,9.500407826053818e-08,8.18060701183753e-06,-8.27708078209819e-06,-5.3106974750474864e-05,7.43304192061417e-05,0,81,20000.0,20260910
WLS,64,0.08464939933439453,0.23353580376279692,5.162906166999164,8172,0.03680360719992175,7.327276076526804e-05,9.722621186802663e-08,8.004357958789924e-06,-8.086325851919515e-06,-5.163459133539954e-05,7.351017686321817e-05,0,80,20000.0,20260910
WLS,65,0.08463364905727758,0.23427798472536948,5.225126708999596,8270,0.036352766928704705,7.325275701351892e-05,9.439381852928854e-08,7.839810811388788e-06,-7.910466305628419e-06,-5.032590605168701e-05,7.273117451925006e-05,0,92,20000.0,20260910
WLS,66,0.08461819662938135,0.23501516456502775,5.286284166999394,8368,0.03597110454659862,7.32447560124149e-05,9.228671977277853e-08,7.694661196833092e-06,-7.757766696236342e-06,-4.924359021888492e-05,7.20401518230252e-05,0,89,20000.0,20260910
WLS,67,0.08460306902398221,0.2357458472766091,5.3556332499974815,8479,0.0354304032593682,7.336804088477019e-05,9.607963378041536e-08,7.527929607740961e-06,-7.599675796642712e-06,-4.763806835693518e-05,7.123540823197225e-05,0,104,20000.0,20260910
WLS,68,0.08458824834901577,0.23646675249030993,5.414031416999933,8571,0.03496505221123805,7.361272065042318e-05,9.458130610114348e-08,7.377265211900142e-06,-7.443409753935923e-06,-4.630706884028757e-05,7.050709321157383e-05,0,86,20000.0,20260910
WLS,69,0.08457370195538368,0.23718076965174362,5.4834756669988565,8682,0.03458076981190544,7.375722252720817e-05,9.868584846457066e-08,7.243848025275723e-06,-7.302545603537056e-06,-4.5245088407110115e-05,6.98519570134735e-05,0,103,20000.0,20260910
WLS,70,0.08455940661995712,0.23788907207812013,5.551310708997335,8790,0.03422954117484839,7.380801110239263e-05,9.9659152210212e-08,7.1186890421179315e-06,-7.176646383862674e-06,-4.428773902547303e-05,6.923371267768625e-05,0,100,20000.0,20260910
WLS,71,0.08454534457231887,0.2386006358898355,5.653260416998819,8957,0.035768847491680925,7.390063768233743e-05,8.311278973153044e-08,7.001717288836959e-06,-7.0603303514264e-06,-4.990847490590674e-05,6.86470302250923e-05,0,159,20000.0,20260910
WLS,72,0.08453151229950848,0.23929621992149772,5.70338670899946,9034,0.033549192261010385,7.373389312612618e-05,8.72458988767871e-08,6.887916323583418e-06,-6.944356487056724e-06,-4.244514225792128e-05,6.808313737371634e-05,0,72,20000.0,20260910
WLS,73,0.08451789429808497,0.2399866383408528,5.758248666999862,9121,0.03331865208051107,7.376406288049533e-05,8.196466717177654e-08,6.782473021501356e-06,-6.835528403629923e-06,-4.188862739960012e-05,6.75531349190282e-05,0,78,20000.0,20260910
WLS,74,0.08450448230361021,0.24067236061823152,5.810255583997787,9201,0.03302561007594368,7.385608578906371e-05,8.460974210835304e-08,6.680189590815266e-06,-6.731804880679715e-06,-4.112255156965625e-05,6.703515282203579e-05,0,74,20000.0,20260910
WLS,75,0.08449146349338699,0.24133641767911831,5.866433916999085,9287,0.03220489928896027,7.33913175692376e-05,9.867253306272037e-08,6.44636694627908e-06,-6.572443271473507e-06,-3.883896668737831e-05,6.578468282538043e-05,0,78,20000.0,20260910
WLS,76,0.0844788236047878,0.24199071460163435,5.968502291998448,9450,0.03348044099649325,7.325657590349157e-05,9.57320435969736e-08,6.280294103583678e-06,-6.359594499525325e-06,-4.3407107866794225e-05,6.490070265186172e-05,0,153,20000.0,20260910
WLS,77,0.08446644247635035,0.24262893287279744,6.020216333999997,9528,0.03106883238362921,7.320017046180292e-05,9.71228919306005e-08,6.156234082996411e-06,-6.224894358282291e-06,-3.588248884665537e-05,6.42407121889951e-05,0,72,20000.0,20260910
WLS,78,0.08445433155477622,0.2432530777785359,6.071327749999909,9607,0.03045567904135372,7.334301486940212e-05,9.668499912914721e-08,6.0208416010114075e-06,-6.0900799670306255e-06,-3.4266497719365424e-05,6.353328812200381e-05,0,73,20000.0,20260910
WLS,79,0.0844424618155422,0.24386783664564435,6.121822458997485,9685,0.030084298000369457,7.344377132363229e-05,8.730049469742861e-08,5.906235643895037e-06,-5.963503592424991e-06,-3.338351007473278e-05,6.291782170737828e-05,0,74,20000.0,20260910
WLS,80,0.08443079230084982,0.24447668928627425,6.176100916996802,9770,0.029808644083935503,7.351357335604182e-05,9.891200617452769e-08,5.808708932321563e-06,-5.860805758152732e-06,-3.275824841375929e-05,6.238558144418423e-05,0,79,20000.0,20260910
WLS,81,0.08441931533770904,0.24507836196347746,6.24273941699721,9877,0.02954196652057567,7.35323028815513e-05,9.871607373835188e-08,5.711534069861446e-06,-5.765429067544194e-06,-3.215942615435496e-05,6.18611232464014e-05,0,99,20000.0,20260910
WLS,82,0.0844080380125121,0.24568493972350583,6.342580708998867,10042,0.031397618942314055,7.355533488097925e-05,9.082448287040656e-08,5.611055348945041e-06,-5.666269855092668e-06,-3.801319856539512e-05,6.133990818096178e-05,0,154,20000.0,20260910
WLS,83,0.08439694797476022,0.24626959036649715,6.393751124996925,10121,0.029019909691444537,7.347210346418663e-05,9.723623030851195e-08,5.521348680144335e-06,-5.568689069590238e-06,-3.1017720173103496e-05,6.0872868206565556e-05,0,73,20000.0,20260910
WLS,84,0.08438604800832789,0.24684657278531943,6.442110500000126,10195,0.028737615180473235,7.34886035934136e-05,9.400136417692908e-08,5.417960347521078e-06,-5.482006084281459e-06,-3.039255988071658e-05,6.03108897964628e-05,0,69,20000.0,20260910
WLS,85,0.08437535287225587,0.24741261451969596,6.4939852919997065,10275,0.028529821299998332,7.340877870656924e-05,9.06881152252466e-08,5.318781395252343e-06,-5.3763546798392296e-06,-3.0002399098472154e-05,5.9777396747447375e-05,0,75,20000.0,20260910
WLS,86,0.08436487350643651,0.24797121171756548,6.544701874998282,10355,0.028097827451330798,7.328052488097191e-05,9.735268615850488e-08,5.210539439943233e-06,-5.26882637766367e-06,-2.8995029554883215e-05,5.923522425638628e-05,0,71,20000.0,20260910
WLS,87,0.08435456931367422,0.24852292180676103,6.593897791997733,10431,0.027844948494475604,7.320237100029413e-05,9.616627318643289e-08,5.128346714551544e-06,-5.175846045585768e-06,-2.8462865070705078e-05,5.88018095544469e-05,0,71,20000.0,20260910
WLS,88,0.0843444263889636,0.2490679932204546,6.646027999999205,10513,0.027572704665427935,7.318334332201763e-05,9.744228479843068e-08,5.047589088714451e-06,-5.095335623908677e-06,-2.7869777417727287e-05,5.8362117747004144e-05,0,75,20000.0,20260910
WLS,89,0.08433445397488708,0.24960332089466908,6.705608708998625,10607,0.02720824779173986,7.31769483516525e-05,9.986575862922656e-08,4.954496466596062e-06,-5.01791760754604e-06,-2.70420233183158e-05,5.787745300134638e-05,0,89,20000.0,20260910
WLS,90,0.08432465384172731,0.2501508914960097,6.801867999998649,10766,0.028911458665222208,7.325748009609264e-05,8.253805764972471e-08,4.872655725120317e-06,-4.92747743495113e-06,-3.199348894777737e-05,5.7438214470522906e-05,0,149,20000.0,20260910
WLS,91,0.08431500583466256,0.25067328316864707,6.85190587499892,10843,0.02666125622586764,7.316435502401062e-05,8.262348685789715e-08,4.7991697515529005e-06,-4.8488373125154914e-06,-2.5893122112315747e-05,5.703588735403723e-05,0,71,20000.0,20260910
WLS,92,0.0843054940382607,0.25119148072178055,6.9024756669969065,10919,0.026458475108974654,7.318100311831979e-05,9.248658006651494e-08,4.733198688992658e-06,-4.778597710184615e-06,-2.5490748852746734e-05,5.666404479632696e-05,0,71,20000.0,20260910
WLS,93,0.08429614179328665,0.2517025493373546,6.956045749997429,11000,0.02618146892284643,7.315796582929266e-05,8.887637448861646e-08,4.64645276431834e-06,-4.705792213689175e-06,-2.4921220773853484e-05,5.616745343079502e-05,0,75,20000.0,20260910
WLS,94,0.08428697310960849,0.2522057523070019,7.010153249997529,11082,0.025989076235186703,7.27386976356476e-05,9.755424912636243e-08,4.556224156893628e-06,-4.6124595227168124e-06,-2.4602920499757715e-05,5.5627580202693434e-05,0,77,20000.0,20260910
WLS,95,0.08427795690431515,0.2527038409999617,7.070070874997327,11174,0.025800819766944864,7.245230468090573e-05,9.566237930286419e-08,4.485620483709607e-06,-4.53058481194078e-06,-2.4267909738980176e-05,5.5197498990986585e-05,0,86,20000.0,20260910
WLS,96,0.08426906701503192,0.253226568414981,7.172757291999005,11339,0.028118403628577267,7.246215947315278e-05,9.675083146771796e-08,4.423687023830937e-06,-4.466202249936526e-06,-3.064234184775094e-05,5.481637918070523e-05,0,154,20000.0,20260910
WLS,97,0.0842603039532986,0.25371575905522675,7.224955833997228,11417,0.025396415815583794,7.243431641593098e-05,9.146783828267318e-08,4.361288308557687e-06,-4.401773425089662e-06,-2.348583508057998e-05,5.4431492565203314e-05,0,73,20000.0,20260910
WLS,98,0.08425165658192971,0.2542016751901046,7.279362458997639,11499,0.025217405497422306,7.246641150874233e-05,9.446476556603034e-08,4.303357328434198e-06,-4.344014044487936e-06,-2.3148505632176756e-05,5.4075985089802265e-05,0,76,20000.0,20260910
WLS,99,0.08424312403235845,0.2546836274608375,7.334968166996987,11582,0.025023884400170168,7.24181985623261e-05,9.627721999751479e-08,4.2431926379527195e-06,-4.289356935772441e-06,-2.2777189952398838e-05,5.370804808568034e-05,0,78,20000.0,20260910
WLS,100,0.08423473558675414,0.2551586406661895,7.386745791998692,11662,0.02482453122712857,7.224464447477215e-05,9.890571640709759e-08,4.170579007426404e-06,-4.217866597511014e-06,-2.2424421928018674e-05,5.327823621376641e-05,0,74,20000.0,20260910
Poisson,0,3.99168766514862,0.41045526780408303,0.0,0,0.0,0.08255919854794248,0.0,0.0,0.0,0.0,0.0,0,0,20000.0,20260910
Poisson,1,1.3366809729798645,0.32726608042883626,0.02403045800019754,27,2.793329389796753,0.043877707195552146,5.0872008368427896e-08,0.4956123200878038,-2.1593943720809525,2.2648722381736404,0.018065135847673153,0,23,20000.0,20260910
Poisson,2,0.6247925227895972,0.2772678918629599,0.044428166998841334,49,1.678291474637427,0.02581329401737923,9.78639374360317e-08,0.11154598481067128,-0.6003424653795988,0.5710553364982339,0.008582459233433277,0,20,20000.0,20260910
Poisson,3,0.38763572596913654,0.24274464779824892,0.06588124999689171,73,1.127802091815388,0.0160618089506397,6.102642512119047e-08,0.027272667273827256,-0.20988412954663027,0.17355991890530242,0.004251241781836211,0,22,20000.0,20260910
Poisson,4,0.28526933804214744,0.21673983063400928,0.08633454200025881,96,0.8358764619325836,0.011017882696288643,7.792246815268225e-08,0.007433154738105538,-0.09493323318888312,0.0674319149463424,0.002229489776945046,0,20,20000.0,20260910
Poisson,5,0.22959449993919065,0.19624842432766218,0.10574029199779034,117,0.6615644472222904,0.008284107940917548,7.792576981494005e-08,0.002396401138965488,-0.053278436963991906,0.03379146221153005,0.0012751246046095429,0,19,20000.0,20260910
Poisson,6,0.19454083182609366,0.17972056325833577,0.1252232919978269,138,0.543432547722745,0.0065040866354185,6.127413066227359e-08,0.0009707888599589342,-0.03408287925313899,0.020287721416875314,0.0008176335833339708,0,19,20000.0,20260910
Poisson,7,0.1706392547408311,0.16620766948570348,0.14407145799850696,158,0.45608575957908615,0.005289114385649515,9.244672811146472e-08,0.0004923153040010414,-0.023409261781265296,0.013500866080720954,0.0005850087789133735,0,18,20000.0,20260910
Poisson,8,0.15355061686590513,0.15506169723524962,0.16315304199815728,179,0.38954896862096366,0.004437786132522671,5.303921890424147e-08,0.0002939551484541588,-0.01679468272647149,0.009501217927243157,0.0004522637082491034,0,18,20000.0,20260910
Poisson,9,0.14094902900219622,0.1458175976767351,0.18232558299860102,200,0.33607437641074467,0.0038106134824795975,4.082379583751454e-08,0.00019452124554062477,-0.012407066618169333,0.006954288539715362,0.00036710360824595726,0,18,20000.0,20260910
Poisson,10,0.13145209792884982,0.1381180187812265,0.2011302920000162,220,0.29294621940408233,0.0033194132377248903,9.244427273523035e-08,0.0001375030410363203,-0.009359428032305493,0.0052060567001891616,0.00030810509781496775,0,16,20000.0,20260910
Poisson,11,0.12414603360767028,0.1316911314844719,0.21988254199823132,240,0.25781018879333173,0.002920081602561434,3.5446590038016885e-08,0.00010176426290795707,-0.007204300058271142,0.003982759648896874,0.00026478324429120666,0,16,20000.0,20260910
Poisson,12,0.1184342165876145,0.12632604705208944,0.2386551249983313,260,0.22841317823947724,0.00259353447838591,5.17502981582825e-08,8.026534760639167e-05,-0.0056315516724458805,0.003103188020382824,0.00023551681467899913,0,16,20000.0,20260910
Poisson,13,0.11388816258693649,0.1218468149901288,0.25814058299874887,281,0.2040671134951423,0.0023188150371303224,6.755576103601238e-08,6.4833415906244e-05,-0.00448122058478151,0.0024638846601660424,0.0002112558607959022,0,17,20000.0,20260910
Poisson,14,0.11024972321173881,0.1181137717668956,0.2761857499972393,299,0.18263209816746426,0.0020394148808608047,9.0870088229663e-08,5.356253675620428e-05,-0.0035848768384416437,0.0019707152111451565,0.00019181905803588133,0,16,20000.0,20260910
Poisson,15,0.10730577491983044,0.11500882323160073,0.29410495800038916,317,0.16443554783326078,0.001776505444809246,9.11625643823348e-08,4.5335575650817004e-05,-0.0028986127162518053,0.0015919958223471445,0.0001759890137146174,0,16,20000.0,20260910
Poisson,16,0.10488758782787845,0.11243308422816001,0.31139820799944573,334,0.14922864821229304,0.001598175657289914,9.635947865636266e-08,3.973483643730488e-05,-0.002378452255521017,0.0013047276195885743,0.00016462282707515065,0,15,20000.0,20260910
Poisson,17,0.10287698678720622,0.11030585970270507,0.328609874999529,351,0.13608411394818748,0.0014447508604173778,9.420443598622246e-08,3.485956141153998e-05,-0.0019757414792619114,0.0010846567372190664,0.00015417459983579825,0,15,20000.0,20260910
Poisson,18,0.10120748304907752,0.10856153228507863,0.3462598749974859,369,0.12373659902366095,0.001304049022953975,9.466018591745528e-08,3.0420557823217414e-05,-0.001639083180296939,0.0009039664412315872,0.00014402438944700126,0,15,20000.0,20260910
Poisson,19,0.09981083486811969,0.10713949988866428,0.3635974169992551,386,0.1133702620021059,0.0011755895376268932,7.787770701516046e-08,2.7461551773225163e-05,-0.001369186629190677,0.0007540073656365255,0.00013716478555387572,0,15,20000.0,20260910
Poisson,20,0.0986225704611303,0.10598886269996405,0.38077145799979917,403,0.10452419400627916,0.0010635552175991575,6.57198783420433e-08,2.5003898911538258e-05,-0.0011632605080753868,0.0006419990503562808,0.00013091699786099356,0,15,20000.0,20260910
Poisson,21,0.09760425325342065,0.10506996439364581,0.39724062499954016,419,0.09664908432057628,0.0009637227024931382,7.747481356570928e-08,2.2660839733604504e-05,-0.0009956563679742534,0.0005512649327093526,0.00012473693091742962,0,14,20000.0,20260910
Poisson,22,0.09673164579998537,0.10434963776382407,0.4136828749979031,435,0.08939943597246287,0.0008738728517029714,7.60923033751794e-08,2.0604058684524845e-05,-0.0008520033947502156,0.0004729944958255484,0.000118735235556557,0,14,20000.0,20260910
Poisson,23,0.09598391395827394,0.10379849641037553,0.43095099999845843,452,0.08268120899533081,0.0007921430467961671,4.828216026723604e-08,1.9063019327766916e-05,-0.0007286688223888816,0.0004059227256649595,0.0001141541830612564,0,15,20000.0,20260910
Poisson,24,0.09533016872096108,0.10338892755734921,0.4474320829976932,468,0.07732820104923682,0.0007300886744932891,8.743602014052616e-08,1.7569060388692257e-05,-0.0006361761769198099,0.00035476270343730147,0.0001096169813300692,0,14,20000.0,20260910
Poisson,25,0.09475533023773872,0.10310158639289725,0.46413729199775844,484,0.07243560998361738,0.0006649796231478968,6.580758764640807e-08,1.6169216739634067e-05,-0.0005586692664805266,0.00031249260353742256,0.00010502621242276888,0,14,20000.0,20260910
Poisson,26,0.09424872808424141,0.1029186062300543,0.48116624999966007,501,0.0679442407888127,0.0006125367935735641,7.973743979818818e-08,1.496809553198498e-05,-0.0004916340579653784,0.000275781160678899,0.00010103945465818635,0,14,20000.0,20260910
Poisson,27,0.09379690956866639,0.10282486181275255,0.4980371669989836,518,0.06416569904987818,0.0005941951681472905,6.097855690363556e-08,1.392503565288449e-05,-0.00043789347992034973,0.00024595666884704294,9.744475437952331e-05,0,14,20000.0,20260910
Poisson,28,0.09339043902186976,0.10280783305372104,0.5148969169968041,535,0.06083462063418013,0.0005740081646072686,6.1808900598154e-08,1.2957574482240048e-05,-0.00039351297231676117,0.0002214279934113971,9.39360576062423e-05,0,14,20000.0,20260910
Poisson,29,0.09302548179798012,0.10285827605421213,0.5314592920003633,551,0.05755069599383709,0.0005527169789970817,4.1384864926164756e-08,1.2043957571885239e-05,-0.00035291326632103776,0.0001993530934208892,9.04902540839492e-05,0,14,20000.0,20260910
Poisson,30,0.0926953647923042,0.10296595085645596,0.5481268749972514,567,0.0547431711792796,0.0005309345032321357,6.310034397460072e-08,1.12862648197636e-05,-0.00031883074085681414,0.0001802762661377274,8.758591121044007e-05,0,14,20000.0,20260910
Poisson,31,0.09239513452711033,0.10312255942040609,0.5647978329980106,583,0.052183126681031325,0.0005091355201741791,5.128173069632487e-08,1.0561894833493701e-05,-0.000289668370358973,0.00016407632968343724,8.474523353618556e-05,0,14,20000.0,20260910
Poisson,32,0.0921201931125893,0.103321577730101,0.5807470419968013,598,0.049918776647977524,0.00048753641093828747,5.679123156175658e-08,9.930412710792858e-06,-0.0002650110018088303,0.00015034720141949607,8.216690931836615e-05,0,13,20000.0,20260910
Poisson,33,0.09186777508999264,0.10355740616577369,0.596520374998363,613,0.04778373980229699,0.0004663896628650326,8.774115103986043e-08,9.313051195573851e-06,-0.00024310497139968948,0.00013825373312198382,7.947928403115435e-05,0,13,20000.0,20260910
Poisson,34,0.09163797619686859,0.10382553545204798,0.6124417920000269,628,0.04551966878776308,0.0003967178976888095,6.026375464469424e-08,8.74869978523984e-06,-0.0002210501933358956,0.00012619688079666756,7.694414479134458e-05,0,13,20000.0,20260910
Poisson,35,0.09142653528668289,0.10412028690301467,0.6282409999985248,643,0.04368084491201622,0.00038349566571701106,4.9938193257009376e-08,8.30701827167388e-06,-0.00020313389191905246,0.0001160400995743172,7.49819549719149e-05,0,13,20000.0,20260910
Poisson,36,0.09123056407069349,0.10443761444779365,0.6439407919970108,658,0.04202403191062896,0.00037274958528761586,5.4719672034419056e-08,7.84464873002762e-06,-0.00018812656725586673,0.0001076702530881181,7.283072365630703e-05,0,13,20000.0,20260910
Poisson,37,0.0910494839769064,0.10477453667327818,0.6611347919970285,675,0.040333027487364635,0.000362716322800796,4.1699062487471e-08,7.418587020672099e-06,-0.00017366150676708216,9.974243847226377e-05,7.073371153888474e-05,0,14,20000.0,20260910
Poisson,38,0.0908813202813614,0.10512812387485769,0.6774104579999403,691,0.03887641216709566,0.0003533254565616684,8.667672247134292e-08,7.0436370678331015e-06,-0.00016112005847495806,9.259492439571425e-05,6.888547280906913e-05,0,13,20000.0,20260910
Poisson,39,0.09072496315532642,0.10549524886144272,0.6939680420000514,707,0.03745147538653396,0.00034461035098997,4.5258327888665823e-08,6.704277257819652e-06,-0.00014965284877322348,8.622647560356202e-05,6.720301147618127e-05,0,13,20000.0,20260910
Poisson,40,0.0905785725952507,0.10587420835403161,0.7102517499988608,723,0.03623011865736905,0.000336166926354608,4.8502448632484614e-08,6.388465388097547e-06,-0.0001400020946917909,8.075948517936612e-05,6.558961727925996e-05,0,13,20000.0,20260910
Poisson,41,0.09044123546728461,0.10626334752469757,0.7260902499983786,738,0.03508073731439003,0.000327689516663899,6.084624271645958e-08,6.093973586035975e-06,-0.00013124315438247457,7.580422144003547e-05,6.405237251549563e-05,0,12,20000.0,20260910
Poisson,42,0.09031185164513199,0.10666092579368773,0.7424422499971115,754,0.034036640106872185,0.00031960437171717074,5.740128761205307e-08,5.819882691345181e-06,-0.00012356393945687079,7.145917866438356e-05,6.25904070168895e-05,0,13,20000.0,20260910
Poisson,43,0.09019040258773908,0.1070655935557817,0.759002832997794,770,0.0329522358874646,0.0003112031862662463,9.715876162026731e-08,5.556854423367997e-06,-0.00011589220296710003,6.715656489375007e-05,6.118720513543478e-05,0,13,20000.0,20260910
Poisson,44,0.09007589247771933,0.10747613353157422,0.7754157499985013,786,0.03199134144559263,0.00030313840439195135,4.231637319586747e-08,5.289748614249301e-06,-0.00010922036140774778,6.333781364533078e-05,5.966063816709242e-05,0,13,20000.0,20260910
Poisson,45,0.08996770466950721,0.10789058554226995,0.7918779579995316,802,0.031072418603271094,0.00029551831842300496,6.826214327026645e-08,5.053516562401113e-06,-0.00010313429164241152,5.9913048319272554e-05,5.829021591772639e-05,0,13,20000.0,20260910
Poisson,46,0.08986526560163305,0.1083066107386346,0.8074567080002453,817,0.030235009427751102,0.0002881522281438843,9.135648879729963e-08,4.842758985211197e-06,-9.759630889361876e-05,5.673127811935056e-05,5.703039666934653e-05,0,12,20000.0,20260910
Poisson,47,0.08976794240267447,0.1087251941277713,0.8238665829994716,833,0.02946505805057945,0.00028105973439613495,3.9936522088383185e-08,4.647757280438425e-06,-9.267544168347733e-05,5.391371666238126e-05,5.5847199600084815e-05,0,13,20000.0,20260910
Poisson,48,0.08967522903894175,0.10914576967495196,0.8394547919997422,848,0.028753252576592767,0.00027420188525506225,8.434740250426665e-08,4.468658393465412e-06,-8.824470533819595e-05,5.1375887046051835e-05,5.475743267065586e-05,0,12,20000.0,20260910
Poisson,49,0.08958674197661871,0.10956773144755057,0.8544946250003704,862,0.028084065501159317,0.00026757822105472783,9.663794898914058e-08,4.3008285805435295e-06,-8.418623374167623e-05,4.9051325569363476e-05,5.371757571924204e-05,0,11,20000.0,20260910
Poisson,50,0.08950229719029257,0.10999057988958842,0.8706904579994443,878,0.02741779451057657,0.00026110660176876995,4.4731683026641325e-08,4.13698820858644e-06,-8.030779811751316e-05,4.685801353493591e-05,5.269554704547946e-05,0,13,20000.0,20260910
Poisson,51,0.08942207051554762,0.11041389035687102,0.8856667500003823,892,0.026706449739645925,0.0002547200469791571,8.188228501661965e-08,3.970449101720695e-06,-7.62562256422095e-05,4.456495186013147e-05,5.160930545768279e-05,0,11,20000.0,20260910
Poisson,52,0.08934537469523308,0.11083723904035848,0.9012332499987679,907,0.02611871334353841,0.0002498090140274325,8.549224263080141e-08,3.828751342805536e-06,-7.286706897589107e-05,4.258646097844357e-05,5.067511548660945e-05,0,12,20000.0,20260910
Poisson,53,0.08927191092136431,0.1112602501463122,0.9160026669997023,921,0.025556600781121472,0.00024588787262336416,9.658702034366412e-08,3.6853423067996174e-06,-6.977843156041526e-05,4.080678169448952e-05,4.97172944711432e-05,0,11,20000.0,20260910
Poisson,54,0.08920156619077249,0.11168265190276257,0.9314373749984952,936,0.025000302491491544,0.00024220520447164996,9.259856981688616e-08,3.5502427269102276e-06,-6.679448786639118e-05,3.9093974358519195e-05,4.8805845239646e-05,0,11,20000.0,20260910
Poisson,55,0.08913403135222903,0.1121040632297183,0.9462317919969792,950,0.02449505317883292,0.00023869077259533063,7.854637826517686e-08,3.4310280754010283e-06,-6.410381046658191e-05,3.753445703177223e-05,4.798049920750381e-05,0,11,20000.0,20260910
Poisson,56,0.08906908242420677,0.11252425112918948,0.9616541249997681,965,0.02401954149407118,0.00023534431333181404,6.254223156422836e-08,3.317829143783552e-06,-6.163109887694538e-05,3.610200934298113e-05,4.7181912178933395e-05,0,12,20000.0,20260910
Poisson,57,0.08900652727782081,0.11294306200749908,0.9770098329972825,980,0.023568908831067,0.00023217676935776213,7.421945852798965e-08,3.213247218938347e-06,-5.9341899166061696e-05,3.478047321160731e-05,4.643450096795337e-05,0,12,20000.0,20260910
Poisson,58,0.08894652734981917,0.11336042054809817,0.9925776669988409,995,0.023072046691389122,0.00022921422680264892,6.887211643161618e-08,3.1086623473539673e-06,-5.6891265657074675e-05,3.3383961075156906e-05,4.569387262539149e-05,0,12,20000.0,20260910
Poisson,59,0.0888886472779321,0.11377611945642471,1.0080824169999687,1010,0.02265825961081372,0.00022640216858520778,6.148239771636854e-08,3.0156860826328047e-06,-5.486438580332336e-05,3.221023545752428e-05,4.500862063104807e-05,0,12,20000.0,20260910
Poisson,60,0.08883274334660385,0.11419002847013811,1.0234753749973606,1025,0.022264750929770313,0.00022371213781690442,5.224308195383618e-08,2.927379662315402e-06,-5.29765516690277e-05,3.1117974630011266e-05,4.434844017957113e-05,0,12,20000.0,20260910
Poisson,61,0.08877881945263282,0.11460195030023015,1.0381426249987271,1039,0.02185559907400073,0.00022112538102148202,9.959119842749362e-08,2.834681406242965e-06,-5.1089212558250974e-05,3.00405334268604e-05,4.363955329704474e-05,0,11,20000.0,20260910
Poisson,62,0.08872670280515761,0.11501180164260665,1.0528334579976217,1053,0.021489356690838828,0.00021864763879891327,9.855510589152196e-08,2.754452513370363e-06,-4.9362194964359435e-05,2.9027024925898305e-05,4.301845783857504e-05,0,11,20000.0,20260910
Poisson,63,0.0886762395783942,0.11541953550921041,1.0675712499978545,1067,0.021143019404233777,0.0002162398196909017,9.637189593171745e-08,2.678715059164437e-06,-4.77845117101514e-05,2.811186328702389e-05,4.242614703907595e-05,0,11,20000.0,20260910
Poisson,64,0.08862744307540049,0.11582505972565699,1.082266792000155,1081,0.02078058142024536,0.00021391371523250707,9.457581595493134e-08,2.5988089790278183e-06,-4.619769401219584e-05,2.720487478553364e-05,4.1779069336370786e-05,0,11,20000.0,20260910
Poisson,65,0.08858018261974755,0.11622829576742325,1.0968923330001417,1095,0.020454034039072342,0.00021166830246093608,9.04375321198359e-08,2.5294856049792353e-06,-4.473097004672929e-05,2.6342080229362846e-05,4.1215223483907627e-05,0,11,20000.0,20260910
Poisson,66,0.08853432870072594,0.1166292128531194,1.1115687079982308,1109,0.02014510770170954,0.0002094792233635079,8.811315647582068e-08,2.4636930333117507e-06,-4.339022599258319e-05,2.556265080593344e-05,4.0678551076539543e-05,0,11,20000.0,20260910
Poisson,67,0.08848980301916902,0.11702778725276962,1.1261219999978493,1123,0.019849089490816967,0.00020734494865739408,8.627834260829578e-08,2.4010501906369215e-06,-4.212463136584873e-05,2.4826363876202572e-05,4.016085948455502e-05,0,11,20000.0,20260910
Poisson,68,0.08844655385111982,0.11742403566609699,1.140892041999905,1137,0.0195583145314445,0.00020522041228105054,8.516458689080477e-08,2.3401775561905794e-06,-4.0908990490725574e-05,2.412278468364911e-05,3.9651326967913855e-05,0,11,20000.0,20260910
Poisson,69,0.0884045323436271,0.11781790528434646,1.155462249997072,1151,0.01927658301168918,0.00020308228846036108,8.189169677678889e-08,2.2828734657839955e-06,-3.973863402361883e-05,2.3442174862390515e-05,3.916412211132053e-05,0,11,20000.0,20260910
Poisson,70,0.08836365291804836,0.11820937422917438,1.1701964999992924,1165,0.019012073063923093,0.00020103935691793772,8.230895927420408e-08,2.228103598029306e-06,-3.865132198636288e-05,2.2806479469348964e-05,3.869118040044074e-05,0,11,20000.0,20260910
Poisson,71,0.08832384881076626,0.11859844525207522,1.1848329169988574,1179,0.01875862913240766,0.0001990660501727283,7.975361635894032e-08,2.1760191284895757e-06,-3.7628088156351366e-05,2.2209798935743592e-05,3.823941928625979e-05,0,11,20000.0,20260910
Poisson,72,0.08828519379635964,0.1189850888276471,1.1994981669995468,1193,0.0184697936625554,0.00019712612486727808,7.841741988484761e-08,2.121942043187778e-06,-3.653307236080189e-05,2.159835050974476e-05,3.778120408544896e-05,0,11,20000.0,20260910
Poisson,73,0.08824759969267872,0.1193692667007451,1.2141639170004055,1207,0.018221859500169916,0.00019527123676694818,7.54862221406089e-08,2.073425600349952e-06,-3.552067808018554e-05,2.099229549873023e-05,3.7354116466988535e-05,0,11,20000.0,20260910
Poisson,74,0.0882109778720326,0.11975095892799352,1.2287674170001992,1221,0.017977354289062004,0.0001935143387963572,4.1844036785042244e-08,2.026644888174133e-06,-3.459517575794452e-05,2.046255728439827e-05,3.693230824499357e-05,0,11,20000.0,20260910
Poisson,75,0.08817529925404786,0.12013016065997037,1.243506625000009,1235,0.017744839951707985,0.0001918201942150273,7.333378726704964e-08,1.9846323480424677e-06,-3.36939856387289e-05,1.9934650739143563e-05,3.654692806721616e-05,0,11,20000.0,20260910
Poisson,76,0.08814047743662944,0.12050693861382897,1.2581409999984317,1249,0.017528831570296412,0.00019013074310605195,7.257317490992117e-08,1.9421498667585433e-06,-3.2879667546891064e-05,1.9458820607437923e-05,3.615763448139134e-05,0,11,20000.0,20260910
Poisson,77,0.08810648233353759,0.12088124779184709,1.2729042499995558,1263,0.017317043666773974,0.00018820094568582267,6.812792826719561e-08,1.90205541182419e-06,-3.209304768535109e-05,1.900110302400167e-05,3.5788857250372674e-05,0,11,20000.0,20260910
Poisson,78,0.08807332645970403,0.12125308774143535,1.2875777079971158,1277,0.01709457538557747,0.0001863810303871141,5.559277891315975e-08,1.857531891486322e-06,-3.1298341938076226e-05,1.854464845289456e-05,3.5370709974240357e-05,0,11,20000.0,20260910
Poisson,79,0.08804097429810553,0.12162248285421116,1.3015997919974325,1290,0.016892414059317924,0.0001846448128734664,7.761463925519595e-08,1.817338488468161e-06,-3.0534823109324504e-05,1.8084478960925762e-05,3.498346165185793e-05,0,10,20000.0,20260910
Poisson,80,0.08800936577395184,0.12198940543293404,1.315636583000014,1303,0.016691878941357974,0.00018295028944408077,9.871460513310862e-08,1.777738481521315e-06,-2.983078567473617e-05,1.7677583024047592e-05,3.460356374550493e-05,0,10,20000.0,20260910
Poisson,81,0.08797850363242762,0.12235385827785009,1.3303819579996343,1317,0.016496839697264055,0.00018121649341263223,4.350572795265182e-08,1.7389815225858293e-06,-2.912316000700705e-05,1.7254855524354154e-05,3.422713328685286e-05,0,11,20000.0,20260910
Poisson,82,0.0879483047319025,0.1227158503465657,1.3444365420000395,1330,0.016317413129294817,0.00017950349647947924,8.302163483330785e-08,1.706042662262068e-06,-2.8492857859392674e-05,1.688600196351772e-05,3.3907631554005936e-05,0,10,20000.0,20260910
Poisson,83,0.08791873960830339,0.12307540821661479,1.3584586670003773,1343,0.01614437681148253,0.00017783530969540804,8.846956377186121e-08,1.6733197540081588e-06,-2.7891803843063623e-05,1.65330784675556e-05,3.358329991576346e-05,0,10,20000.0,20260910
Poisson,84,0.08788978200701979,0.12343256796427089,1.3725071249973553,1356,0.015976432177640193,0.00017620394432468897,9.135599450874315e-08,1.6415550018206343e-06,-2.7316046281760685e-05,1.6195282027265514e-05,3.3266023225824126e-05,0,10,20000.0,20260910
Poisson,85,0.08786143334735318,0.12378735225023609,1.3864295419989503,1369,0.015808073835118,0.00017462415024629415,8.66769196198572e-08,1.608159188564132e-06,-2.6740500477881856e-05,1.585389974778337e-05,3.2938090606593716e-05,0,10,20000.0,20260910
Poisson,86,0.08783364682327537,0.1241397929016379,1.4004194579974865,1382,0.01564906420515871,0.000173086759016528,9.111737486608906e-08,1.578867266200909e-06,-2.6207656810831348e-05,1.554186355295181e-05,3.264106494170659e-05,0,10,20000.0,20260910
Poisson,87,0.08780641571226283,0.12448987620335157,1.414503166997747,1395,0.015490810182509968,0.00017159728919109818,8.142595686515554e-08,1.5513969745155313e-06,-2.5679714038967377e-05,1.5232851007007333e-05,3.236446998506595e-05,0,10,20000.0,20260910
Poisson,88,0.08777970498580918,0.12483767367586918,1.428515666997555,1408,0.015340467473051393,0.0001701339529763894,8.100534217495958e-08,1.5238736199161018e-06,-2.518685283410262e-05,1.494422933905908e-05,3.20787288782902e-05,0,10,20000.0,20260910
Poisson,89,0.08775351686883752,0.12518326795477927,1.442694457997277,1421,0.015190230044699174,0.00016860378016418144,8.251619687044869e-08,1.496769727959407e-06,-2.4691347244348487e-05,1.4650962531120824e-05,3.1789023869157475e-05,0,10,20000.0,20260910
Poisson,90,0.08772780712908254,0.12552664026328408,1.456833958000061,1434,0.015050315357195124,0.0001672068677276903,7.694329786685087e-08,1.4714078984879804e-06,-2.4238331851639315e-05,1.4384140137427085e-05,3.1521386846308986e-05,0,10,20000.0,20260910
Poisson,91,0.08770255905481426,0.12586782825576762,1.470996791998914,1447,0.014914293290965615,0.00016584977431161334,6.881288734298898e-08,1.4462630827694809e-06,-2.3801811190623697e-05,1.4126267049830478e-05,3.125341276815218e-05,0,10,20000.0,20260910
Poisson,92,0.0876777529068771,0.12620686797636232,1.4850369169980695,1460,0.014782869118965796,0.00016451393884125577,7.236435159566946e-08,1.4225212987717138e-06,-2.3383626636101057e-05,1.3879486967741107e-05,3.0998407660662196e-05,0,10,20000.0,20260910
Poisson,93,0.08765338228002827,0.12654379544783917,1.4992210829987016,1473,0.014651387818604731,0.00016318044011321298,7.182799418922335e-08,1.3996820332082982e-06,-2.2970944818390268e-05,1.3637468598274555e-05,3.074998080790791e-05,0,10,20000.0,20260910
Poisson,94,0.08762942243665547,0.12687865521562397,1.5132199999970908,1486,0.014527365417293851,0.000161864003862976,7.087408063154822e-08,1.3775516609026095e-06,-2.258229171258086e-05,1.3407626074412955e-05,3.0507890984559618e-05,0,10,20000.0,20260910
Poisson,95,0.08760586046445905,0.12721149031584283,1.5272632499982137,1499,0.014406042247432726,0.0001605490797558846,7.000687007014354e-08,1.3556692251457115e-06,-2.2206302965608483e-05,1.3185269534685034e-05,3.0266490997943093e-05,0,10,20000.0,20260910
Poisson,96,0.08758267993764837,0.1275423246679049,1.541410874997382,1512,0.01428928843837234,0.00015926319155618734,5.4983863209649036e-08,1.3346527305260112e-06,-2.1845874079124355e-05,1.2971338606925988e-05,3.003340285787461e-05,0,10,20000.0,20260910
Poisson,97,0.08755987272531958,0.1278711775251784,1.5554483749983774,1525,0.014172343983232475,0.00015799335103078944,4.652291840525171e-08,1.3145873379138272e-06,-2.1492624988219794e-05,1.2764445629839838e-05,2.980858179089187e-05,0,10,20000.0,20260910
Poisson,98,0.08753742513749767,0.12819809328319254,1.56975862499894,1538,0.014060754234182245,0.00015674144700041233,4.2229100416288205e-08,1.2953306291096062e-06,-2.1152257193403036e-05,1.2562347340207334e-05,2.9590682994563554e-05,0,10,20000.0,20260910
Poisson,99,0.08751533567598284,0.12852314236478143,1.5840378749999218,1551,0.01394790736616939,0.0001555115377371514,4.218196391961022e-08,1.275119058528582e-06,-2.081434245861538e-05,1.236225552006715e-05,2.9368166298467636e-05,0,10,20000.0,20260910
Poisson,100,0.08749358034707486,0.12884633408389393,1.5981406249993597,1564,0.01384239670591178,0.00015430194104587444,3.9649127254055274e-08,1.2566150431232793e-06,-2.049871387028836e-05,1.2174731579790619e-05,2.915730845692966e-05,0,10,20000.0,20260910
SIRT,0,4.007173370980788,0.4096505000799158,0.0,0,0.0,0.08358558035033012,0.0,0.0,0.0,0.0,0.0,0,0,20000.0,20260911
SIRT,1,1.966260745669687,0.3819422436212734,0.0020386249998409767,1,1.8040395698490905,0.050320697219057485,nan,0.4167144602427622,-1.6241981650683375,1.8781846868320367,0.01732604583952807,0,1,20000.0,20260911
SIRT,2,1.3798659995260452,0.36876965303836734,0.003484833003312815,2,0.9711598493112827,0.039039526765476354,nan,0.09197789370829865,-0.49441685243534295,0.5392371734979262,0.007980871774168011,0,1,20000.0,20260911
SIRT,3,1.1479122851409806,0.3603385523865773,0.004915416000585537,3,0.5756831447469998,0.034150952424527106,nan,0.026428991252850035,-0.2055247231322155,0.21538316022777476,0.00422957382428383,0,1,20000.0,20260911
SIRT,4,1.027945393275721,0.3536944306318587,0.006341250002151355,4,0.37839609767457266,0.03126476877485306,nan,0.009151492585962354,-0.11081539927929684,0.11280771152849242,0.0024973467027652164,0,1,20000.0,20260911
SIRT,5,0.9524497605295493,0.3478678525575666,0.007805583001754712,5,0.27727225154596646,0.02913833988245839,nan,0.00377934651549281,-0.07171628623068124,0.07165163767230318,0.0016209521101260194,0,1,20000.0,20260911
SIRT,6,0.8969606204912012,0.3424998058330924,0.009241208001185441,6,0.22450679022364736,0.0275022812211147,nan,0.0017526898090211543,-0.053736450229327166,0.05296897509552191,0.0011137767886260763,0,1,20000.0,20260911
SIRT,7,0.8521267341364872,0.337442147890585,0.010665750000043772,7,0.19537758611138994,0.026152063750499163,nan,0.0009416609472593777,-0.04389222540745334,0.04292526629697829,0.00081754690458067,0,1,20000.0,20260911
SIRT,8,0.8133580230541567,0.3326247176602046,0.012093666002328973,8,0.17793940324963303,0.025034628940652927,nan,0.0005763314829474146,-0.038192379599379274,0.03718558952088871,0.0006381752777586495,0,1,20000.0,20260911
SIRT,9,0.778814410492972,0.32800970093450343,0.013511041001038393,9,0.1657853833613738,0.024070970094612808,nan,0.00039901684001471564,-0.034144595721169985,0.033169372894370885,0.0005271153936891241,0,1,20000.0,20260911
SIRT,10,0.74749251114143,0.3235724809710341,0.014924833001714433,10,0.1566085973384245,0.02322112598047357,nan,0.0002981642384259942,-0.031023735113114587,0.03009558671352651,0.0004530647634653375,0,1,20000.0,20260911
SIRT,11,0.7187711013992885,0.31929538656232376,0.016340333000698593,11,0.1488311605745291,0.022442557078707532,nan,0.00023205802566727036,-0.02848935171647087,0.027613874024243482,0.00039859817732140084,0,1,20000.0,20260911
SIRT,12,0.6923549394053893,0.3151642327276343,0.017751000003045192,12,0.1421396564103355,0.02171052582158857,nan,0.00018632889134581225,-0.026229833102558508,0.025405977897676766,0.0003561598883236686,0,1,20000.0,20260911
SIRT,13,0.6678464949427949,0.3111672899615066,0.019163375000061933,13,0.1363741216724037,0.02101760491933436,nan,0.0001523066217946703,-0.024356137840793556,0.02357854940949839,0.00032203782740072075,0,1,20000.0,20260911
SIRT,14,0.645018628283898,0.30729493854052076,0.020575875001668464,14,0.13106678814855913,0.0203640799198773,nan,0.00012526452741367655,-0.0227026021314849,0.02196894151111795,0.00029239037818430046,0,1,20000.0,20260911
SIRT,15,0.6237095482777855,0.3035386655198065,0.02200000000084401,15,0.1262802272643862,0.01973360662063955,nan,0.000103330901370067,-0.021205749104746745,0.020511745216215283,0.000265969470357904,0,1,20000.0,20260911
SIRT,16,0.6037377604874616,0.2998911128965908,0.023432291000062833,16,0.12189541547492715,0.019125523065217552,nan,8.775311409982034e-05,-0.019884034676220273,0.01922886317463357,0.0002461216899551249,0,1,20000.0,20260911
SIRT,17,0.5849850559654683,0.2963457437891372,0.024864166000043042,17,0.11787542052424815,0.01853630961272618,nan,7.530844280435187e-05,-0.01867739607918828,0.018057973783804873,0.00022860011821356684,0,1,20000.0,20260911
SIRT,18,0.5672649059065683,0.2928968451972596,0.026244791002682177,18,0.11424587258495496,0.01798053973995427,nan,6.486971975770381e-05,-0.017655280339146137,0.017067544088765152,0.0002133612610991053,0,1,20000.0,20260911
SIRT,19,0.5505072948689963,0.28953945048700747,0.027628040999843506,19,0.11084911193637113,0.01744761834786481,nan,5.611954464426337e-05,-0.016701491492922584,0.0161432347567179,0.00019908890681853187,0,1,20000.0,20260911
SIRT,20,0.534652322235016,0.2862690042621893,0.02902208300292841,20,0.10764739455484794,0.016931770291181807,nan,4.891888439407541e-05,-0.01580605374958661,0.015275574556257925,0.00018598081749211117,0,1,20000.0,20260911
SIRT,21,0.5196463903576,0.28308127718560344,0.030410208000830607,21,0.10463676035409611,0.01643242679513384,nan,4.292636583250021e-05,-0.014963005511586547,0.014458489296546029,0.00017441303722130362,0,1,20000.0,20260911
SIRT,22,0.5053764600509014,0.2799724315561348,0.0318181660004484,22,0.10188612350308027,0.015956842231791554,nan,3.799081727644881e-05,-0.014231939489416617,0.013750891198574295,0.00016499548951024202,0,1,20000.0,20260911
SIRT,23,0.49181841952877947,0.27693910427305984,0.033204416002263315,23,0.09916408922780251,0.015493448896747409,nan,3.392418997584156e-05,-0.013524116332152999,0.013066364692502972,0.0001562212300604437,0,1,20000.0,20260911
SIRT,24,0.4789114089257686,0.27397800246027876,0.03458691600098973,24,0.09667312161252269,0.01504847641642397,nan,3.055859047980536e-05,-0.012876452012525363,0.01243972598089538,0.00014885787326387992,0,1,20000.0,20260911
SIRT,25,0.46660370084342906,0.27108619107867565,0.03596879100223305,25,0.09427189097562699,0.014620733417640457,nan,2.7612456895576433e-05,-0.01228009562544799,0.011863348610933527,0.00014220492055231132,0,1,20000.0,20260911
SIRT,26,0.4548638664272071,0.26826091273369507,0.0373537910018058,26,0.09195765488556205,0.0142089032281107,nan,2.5126143100335275e-05,-0.011714708273117156,0.011317023901619344,0.0001361499656963775,0,1,20000.0,20260911
SIRT,27,0.44363996432330605,0.2654995491088671,0.038738041002943646,27,0.08981348638630617,0.01381408901442713,nan,2.2829931674411388e-05,-0.011201072172224904,0.010820578987057902,0.0001299646047137194,0,1,20000.0,20260911
SIRT,28,0.43290470639191436,0.2627997253061197,0.0401213330005703,28,0.08776900201212716,0.013432435824022104,nan,2.0725734704725422e-05,-0.010714532196685729,0.010350088045681445,0.00012415618305528674,0,1,20000.0,20260911
SIRT,29,0.4226118655555263,0.26015923463134877,0.04152975000033621,29,0.085842129362216,0.013065533188368063,nan,1.9029337619009983e-05,-0.010273811498771969,0.009924397277716069,0.00011940441569802403,0,1,20000.0,20260911
SIRT,30,0.4127686174339977,0.25757601274182634,0.04298183300124947,30,0.08392575394683216,0.012708384365514962,nan,1.7491761088047378e-05,-0.009825756360441435,0.009491071512751437,0.00011448136764891486,0,1,20000.0,20260911
SIRT,31,0.40332703021228034,0.2550480221067777,0.04436908299976494,31,0.08212906671490097,0.012363707186809146,nan,1.609151835990042e-05,-0.009425495703359692,0.009104328041744308,0.0001100875618494751,0,1,20000.0,20260911
SIRT,32,0.3942679531237778,0.2525734183748976,0.04576575000101002,32,0.08039326769708406,0.012030082311541778,nan,1.4889437631575041e-05,-0.009044187650869848,0.008735923213951759,0.00010640160643437445,0,1,20000.0,20260911
SIRT,33,0.3855699850761547,0.25015043676028714,0.04715675000261399,33,0.0787304432000139,0.011708679363416808,nan,1.3874484191830518e-05,-0.008684093563428022,0.008388043913299597,0.00010319688060897198,0,1,20000.0,20260911
SIRT,34,0.3772076217446043,0.24777741986370747,0.048538166000071215,34,0.07716264905229024,0.011459227326169654,nan,1.2987924892427414e-05,-0.008349375406662769,0.008064659611112036,0.00010017113756211545,0,1,20000.0,20260911
SIRT,35,0.3691521795248431,0.24545285234539643,0.049929958000575425,35,0.07566099018115321,0.011309693535420884,nan,1.21675376698847e-05,-0.008043274682087794,0.0077692129480016045,9.726317892162722e-05,0,1,20000.0,20260911
SIRT,36,0.36140150643408536,0.2431753070563001,0.05131558300126926,36,0.07415984870073122,0.011161395993824914,nan,1.1429019670076081e-05,-0.007739244071086628,0.007475688932791953,9.469369827981549e-05,0,1,20000.0,20260911
SIRT,37,0.35397723739267484,0.24094328996128897,0.05269850000331644,37,0.07258032741693039,0.011017481405043111,nan,1.0572557996975584e-05,-0.0074136964834216786,0.007160873845013084,9.081147393610338e-05,0,1,20000.0,20260911
SIRT,38,0.3468146363938413,0.23875526216679202,0.05408012500265613,38,0.07121559138517557,0.01087197878229473,nan,9.926770494206209e-06,-0.007152674228335379,0.00690901797601652,8.807410141225519e-05,0,1,20000.0,20260911
SIRT,39,0.33992947359153575,0.23660998175708634,0.055464666002080776,39,0.06981915257184898,0.010745394644904526,nan,9.275205216264717e-06,-0.006875887597088587,0.006641427099012999,8.515785946150225e-05,0,1,20000.0,20260911
SIRT,40,0.33330772925127766,0.23450610229492316,0.056845416002033744,40,0.06847854867379623,0.01062257816017098,nan,8.737222299649239e-06,-0.006613007117957405,0.00638727875883461,8.249550373290405e-05,0,1,20000.0,20260911
SIRT,41,0.32691818266394995,0.23244233533762723,0.05823291600245284,41,0.06723198229024457,0.010496128219403943,nan,8.213362634288474e-06,-0.006381333224697673,0.006163539615193922,7.97718722751312e-05,0,1,20000.0,20260911
SIRT,42,0.32074394622839086,0.2304175817004024,0.05964612500247313,42,0.06604812127322518,0.010366526887730132,nan,7.768857328514895e-06,-0.0061664675782303145,0.005956118719372955,7.764018270801791e-05,0,1,20000.0,20260911
SIRT,43,0.31477391432283014,0.22843082080097155,0.06103325000003679,43,0.06489418379798195,0.010235934837112961,nan,7.359344749445415e-06,-0.005962672560817062,0.005759469151020411,7.571439506711569e-05,0,1,20000.0,20260911
SIRT,44,0.30900578762740627,0.22648106907766893,0.06243950000134646,44,0.0637734099588139,0.01011086095714006,nan,6.9950372397711625e-06,-0.005761131658180756,0.005564774304535123,7.377668393326729e-05,0,1,20000.0,20260911
SIRT,45,0.30342721036772846,0.2245673691602051,0.0638245830014057,45,0.06262569485593407,0.009985199166949198,nan,6.656839961452501e-06,-0.005571920419712488,0.00538247837686838,7.206619463931828e-05,0,1,20000.0,20260911
SIRT,46,0.2980282337454656,0.22268877943001733,0.06521916600104305,46,0.0615820671985062,0.009859721643542886,nan,6.343610309720233e-06,-0.005392633011948772,0.005209359072240786,7.041559498675811e-05,0,1,20000.0,20260911
SIRT,47,0.29280425081810574,0.22084444708358683,0.06659775000298396,47,0.060567506561370645,0.009736722871773476,nan,6.008200516142119e-06,-0.005217974726850338,0.005040561784806788,6.852016159851857e-05,0,1,20000.0,20260911
SIRT,48,0.2877487637472151,0.2190335463615766,0.06798704100219766,48,0.05957765321593715,0.009615058367897611,nan,5.7481763521428395e-06,-0.005049738894532875,0.004878012232754729,6.7230569613702e-05,0,1,20000.0,20260911
SIRT,49,0.28285830459010847,0.21725526653590385,0.06936741600293317,49,0.0585872691257479,0.009494217419760665,nan,5.454110781160112e-06,-0.00488500504632768,0.004718835751925978,6.549307042326224e-05,0,1,20000.0,20260911
SIRT,50,0.27813756058654576,0.21550881328334393,0.07074791600098251,50,0.057620279021274264,0.009380198411086218,nan,5.210143900301372e-06,-0.0047155338596606335,0.00455473917583823,6.412385509627888e-05,0,1,20000.0,20260911
SIRT,51,0.2735594948943264,0.21379342556607492,0.07212833300218335,51,0.056717549867910125,0.009264604052826612,nan,4.983190319985142e-06,-0.004573082501898004,0.004417221669068414,6.269679953361287e-05,0,1,20000.0,20260911
SIRT,52,0.2691261611929146,0.21210839962111536,0.07351720800215844,52,0.05582579478632484,0.009150371080383597,nan,4.734708503604177e-06,-0.004428598992907491,0.004277507733235559,6.09869950695397e-05,0,1,20000.0,20260911
SIRT,53,0.2648242865567817,0.21045304816712418,0.07491275000211317,53,0.05497297636946528,0.009035494157313119,nan,4.545814352896514e-06,-0.004297328821780309,0.004150773229587018,5.9834700313906654e-05,0,1,20000.0,20260911
SIRT,54,0.26065306337770855,0.2088267189726755,0.0763272500007588,54,0.054128411702518774,0.008921034206059745,nan,4.348752994780236e-06,-0.004166874426084542,0.004024728931401278,5.848125012606266e-05,0,1,20000.0,20260911
SIRT,55,0.2566043103435636,0.207228763652406,0.07778937500188476,55,0.053316803598319105,0.008807211522675365,nan,4.176399286375697e-06,-0.004044576634851846,0.0039066189568478385,5.733290452178971e-05,0,1,20000.0,20260911
SIRT,56,0.25269528927723395,0.2056585474919771,0.07920362500226474,56,0.05241704495640954,0.008728580439536135,nan,3.944146247801486e-06,-0.0039050769200790277,0.0037716437362315634,5.521741105382313e-05,0,1,20000.0,20260911
SIRT,57,0.24891140118299596,0.2041153087396787,0.0805867910021334,57,0.05154990936306313,0.008651415277489324,nan,3.82850854320382e-06,-0.003780059585700323,0.0036510184364709902,5.431478449791204e-05,0,1,20000.0,20260911
SIRT,58,0.24523453430390688,0.20259842268741193,0.08201925000321353,58,0.05078680981371272,0.008570342642917554,nan,3.6788845844840463e-06,-0.003673187994501074,0.0035479018765363687,5.32595916349114e-05,0,1,20000.0,20260911
SIRT,59,0.2416631721194271,0.20110733040135184,0.08343233300183783,59,0.0500223685057431,0.008487000927012624,nan,3.5600470632867553e-06,-0.0035678021374174235,0.0034462503169335693,5.2433035967179245e-05,0,1,20000.0,20260911
SIRT,60,0.23819210258614568,0.19964149144656101,0.08484200000020792,60,0.049302574861582966,0.008402161152510827,nan,3.4522674164164047e-06,-0.003467617265869943,0.0033495323388823125,5.165028881420305e-05,0,1,20000.0,20260911
SIRT,61,0.23481905479486168,0.19820040329702307,0.08623166600227705,61,0.04859066989887818,0.008316629457356764,nan,3.3262747468310824e-06,-0.003369721516536863,0.0032549951312229133,5.0655872191701026e-05,0,1,20000.0,20260911
SIRT,62,0.23154529021986114,0.19678354115520805,0.08761470800163806,62,0.04788243493171763,0.00823130305770664,nan,3.2145006905942525e-06,-0.003270550074309362,0.003159128196251023,4.9719639254208334e-05,0,1,20000.0,20260911
SIRT,63,0.22836220668450097,0.19539038757770563,0.08900720800011186,63,0.04717574527759054,0.008145035647064574,nan,3.1035341322610722e-06,-0.003179980001229151,0.0030718059882353706,4.8896230392230515e-05,0,1,20000.0,20260911
SIRT,64,0.22527049693336826,0.19402044264672744,0.09038554100334295,64,0.0464965941842473,0.008059360694703517,nan,2.9928187190861066e-06,-0.0030887169324134364,0.002983613087595981,4.7937272966280816e-05,0,1,20000.0,20260911
SIRT,65,0.22226385227016626,0.19267322783553753,0.09178795800107764,65,0.04585510969620632,0.007973953319884614,nan,2.888645492596628e-06,-0.00300375601771064,0.0029015101089394403,4.7043652715334754e-05,0,1,20000.0,20260911
SIRT,66,0.2193399297336574,0.19134829245554544,0.09316670800035354,66,0.04522470597829481,0.00788829020619059,nan,2.791007845854251e-06,-0.0029211315286572187,0.0028216588349677,4.62122465724397e-05,0,1,20000.0,20260911
SIRT,67,0.21650237662386115,0.19004519952413723,0.09454841600017971,67,0.04458211719891862,0.007806303941594524,nan,2.6866971378147366e-06,-0.0028348664126602308,0.0027381748510993424,4.521475934272451e-05,0,1,20000.0,20260911
SIRT,68,0.2137426839077968,0.18876348616301022,0.09594325000216486,68,0.043975744407554064,0.007723946196534648,nan,2.6104845047796717e-06,-0.002757082231567852,0.0026629994112544286,4.467464721505626e-05,0,1,20000.0,20260911
SIRT,69,0.21105487182338883,0.18750272907430882,0.09733604100256343,69,0.04339260188522731,0.007643500398474418,nan,2.527425774045047e-06,-0.0026852846586320096,0.002593666189489473,4.391984679007319e-05,0,1,20000.0,20260911
SIRT,70,0.20843766255517066,0.1862625411505793,0.0987232910010789,70,0.04281249831300261,0.007563525643758858,nan,2.4412131052934173e-06,-0.0026147680551126184,0.0025255637676281366,4.312090534176634e-05,0,1,20000.0,20260911
SIRT,71,0.2058974351666812,0.18504252974316007,0.10011566600223887,71,0.04222191012560085,0.007493566000191255,nan,2.3365378028391226e-06,-0.0025378908506827292,0.0024510929037567532,4.193823615902408e-05,0,1,20000.0,20260911
SIRT,72,0.20342602802269458,0.18384228765363367,0.10151287500048056,72,0.04166916420374979,0.007425546330461129,nan,2.261395834535719e-06,-0.0024691457481521534,0.002384591181714656,4.1172695166234654e-05,0,1,20000.0,20260911
SIRT,73,0.20101585980279182,0.1826614470707219,0.10289829100292991,73,0.04113607702704693,0.007355931991697774,nan,2.1969373151632707e-06,-0.002407971282586721,0.002325559378243996,4.060331930625454e-05,0,1,20000.0,20260911
SIRT,74,0.19866684094415069,0.1814996629705713,0.10428295800011256,74,0.040606956215490736,0.007285958034405845,nan,2.1365180043878855e-06,-0.002346882340641772,0.0022665726139867995,4.0051025118293276e-05,0,1,20000.0,20260911
SIRT,75,0.196382347711235,0.18035658122239057,0.10568162500203471,75,0.04006555834236493,0.007216296435181609,nan,2.0874743147929072e-06,-0.002282405758598971,0.002204230784651413,3.9583691830003953e-05,0,1,20000.0,20260911
SIRT,76,0.19416055173445776,0.17923185479638376,0.1070583330001682,76,0.03952767382099715,0.00714963914351489,nan,2.0091547739333053e-06,-0.002219786822004941,0.002143674126892284,3.867250995376493e-05,0,1,20000.0,20260911
SIRT,77,0.19200008585311587,0.1781251283971096,0.10845016600069357,77,0.039019019341728294,0.00708476191994213,nan,1.946166933889563e-06,-0.0021585197144102057,0.00208434168782238,3.789769384875923e-05,0,1,20000.0,20260911
SIRT,78,0.18989103350185998,0.17703606402796632,0.10983691600267775,78,0.038536659568703585,0.007018081743259388,nan,1.8966038018701767e-06,-0.0021071557474522883,0.002034798644720178,3.742512379958337e-05,0,1,20000.0,20260911
SIRT,79,0.18783249494104653,0.17596435717565415,0.11121962500328664,79,0.03806264183938822,0.006950597632490266,nan,1.8446980261906277e-06,-0.002056693862781507,0.0019861003256237725,3.692506103133634e-05,0,1,20000.0,20260911
SIRT,80,0.1858244600789062,0.1749097103354495,0.11260804100311361,80,0.03759245484554578,0.0068920058279542395,nan,1.7893876901381299e-06,-0.0020062454744521362,0.0019373752290746033,3.640890453615281e-05,0,1,20000.0,20260911
SIRT,81,0.18386463501090117,0.17387182769509454,0.11398625000219909,81,0.0371365966633486,0.006872631826924759,nan,1.7483218979880484e-06,-0.0019580767461079055,0.0018908687274182326,3.6023848074506004e-05,0,1,20000.0,20260911
SIRT,82,0.1819510405949428,0.17285042190709138,0.11537854100242839,82,0.03669088879854338,0.0068533024740112525,nan,1.7049645288557568e-06,-0.0019118894514267794,0.0018462833499170157,3.5571700078088574e-05,0,1,20000.0,20260911
SIRT,83,0.1800833587861007,0.1718452165109737,0.11676104100115481,83,0.03624677525396981,0.00683432015755995,nan,1.6578525346777634e-06,-0.001866023956306715,0.0018019903730264967,3.5048336066516284e-05,0,1,20000.0,20260911
SIRT,84,0.17825992517281325,0.1708559345606998,0.11814404100005049,84,0.03580538632882442,0.006815581989181641,nan,1.6165178013664665e-06,-0.001821817095483989,0.0017593323287796434,3.4597610455299226e-05,0,1,20000.0,20260911
SIRT,85,0.17648158442444942,0.16988229690309142,0.11953270800222526,85,0.03534543769485207,0.00679720591328306,nan,1.5812010740873141e-06,-0.0017767595472867807,0.001715875750071799,3.421871569291228e-05,0,1,20000.0,20260911
SIRT,86,0.17474999623144297,0.16892401706666332,0.12092512500021257,86,0.03487959972749024,0.0067790750516942486,nan,1.5557612010130697e-06,-0.0017300324318107062,0.0016707588691489534,3.4089675429592713e-05,0,1,20000.0,20260911
SIRT,87,0.1730624011020844,0.16798081768919615,0.12231633300325484,87,0.034438700761828936,0.00676129337237887,nan,1.5252272750911695e-06,-0.0016860699020819056,0.0016282939238504257,3.383991889348357e-05,0,1,20000.0,20260911
SIRT,88,0.17141632435073662,0.1670524176497059,0.12370270800238359,88,0.03402610469286054,0.0067436673694830605,nan,1.493721376932698e-06,-0.0016445830299746571,0.0015881879613193106,3.350225645381392e-05,0,1,20000.0,20260911
SIRT,89,0.1698088650541371,0.16613856425919796,0.12508100000195554,89,0.03362475369074673,0.006726067477463981,nan,1.463659685089777e-06,-0.0016059956369114978,0.001550928093561359,3.3148596537353716e-05,0,1,20000.0,20260911
SIRT,90,0.1682377052752278,0.16523901576096064,0.12646912499985774,90,0.033229468758229096,0.006708423097730376,nan,1.437540458062642e-06,-0.001569722238449424,0.0015159498992115806,3.285808764339801e-05,0,1,20000.0,20260911
SIRT,91,0.16670219248935833,0.16435353182603074,0.12784616600038134,91,0.03284482927806732,0.006690863487436485,nan,1.4113884994899974e-06,-0.0015341013973685725,0.0014815736453542001,3.2525904215887344e-05,0,1,20000.0,20260911
SIRT,92,0.16520133792353878,0.16348187684100854,0.12922912500289385,92,0.03246967151936533,0.00667360878522712,nan,1.3793387529904215e-06,-0.0014994752270726206,0.0014481405873907796,3.215981912084399e-05,0,1,20000.0,20260911
SIRT,93,0.16373475830729406,0.16262382993944,0.13061479099997086,93,0.03210062365146694,0.006656796260521037,nan,1.3461375984200772e-06,-0.0014652334786448857,0.0014150571143040616,3.1758458331410696e-05,0,1,20000.0,20260911
SIRT,94,0.16230140780255312,0.16177917513632878,0.13199504099975456,94,0.03171720530451869,0.006639991246569579,nan,1.3121665958013628e-06,-0.0014320383381411143,0.001383051449124494,3.137389873022259e-05,0,1,20000.0,20260911
SIRT,95,0.1609008522211401,0.16094767526052955,0.13338437499987776,95,0.03135182455472106,0.006623253386608564,nan,1.2904899883959446e-06,-0.001399265091423596,0.001351408736267526,3.111418955853055e-05,0,1,20000.0,20260911
SIRT,96,0.1595309851772791,0.16012910539901723,0.13477995799985365,96,0.031004708557716816,0.006606678339303904,nan,1.2614652585081356e-06,-0.0013686055786028548,0.001321802446223547,3.073470655291655e-05,0,1,20000.0,20260911
SIRT,97,0.1581938425751518,0.1593232640785554,0.13615862500228104,97,0.03065283555842044,0.006590667937669126,nan,1.2243406158876826e-06,-0.001335918261518192,0.0012901627857387276,3.016684297342918e-05,0,1,20000.0,20260911
SIRT,98,0.15688891281848324,0.1585299322343172,0.1375422500022978,98,0.030279843424217,0.00657472082005635,nan,1.2015619628662063e-06,-0.0013037281947013096,0.0012590863107787887,2.9880276876986472e-05,0,1,20000.0,20260911
SIRT,99,0.1556117921834722,0.1577488771148641,0.13892124999983935,99,0.0299501823203575,0.006558674463081555,nan,1.1786656031924153e-06,-0.0012759419694093929,0.0012322699639599037,2.9582193287917463e-05,0,1,20000.0,20260911
SIRT,100,0.15436245822011957,0.15697990978209553,0.14032391600267147,100,0.029618151288098145,0.006542811798483605,nan,1.1588685404958559e-06,-0.0012481750948069895,0.0012054722190664056,2.933107582330182e-05,0,1,20000.0,20260911
LS,0,4.007173370980788,0.4096505000799158,0.0,0,0.0,0.08358558035033012,0.0,0.0,0.0,0.0,0.0,0,0,20000.0,20260911
LS,1,0.536409632311256,0.14403037625248408,0.29096874999959255,463,9.791113798708436,0.02802987812478701,7.556695203959416e-08,0.7130141682664898,-2.7577495704030457,-1.3225317322934047,0.020960421942795997,0,433,20000.0,20260911
LS,2,0.16383910833692522,0.13911156179774525,0.3894834169987007,615,1.5183760247988884,0.012228732838950056,8.504332847334672e-08,0.10209347164642764,-0.27047705232790287,0.2572972363401271,0.008188111490327851,0,141,20000.0,20260911
LS,3,0.10618866518019356,0.14011887237503706,0.4784726249999949,753,0.6858583714849523,0.005747467847729621,8.309343320302127e-08,0.017047075062318465,-0.040603368094410064,0.03413035786993212,0.003472954640199468,0,126,20000.0,20260911
LS,4,0.09367949798102428,0.14087987012807207,0.5598908749998373,878,0.4517927036715073,0.0030662073449353147,9.528409121933808e-08,0.004344197584186662,-0.008164969614988669,0.002303334844628758,0.001777701516203748,0,115,20000.0,20260911
LS,5,0.08905962047087455,0.14227196507436535,0.6437923329976911,1006,0.3611346558102164,0.0018687204071936748,9.55770499771724e-08,0.001858887774530146,-0.002760989735621316,-0.0019010344712084518,0.0011374064079383618,0,118,20000.0,20260911
LS,6,0.08658744554317048,0.14418800223574396,0.7228451249975478,1131,0.30048037370612835,0.0014953444133032864,7.373235901392631e-08,0.0010608620712393342,-0.0014113128564595193,-0.0020422478214246536,0.0008396870655293705,0,115,20000.0,20260911
LS,7,0.08504333655875528,0.14648976575926823,0.7973000419988239,1248,0.25900815453328324,0.001252563535778726,7.461510376802447e-08,0.0006780902204345057,-0.0008660187639839005,-0.0018101522213216526,0.0006646561500778586,0,110,20000.0,20260911
LS,8,0.0840128747029396,0.14907749571857193,0.8719397499990009,1368,0.22731638838458082,0.001055949401804436,7.957038968386078e-08,0.0004582707760884046,-0.000572191079722498,-0.0015531751655948008,0.0005457458353855695,0,108,20000.0,20260911
LS,9,0.08329534841896155,0.1517926453103121,0.9469427080002788,1485,0.20123685821066603,0.001007620026512972,9.353644937706086e-08,0.00032269759948272403,-0.0003948286844978894,-0.0013072873711469399,0.00045907634100750874,0,108,20000.0,20260911
LS,10,0.08277311506494973,0.15452984673508097,1.01861120799731,1597,0.18109974257936912,0.0010458639690345906,8.583227223090829e-08,0.0002367080155827337,-0.0002855253384304356,-0.0011176224841038713,0.00039474157223482186,0,104,20000.0,20260911
LS,11,0.08237753715770603,0.1572338746115432,1.0889067079988308,1705,0.16509632161523294,0.001069394024284784,7.340967935615695e-08,0.0001802303668394119,-0.00021534754039861804,-0.0009672618633003167,0.0003456448802845414,0,100,20000.0,20260911
LS,12,0.08207025020762748,0.15984030442507532,1.1608507499986445,1816,0.1513173545783757,0.0010834398149050229,6.772968103096946e-08,0.0001406525200575787,-0.00016663443002599247,-0.0008375601397513463,0.0003064938771359212,0,99,20000.0,20260911
LS,13,0.08182267274349221,0.16235357777601395,1.2290914579971286,1921,0.14097900367256325,0.0010942861049541926,9.962414615958586e-08,0.00011376145757498207,-0.0001338160065588544,-0.0007461765096901593,0.00027625163922163275,0,95,20000.0,20260911
LS,14,0.08161710048502566,0.16480875105096124,1.2997510419991158,2030,0.13221431005132317,0.0011013667318381815,9.0907079007215e-08,9.471231166058438e-05,-0.00011085994680485262,-0.0006684589306508159,0.0002523969894487284,0,99,20000.0,20260911
LS,15,0.08144261110321034,0.16717964512850164,1.3684167499995965,2135,0.1239347633814499,0.0011059127571152452,9.873258627420462e-08,8.023376970201022e-05,-9.425561211241684e-05,-0.0005935018969054834,0.0002326919043655272,0,97,20000.0,20260911
LS,16,0.08129262267322725,0.16944115806989277,1.4363802919979207,2240,0.11647617455554861,0.0011083613400421693,8.979764727300614e-08,6.882159148062234e-05,-8.116683850300004e-05,-0.0005283465319716371,0.00021578936269920992,0,95,20000.0,20260911
LS,17,0.08116191301874344,0.17162310556153706,1.5045742080001219,2345,0.11052176330576878,0.0011096168305636932,8.380680069709514e-08,6.007000503916311e-05,-7.063964944456929e-05,-0.00048004335372701186,0.00020175683798671974,0,97,20000.0,20260911
LS,18,0.08104598951432344,0.17374254767492062,1.5718827499986219,2447,0.1049729564101054,0.001109553741947911,8.947059154903014e-08,5.326209367407948e-05,-6.266141074409308e-05,-0.0004350425744538987,0.00019000111660858943,0,96,20000.0,20260911
LS,19,0.08094219668709814,0.17577723908243278,1.639047666998522,2551,0.0992858160392051,0.0011084947309086626,9.11009459258785e-08,4.747253553790427e-05,-5.632029168638159e-05,-0.00038909083610323637,0.00017964272792451975,0,93,20000.0,20260911
LS,20,0.08084847725577135,0.1777541589415582,1.705273916999431,2655,0.09458630980934991,0.0011065478480793616,9.974660466541509e-08,4.286876281599357e-05,-5.085066851707356e-05,-0.0003536090688407304,0.00017075417216151482,0,94,20000.0,20260911
LS,21,0.08076359740578026,0.17960911479511335,1.7682996669973363,2753,0.08973717555510395,0.0011037308417898542,8.957993218822408e-08,3.86568191489492e-05,-4.622303083898681e-05,-0.00031775818383928994,0.00016202476848665797,0,92,20000.0,20260911
LS,22,0.08068610842538006,0.18138811239806998,1.8311181249991932,2848,0.08577387730763289,0.0011014706018547303,9.543408202365864e-08,3.541922338727793e-05,-4.206975701066024e-05,-0.000290368921019037,0.0001551218802964405,0,90,20000.0,20260911
LS,23,0.08061462529029248,0.18308364970202953,1.8935112500003015,2943,0.08170397206928208,0.001098581319499896,9.502958936530672e-08,3.256013497269872e-05,-3.892300011759494e-05,-0.00026229381750732413,0.00014880695113530395,0,89,20000.0,20260911
LS,24,0.08054823234676217,0.18472723590217968,1.9542339170002379,3035,0.07857725262360714,0.0010961644397973864,8.124171225776889e-08,3.022255340500074e-05,-3.6170390128119975e-05,-0.0002423262879634009,0.00014341391926683489,0,87,20000.0,20260911
LS,25,0.08048628963440181,0.18633212971017024,2.0193917919968953,3136,0.07588308450216932,0.0010943627778228209,8.135604414348679e-08,2.8220863474158464e-05,-3.3721848883484554e-05,-0.000225969413317808,0.00013860610849170913,0,92,20000.0,20260911
LS,26,0.08042821717409296,0.1879057818515729,2.0804913749998377,3230,0.07344332467639474,0.0010924898300424877,8.378801092134289e-08,2.6445475874894135e-05,-3.162698443540756e-05,-0.00021162363666726375,0.00013419486079457597,0,86,20000.0,20260911
LS,27,0.08037375020547786,0.1894492342431421,2.141318791997037,3323,0.07119743674182356,0.001090647326748376,9.7861049317571e-08,2.4864862050497545e-05,-2.960210656198981e-05,-0.0001989867813152045,0.00013013334034855855,0,86,20000.0,20260911
LS,28,0.08032236090847174,0.19095442435943208,2.2058042919998115,3422,0.0690555811705147,0.0010892775561058847,8.106766244095316e-08,2.3432483487879143e-05,-2.795681352052163e-05,-0.00018704436753375032,0.0001263441903530587,0,91,20000.0,20260911
LS,29,0.08027405978424151,0.19240405113639925,2.2663321669970173,3516,0.06687221584858553,0.0010878750992688612,8.682854959643851e-08,2.2069498827356525e-05,-2.623162540659819e-05,-0.00017529353839476682,0.00012270291400778288,0,85,20000.0,20260911
LS,30,0.08022876657695859,0.19379128019603956,2.3271923329994024,3610,0.06419156485817942,0.0010870489611603986,7.983690566797659e-08,2.0741901236010052e-05,-2.4551306042864736e-05,-0.00016073464266416404,0.00011915231032126773,0,85,20000.0,20260911
LS,31,0.08018593193522175,0.1951254779666252,2.386876291999215,3702,0.061782532115356156,0.0010857932006051107,9.536602803127508e-08,1.9616062726691296e-05,-2.32185790118793e-05,-0.00014801942199241494,0.0001160301916163845,0,84,20000.0,20260911
LS,32,0.08014532462989767,0.19641996706752496,2.4453310829994734,3791,0.059876422481432934,0.0010844492425075385,9.937152111984043e-08,1.863104565818452e-05,-2.1976259666951154e-05,-0.00013865199313466885,0.00011319061130942271,0,82,20000.0,20260911
LS,33,0.08010671533318035,0.1976710789946188,2.5048812499990163,3882,0.05807669706938982,0.0010830476182648755,7.554054520146704e-08,1.773805113365342e-05,-2.0871245580051338e-05,-0.0001300358404071712,0.00011055181257592468,0,84,20000.0,20260911
LS,34,0.0800698125201306,0.19889205599468943,2.563173332997394,3972,0.056526592526696284,0.0010815312937758814,7.855043033095481e-08,1.6943498945383893e-05,-1.995931410557033e-05,-0.00012285997008419996,0.00010813232531644062,0,81,20000.0,20260911
LS,35,0.08003460410722504,0.20007788280741043,2.621265082998434,4061,0.05498004667425546,0.0010800184233261889,9.900927360529395e-08,1.6177052959726635e-05,-1.903135994949411e-05,-0.0001159318637096136,0.0001057856383966717,0,81,20000.0,20260911
LS,36,0.08000101404384095,0.20123979183742863,2.68063629199969,4152,0.053851020291478355,0.0010785783762559977,8.614731853418899e-08,1.5484117499662045e-05,-1.81059458833375e-05,-0.00011140655593757103,0.00010357281190404077,0,82,20000.0,20260911
LS,37,0.07996886533507679,0.20235886960876628,2.734996957999101,4236,0.05238605799554253,0.001076825004423265,9.671049241916865e-08,1.4784891935912126e-05,-1.7363816827395452e-05,-0.00010506624485144919,0.00010130433320013581,0,80,20000.0,20260911
LS,38,0.0799381688443181,0.20342039871666348,2.7923200419973,4327,0.05084386602357845,0.00107598886893287,9.62606099633976e-08,1.4092474906537498e-05,-1.660401585231685e-05,-9.855844485249935e-05,9.900493554051355e-05,0,82,20000.0,20260911
LS,39,0.07990877765591498,0.20445224365362918,2.8488775829973747,4416,0.04973055123284919,0.0010747091851459082,9.766454658848281e-08,1.3527009961961922e-05,-1.586417844097908e-05,-9.426519789302188e-05,9.706557057019392e-05,0,82,20000.0,20260911
LS,40,0.07988045833621493,0.20546398336063576,2.9023730419976346,4499,0.04875819037841348,0.0010732121446327928,9.803568627181552e-08,1.3034227375891686e-05,-1.528509233297047e-05,-9.054873674883757e-05,9.532842752063846e-05,0,79,20000.0,20260911
LS,41,0.07985311657318936,0.20645312713690755,2.9593784999997297,4590,0.04777793976819487,0.001073438033055105,8.975457312709738e-08,1.2570824599800529e-05,-1.4770938419077323e-05,-8.679481339908939e-05,9.365451613354622e-05,0,82,20000.0,20260911
LS,42,0.07982711395206855,0.20739505523945198,3.018057041997963,4684,0.046611274990454976,0.0010746586163709179,9.165138316094317e-08,1.2004250237299453e-05,-1.3998370884374984e-05,-8.262792669098592e-05,9.142905586509052e-05,0,84,20000.0,20260911
LS,43,0.07980204113522998,0.20830805368945723,3.0740935419999005,4773,0.04566365269944621,0.0010754493378972148,9.398476273303948e-08,1.156377864127312e-05,-1.3509038197070375e-05,-7.918564205421205e-05,8.976734129917617e-05,0,80,20000.0,20260911
LS,44,0.0797778343355619,0.2091955404082064,3.1287988330004737,4859,0.04482125585326333,0.0010760972456392184,8.357525878276423e-08,1.117482351375309e-05,-1.303197615216734e-05,-7.624044914510405e-05,8.827430940669101e-05,0,79,20000.0,20260911
LS,45,0.07975446402507312,0.21006686781650577,3.1834462079968944,4945,0.04413637057542612,0.0010765624610077707,8.206155317943644e-08,1.0822099994280682e-05,-1.2548210495214049e-05,-7.403064988978478e-05,8.691068247099991e-05,0,79,20000.0,20260911
LS,46,0.0797318363454267,0.2109256782278435,3.2372199579986045,5030,0.04349466341417734,0.0010769766712051085,9.949253003823464e-08,1.050536238253631e-05,-1.2122317261793438e-05,-7.19616076292091e-05,8.565526702305489e-05,0,77,20000.0,20260911
LS,47,0.07970985662402137,0.21177354344296376,3.2937745829985943,5121,0.04289267552403423,0.0010773402586628058,9.903367607855377e-08,1.0212150518500126e-05,-1.1767570885995492e-05,-7.00093592751746e-05,8.447324401608592e-05,0,80,20000.0,20260911
LS,48,0.07968846805036853,0.21261171520350255,3.3505273749979096,5211,0.04231424567295935,0.001077663969728903,8.715452316801147e-08,9.938619281410888e-06,-1.1449954374565743e-05,-6.813619569073331e-05,8.335436173082627e-05,0,82,20000.0,20260911
LS,49,0.0796676281326512,0.2134352203462083,3.4093992079979216,5306,0.041752511297346175,0.0010780047662893354,9.343397050031749e-08,9.678670304318754e-06,-1.1161247410192392e-05,-6.63236922644236e-05,8.228654357540344e-05,0,84,20000.0,20260911
LS,50,0.07964732129528092,0.2142476159914229,3.4654993749973073,5395,0.04127237157809817,0.0010783188610136905,8.930420262072665e-08,9.436613574622607e-06,-1.0870223797553815e-05,-6.486359541374834e-05,8.12794785396954e-05,0,81,20000.0,20260911
LS,51,0.07962751566670553,0.21505115414268539,3.521959749999951,5484,0.04074852992879154,0.001078636684584499,7.14734094102059e-08,9.209644087420035e-06,-1.0595984485177825e-05,-6.321650599249709e-05,8.031639156649834e-05,0,82,20000.0,20260911
LS,52,0.07960819979371875,0.21584689484584071,3.5754902499975287,5568,0.04021778115398142,0.0010790201738866932,9.382305713055447e-08,8.99189123048043e-06,-1.0323981754807181e-05,-6.155762306069121e-05,7.93678605292843e-05,0,76,20000.0,20260911
LS,53,0.079589327076756,0.2166325692490164,3.630230708000454,5655,0.03964162184514951,0.0010793338980149953,8.852691446650743e-08,8.777743049314729e-06,-1.0094973916783985e-05,-5.9700192162949454e-05,7.845434588064185e-05,0,78,20000.0,20260911
LS,54,0.07957092120671186,0.21740291872793868,3.684387332999904,5738,0.0391246864767531,0.0010796817244566287,8.566552720910439e-08,8.563566472621265e-06,-9.84230356915132e-06,-5.81311845510644e-05,7.755157615285535e-05,0,78,20000.0,20260911
LS,55,0.07955299685553514,0.21816062579300433,3.7424904580002476,5826,0.038654092286972364,0.0010800345238608567,9.160355867413504e-08,8.366183035426631e-06,-9.55816814178928e-06,-5.678259134977362e-05,7.670707410092029e-05,0,80,20000.0,20260911
LS,56,0.07953549880181206,0.21891029409480395,3.802366666997841,5917,0.03818297027447752,0.0010803155945840425,7.99922356810432e-08,8.184485071530714e-06,-9.313568653695867e-06,-5.539890722599549e-05,7.590563372612405e-05,0,83,20000.0,20260911
LS,57,0.07951841377241636,0.2196530456030092,3.857446916998015,6000,0.03775146496468867,0.0010806088355409186,9.899925688740787e-08,8.012253117801567e-06,-9.072776273127917e-06,-5.4173625953311575e-05,7.512968060218764e-05,0,76,20000.0,20260911
LS,58,0.07950173424386077,0.22038601404557698,3.914968291999685,6088,0.037283340085218726,0.0010809104159047562,9.922975194276112e-08,7.837669414374196e-06,-8.841859137478865e-06,-5.282284383991014e-05,7.432986839296124e-05,0,79,20000.0,20260911
LS,59,0.07948541680183614,0.2211109071977721,3.9738617499970132,6178,0.036922533592841075,0.0010811955124175627,8.338419783483193e-08,7.67727605195965e-06,-8.640165979989598e-06,-5.184623232109684e-05,7.35816837198159e-05,0,82,20000.0,20260911
LS,60,0.07946942368665227,0.22182785023696802,4.02945437499875,6262,0.03647654737340366,0.0010814894474223485,9.429581862128103e-08,7.518450614594569e-06,-8.474664568866518e-06,-5.0533810230339823e-05,7.281664861247616e-05,0,77,20000.0,20260911
LS,61,0.07945380745183979,0.2225105826577263,4.084746124997764,6345,0.03539055714652269,0.0010815482554979953,9.228376228627604e-08,7.2253457199686944e-06,-8.390889095371432e-06,-4.7008341944579444e-05,7.124318054712821e-05,0,77,20000.0,20260911
LS,62,0.07943866194073465,0.22318094160366075,4.140728667000076,6431,0.03477649233425934,0.001081786230639821,9.40361527068706e-08,7.045300111033942e-06,-8.100210993772611e-06,-4.532470984860144e-05,7.030492244129626e-05,0,76,20000.0,20260911
LS,63,0.0794239163040241,0.22384052215152608,4.196317541998724,6515,0.034375084187862906,0.0010822146295692342,8.575845536878089e-08,6.8878183658642175e-06,-7.857818349567413e-06,-4.433668393557728e-05,6.950044870422399e-05,0,78,20000.0,20260911
LS,64,0.07940960704459375,0.2244875433634912,4.252552624999225,6600,0.033823684935709586,0.001082673159965041,7.781109018056398e-08,6.707226402425928e-06,-7.602033024229015e-06,-4.2892823701165044e-05,6.861474577413924e-05,0,78,20000.0,20260911
LS,65,0.07939572011183942,0.2251246355513432,4.310313250000036,6688,0.03339120997850767,0.0010831035927748973,9.223888894597227e-08,6.545737745569366e-06,-7.341195007883848e-06,-4.1861712437102786e-05,6.781380826411063e-05,0,79,20000.0,20260911
LS,66,0.07938214543197884,0.22575590024351835,4.36309504199744,6767,0.0330155347292474,0.0010834574869892245,8.629015623469279e-08,6.403071163753197e-06,-7.1716086968332825e-06,-4.092659681233413e-05,6.708652910028128e-05,0,73,20000.0,20260911
LS,67,0.07936885491958526,0.2263824956935107,4.41587108299791,6845,0.03267964391830296,0.0010839060473045842,7.885989599493681e-08,6.27654772859403e-06,-7.013964662634532e-06,-4.010744393776876e-05,6.64336712158115e-05,0,72,20000.0,20260911
LS,68,0.07935583865788749,0.22700413281237616,4.471109082998737,6928,0.03235790463130722,0.0010846433106172382,9.837460122807643e-08,6.153198762863905e-06,-6.863062936195858e-06,-3.933543790867341e-05,6.579202998156112e-05,0,74,20000.0,20260911
LS,69,0.0793430905092396,0.22762109783662815,4.524369167000259,7007,0.03200539538943082,0.0010860018102479777,9.700861866674006e-08,6.033578620453571e-06,-6.714570026160051e-06,-3.846911805379745e-05,6.515876031692357e-05,0,72,20000.0,20260911
LS,70,0.0793305623070903,0.228234154119565,4.577790874998755,7087,0.03169174632375273,0.0010861099123940332,9.888813092866386e-08,5.925331746066919e-06,-6.602870404538458e-06,-3.7690137103159677e-05,6.458171216253748e-05,0,71,20000.0,20260911
LS,71,0.07931828453580957,0.22884351655084173,4.633464667000226,7171,0.031393084583796506,0.001086111680484574,8.77806431516446e-08,5.817043856062557e-06,-6.460727426949011e-06,-3.6998516703531395e-05,6.399817968778473e-05,0,75,20000.0,20260911
LS,72,0.07930626901859078,0.2294438455579642,4.687431457998173,7250,0.030921715900295934,0.0010862280153277467,9.954368223902754e-08,5.703846908799684e-06,-6.311670308820083e-06,-3.579210849214492e-05,6.338954337445894e-05,0,74,20000.0,20260911
LS,73,0.07929451926942772,0.23003401706862137,4.743160332996922,7333,0.030443008866137773,0.0010863291269144668,8.252624871763845e-08,5.586849617072554e-06,-6.16289955001849e-06,-3.458909027813078e-05,6.276236942270648e-05,0,75,20000.0,20260911
LS,74,0.07928307602973603,0.23061530510249936,4.7968333329990855,7412,0.03005375406062137,0.0010864588584862918,8.227904170026086e-08,5.4696393681557446e-06,-5.973600322392386e-06,-3.371816696511886e-05,6.212503745518678e-05,0,73,20000.0,20260911
LS,75,0.07927189371751293,0.23117799212047876,4.8496457080000255,7491,0.02956141682267823,0.001086711607332392,9.528164422549115e-08,5.340611821760518e-06,-5.841700401688533e-06,-3.251155600511311e-05,6.144853014486823e-05,0,71,20000.0,20260911
LS,76,0.07926088374403457,0.23173413275886237,4.904122249998181,7573,0.029222065170172982,0.0010868874553992703,9.742817785821017e-08,5.235602885922792e-06,-5.7743705878376295e-06,-3.16864811621321e-05,6.088384516465806e-05,0,73,20000.0,20260911
LS,77,0.07925005029471946,0.23228497733050177,4.9555694999980915,7649,0.028863539435961556,0.0010869961094843214,9.699196759993863e-08,5.133468426218229e-06,-5.699980893637806e-06,-3.082174612345075e-05,6.032062431953749e-05,0,70,20000.0,20260911
LS,78,0.07923941093663357,0.23283113654190182,5.012388416998874,7735,0.028555529683940498,0.0010870961775524914,6.885196476451436e-08,5.04253310260893e-06,-5.5968249833824075e-06,-3.013155569063323e-05,5.981593782935191e-05,0,77,20000.0,20260911
LS,79,0.0792289532112505,0.23337379246179654,5.065587749999395,7815,0.028254160154585376,0.0010871752959126732,7.544831932832374e-08,4.9540336851677985e-06,-5.503691696057024e-06,-2.9457152918969567e-05,5.93128467039271e-05,0,75,20000.0,20260911
LS,80,0.07921867685611221,0.23391001862572616,5.117348374998983,7895,0.027900667060787396,0.0010872504259575267,8.633130367329097e-08,4.85834745564446e-06,-5.418007672954718e-06,-2.8646005983561943e-05,5.878644343522013e-05,0,74,20000.0,20260911
LS,81,0.07920860510498297,0.23443768263195816,5.167410999998538,7972,0.027473983069240076,0.001087268181009239,9.009512606201664e-08,4.752978053129713e-06,-5.318773087700576e-06,-2.7669236155201997e-05,5.819667526676937e-05,0,70,20000.0,20260911
LS,82,0.07919873470973252,0.23495834669534316,5.215402916997846,8045,0.027115318552270867,0.0010873296863744453,9.990267631928336e-08,4.659089736753552e-06,-5.211305513046029e-06,-2.6891629759103715e-05,5.766161226261166e-05,0,68,20000.0,20260911
LS,83,0.07918903333034022,0.2354763134345968,5.265409042000101,8122,0.026868793927831078,0.0010874467484074126,7.974544120210816e-08,4.580341832614383e-06,-5.121037553254735e-06,-2.6395224964516403e-05,5.720476746684231e-05,0,71,20000.0,20260911
LS,84,0.07917951524446003,0.23598940598374896,5.3160042079980485,8201,0.026592207492598868,0.0010875176253233461,7.437563577497607e-08,4.4910334908874695e-06,-5.027052392082959e-06,-2.5839189086279696e-05,5.666645104884793e-05,0,72,20000.0,20260911
LS,85,0.07917017612599014,0.23649711777773286,5.366659832998266,8280,0.026375535264903226,0.0010876102139273636,8.138589562366434e-08,4.40720665829323e-06,-4.931911819456729e-06,-2.5444324555623908e-05,5.615644030014234e-05,0,72,20000.0,20260911
LS,86,0.07916106332435065,0.23699854016207772,5.415638124999532,8356,0.025996960197499877,0.0010876663609702723,7.894851740046923e-08,4.30769423227841e-06,-4.805107406890556e-06,-2.467929533602318e-05,5.5528681541741765e-05,0,70,20000.0,20260911
LS,87,0.07915223438940307,0.23748807021459958,5.465216624997993,8433,0.02558980278376668,0.001087647799177886,9.596726544688037e-08,4.187469428630695e-06,-4.641465520359736e-06,-2.3912965378023564e-05,5.475390730822183e-05,0,69,20000.0,20260911
LS,88,0.07914354083372967,0.23797376777600623,5.512580582999362,8506,0.025239125819433127,0.001087915760526708,9.897134974725576e-08,4.1050229385007986e-06,-4.5885327300601835e-06,-2.315711793305855e-05,5.4234675118159195e-05,0,67,20000.0,20260911
LS,89,0.07913498248117787,0.23845647829763963,5.560936041998502,8581,0.02497138912519305,0.001088220277150154,8.689873757301051e-08,4.0300151074476334e-06,-4.528337444412037e-06,-2.2620161190291444e-05,5.375656193864763e-05,0,68,20000.0,20260911
LS,90,0.07912656329039018,0.23893623061349298,5.610029832998407,8657,0.02473625482108671,0.0010885027268554663,8.429579274603698e-08,3.9612321225740526e-06,-4.457958662517211e-06,-2.2174924340999956e-05,5.331180230532662e-05,0,70,20000.0,20260911
LS,91,0.07911830815807172,0.2394136306945061,5.659155792000092,8733,0.024508000380970882,0.0010888025340323822,6.968022009113531e-08,3.8957153154952995e-06,-4.359417006855207e-06,-2.1776971815223024e-05,5.288610447261413e-05,0,70,20000.0,20260911
LS,92,0.07911017054104977,0.23988699185469647,5.710621250000258,8814,0.024269731130092405,0.0010890189338362403,9.278187091374278e-08,3.82936099542376e-06,-4.3082560193322035e-06,-2.1313375434396117e-05,5.24514601511274e-05,0,72,20000.0,20260911
LS,93,0.07910217285819075,0.24035520257924298,5.760096291996888,8891,0.02402877793730866,0.0010891774283168932,8.660537124328168e-08,3.7641993006794736e-06,-4.233483562716573e-06,-2.0871425599009537e-05,5.202097210149455e-05,0,70,20000.0,20260911
LS,94,0.07909435079208495,0.24081834774883482,5.807865999999194,8965,0.023798973953637097,0.0010893538987150455,9.51526510461977e-08,3.7049267865769695e-06,-4.117139323224568e-06,-2.0497491956488917e-05,5.1623460060247206e-05,0,67,20000.0,20260911
LS,95,0.07908662525140772,0.2412784002658569,5.857373582999571,9042,0.02356924668071498,0.0010895529967275528,9.849544448989379e-08,3.6479139850825362e-06,-4.0776266897192295e-06,-2.0049928777594395e-05,5.12354991257662e-05,0,70,20000.0,20260911
LS,96,0.07907900652494775,0.24173460855229548,5.907355374998588,9120,0.023350631492409967,0.0010897714227777078,9.434851170560303e-08,3.5935816393486737e-06,-4.025144825327137e-06,-1.9643873094739994e-05,5.086833378319281e-05,0,71,20000.0,20260911
LS,97,0.07907150984238154,0.24218759347586535,5.955381083000248,9194,0.023145233313661567,0.0010900306529298051,9.471456332202655e-08,3.5408859494957595e-06,-3.955796614130316e-06,-1.928840869098385e-05,5.0510199250574735e-05,0,68,20000.0,20260911
LS,98,0.07906424357491867,0.24263613685139285,6.0053331249982875,9272,0.023015144858419313,0.0010902128753852401,9.286173846528734e-08,3.462595788713295e-06,-3.8036716804406387e-06,-1.9218577179838064e-05,4.991765959984146e-05,0,71,20000.0,20260911
LS,99,0.0790570703223395,0.2430820850264113,6.053744749999169,9346,0.022857870896494215,0.0010904388666687077,9.958488327551082e-08,3.403760812209651e-06,-3.769491757366587e-06,-1.8950860516860862e-05,4.948271974425428e-05,0,69,20000.0,20260911
LS,100,0.07905000274597596,0.2435264117046295,6.101898832999723,9419,0.022697294029368487,0.0010907138329966904,8.646572354116489e-08,3.3505829813271865e-06,-3.7169933825282844e-06,-1.8690781449240602e-05,4.909295760435291e-05,0,69,20000.0,20260911
WLS,0,4.007173370980788,0.4096505000799158,0.0,0,0.0,0.08358558035033012,0.0,0.0,0.0,0.0,0.0,0,0,20000.0,20260911
WLS,1,0.5205672984787674,0.13330806670902975,0.3031176670010609,501,9.68831739233291,0.031933137195840705,9.241463366600937e-08,0.7259462023480638,-2.760659870153956,-1.2065686222269982,0.02119001195727898,0,470,20000.0,20260911
WLS,2,0.1585639019336286,0.12647532204985032,0.4271213339998212,701,1.455293505552471,0.012635289982821925,9.849406786349949e-08,0.0991631631989523,-0.2628402333461854,0.2561094371799788,0.008052553636880594,0,191,20000.0,20260911
WLS,3,0.10331971078088595,0.12852993102759686,0.5328117499993823,871,0.6536267371218991,0.005759340565222301,9.952978824291418e-08,0.016265389110462155,-0.038978802042287465,0.03388279557871164,0.003380125609233043,0,162,20000.0,20260911
WLS,4,0.0917410075262144,0.13095898127262243,0.6311213750013849,1030,0.42351248407751185,0.003036874885777581,9.005195266967378e-08,0.0039989771863160415,-0.007579726068352164,0.0026105620461963075,0.001705796828439411,0,150,20000.0,20260911
WLS,5,0.08763216350902625,0.1337282221849183,0.7205332090015872,1175,0.33590965721500715,0.0018577075898188466,9.998960274053221e-08,0.0016577404502179313,-0.002451103566970361,-0.0015329208733270263,0.0010766114737135713,0,134,20000.0,20260911
WLS,6,0.08545182522036071,0.13681110720432396,0.8153715839980578,1330,0.2844148586145606,0.001269549304175597,8.533317092814924e-08,0.000944613906794329,-0.0012357243818703677,-0.0018642523013714862,0.0007930907374121288,0,142,20000.0,20260911
WLS,7,0.08407948138727263,0.14014044877285478,0.9056441669999913,1476,0.2469041997456672,0.0010444133821965213,8.397652457621746e-08,0.0006099741490394633,-0.0007623696840498311,-0.0016757403595143339,0.0006298229374596246,0,137,20000.0,20260911
WLS,8,0.0831530146394192,0.14359484673472328,0.9917531249993772,1613,0.21832282231098313,0.0008608186673587929,9.470122142346696e-08,0.00041743980472977996,-0.0005090269431246056,-0.001456775989238223,0.0005195814782613299,0,132,20000.0,20260911
WLS,9,0.082500135146289,0.14699754466923348,1.0733533339989663,1743,0.19461597401185127,0.000712995748597447,8.9451279947457e-08,0.0002973900079121139,-0.0003554894852214615,-0.00124088937389888,0.00043921530903476643,0,122,20000.0,20260911
WLS,10,0.08202069733607797,0.15035755854209887,1.1530049590001,1870,0.1768252254782965,0.0005936251010648653,8.357132171257555e-08,0.00022080459353005755,-0.00025863321668225604,-0.0010839202080614972,0.0003793252484867441,0,121,20000.0,20260911
WLS,11,0.08165567561652112,0.1536276109913768,1.228118209000968,1991,0.16198816883035919,0.0004969184207179871,9.600813815161342e-08,0.00016963185097162618,-0.00019538986858739897,-0.000946986622493796,0.0003333492355742461,0,111,20000.0,20260911
WLS,12,0.08136842824537656,0.15677321595214763,1.3046929170013755,2113,0.15011810855905947,0.00041886169773417114,8.339109291849637e-08,0.00013478473159538078,-0.00015246263954689425,-0.0008395249547229144,0.00029782819182671107,0,114,20000.0,20260911
WLS,13,0.08113485283238167,0.1598087656890883,1.3833278339989192,2240,0.14042456468332398,0.00035521082642120654,7.511911072809467e-08,0.00011055916723866027,-0.0001230162457576202,-0.000752377505330164,0.00027007086642814296,0,118,20000.0,20260911
WLS,14,0.08094072157651479,0.16271442210222514,1.456915583999944,2357,0.13159436699768595,0.0003028206347294131,7.131676432152936e-08,9.239358389038153e-05,-0.00010173767197421026,-0.0006717226154091994,0.000247166083640751,0,111,20000.0,20260911
WLS,15,0.08077631779344412,0.1654702046524393,1.5295525420006015,2472,0.12367864962792738,0.0002589897203106106,9.55989316499837e-08,7.862271408634606e-05,-8.578106898480093e-05,-0.0006004166356187099,0.0002283750777938742,0,110,20000.0,20260911
WLS,16,0.08063524116427612,0.16805191978015152,1.6021220420007012,2586,0.1160895972282885,0.00022374926745612176,7.21789106326285e-08,6.772305224807853e-05,-7.33535769240812e-05,-0.0005327631000633131,0.00021239539846948645,0,108,20000.0,20260911
WLS,17,0.08051224836227922,0.17051236575575832,1.671840750001138,2693,0.10932193235781784,0.00019452364502537976,9.508191244057589e-08,5.92653088059117e-05,-6.372749319032691e-05,-0.0004745714427254632,0.00019900000305862734,0,99,20000.0,20260911
WLS,18,0.08040381492610572,0.17285470088118696,1.7453372919990215,2806,0.10360834358036447,0.00017644704965877865,9.880185569785248e-08,5.248078649813388e-05,-5.5952649677171926e-05,-0.00042830100679985134,0.00018751156703544254,0,106,20000.0,20260911
WLS,19,0.08030677160417385,0.17511550635618167,1.8233902499996475,2929,0.09884984618280111,0.0001663613786472497,8.117341134002171e-08,4.713214206032876e-05,-4.9911179874514606e-05,-0.00039152128258629695,0.00017778220371776472,0,110,20000.0,20260911
WLS,20,0.08021906186342793,0.1773001191321977,1.8963951250007085,3042,0.0945031077476145,0.0001579185466751979,9.843191727829238e-08,4.2729271113297865e-05,-4.498046962499466e-05,-0.0003588321279519475,0.00016927938123144327,0,105,20000.0,20260911
WLS,21,0.08013904097704458,0.1794125528552444,1.9675536670001748,3151,0.09050968743793301,0.00015072523401345883,9.993396085052115e-08,3.906656854603319e-05,-4.0954317836635775e-05,-0.00032957928962226084,0.00016191590440382535,0,102,20000.0,20260911
WLS,22,0.08006548502849344,0.1814605281703615,2.0397174169993377,3262,0.0871008562595686,0.0001446733092752369,9.502895470506704e-08,3.5999096663694395e-05,-3.755685189305872e-05,-0.00030577200950635816,0.00015546398057122193,0,104,20000.0,20260911
WLS,23,0.07999752968180623,0.18343530896784377,2.114707249998901,3378,0.08378720568000107,0.00013961021175341138,9.5655164419735e-08,3.32705308502254e-05,-3.4684815832705586e-05,-0.00028305944509593895,0.0001494297833119598,0,108,20000.0,20260911
WLS,24,0.07993483526078587,0.18530915686934524,2.1873844590008957,3490,0.08066495828424956,0.0001356037980509776,8.63824987964736e-08,3.074364243117473e-05,-3.1950778586896775e-05,-0.00026264735372962667,0.00014374394072860677,0,105,20000.0,20260911
WLS,25,0.07987641384809714,0.18711412160095192,2.2610586250011693,3604,0.07784656823579723,0.0001317868614536902,7.805864125057474e-08,2.8711604085596676e-05,-2.9709808608586718e-05,-0.00024458299661579843,0.00013898484953083526,0,106,20000.0,20260911
WLS,26,0.07982164518012885,0.1888733156422589,2.329600000000937,3709,0.07537080768413974,0.00012826935739801507,8.893936341539832e-08,2.694624146319561e-05,-2.7822426500604564e-05,-0.00022926926457969045,0.00013467534952180596,0,99,20000.0,20260911
WLS,27,0.0797701205334602,0.19058710356429162,2.4036283749992435,3824,0.07300261344430907,0.00012497530124560367,7.416652979651657e-08,2.5382486552413497e-05,-2.614216011829977e-05,-0.00021494443181631432,0.00013072367291115276,0,106,20000.0,20260911
WLS,28,0.07972141436887847,0.19225909505622393,2.474344916998234,3932,0.07093270079451561,0.00012195018266371628,7.901620321446077e-08,2.401932502935137e-05,-2.468683954730555e-05,-0.00020286623751848107,0.0001271800285243659,0,102,20000.0,20260911
WLS,29,0.07967540771053024,0.19385474224230392,2.542550709000352,4035,0.06812709508961798,0.00011931722056901171,9.661017938484781e-08,2.2653461703382898e-05,-2.3353196647671787e-05,-0.00018605839591925426,0.0001236468317159598,0,98,20000.0,20260911
WLS,30,0.07963197005170564,0.19537763707410646,2.608862124998268,4136,0.06554157628577457,0.00011679198974434494,8.614803723248847e-08,2.1424716157451718e-05,-2.2012942661373234e-05,-0.00017134725227660106,0.00012038739142070445,0,95,20000.0,20260911
WLS,31,0.07959067861251762,0.19685120021069188,2.673299958998541,4234,0.06361501452132261,0.00011439253341606188,9.732911401087982e-08,2.0382415644981838e-05,-2.090902354570484e-05,-0.0001610520644393862,0.00011750366649359059,0,91,20000.0,20260911
WLS,32,0.07955135542479853,0.19827032555622212,2.7369796669991047,4330,0.06184397348939315,0.00011214595548564012,9.602718146941917e-08,1.9425824764144358e-05,-1.9897362959132272e-05,-0.00015191066512875397,0.00011479170148289477,0,90,20000.0,20260911
WLS,33,0.07951393790642691,0.1996243161972072,2.7969185420006397,4419,0.059842232561313505,0.00011010956727418806,9.449870451320001e-08,1.8479910473831074e-05,-1.8937607893053276e-05,-0.0001416371215244952,0.00011205823278104921,0,86,20000.0,20260911
WLS,34,0.07947817470942206,0.20094149109059917,2.8564500419997785,4508,0.058387292647312114,0.00010809727427174471,9.864566301841798e-08,1.76903947872013e-05,-1.80728022219265e-05,-0.0001346906001292923,0.00010969195587528381,0,85,20000.0,20260911
WLS,35,0.07944429190023257,0.2021869421194149,2.922309083998698,4608,0.05657456764828449,0.00010520548972941214,9.03445446714796e-08,1.6714161460042496e-05,-1.7168647731110402e-05,-0.00012615127604002376,0.0001065432400206783,0,93,20000.0,20260911
WLS,36,0.07941201530753818,0.2033782995224399,2.98449249999976,4702,0.05500806860866517,0.00010245315291853439,9.505022730634243e-08,1.5953932288342843e-05,-1.632266040659854e-05,-0.0001190177879083894,0.00010409007738701421,0,88,20000.0,20260911
WLS,37,0.07938115284848397,0.20451931510973698,3.0445630840004014,4792,0.05364207881707372,0.00010014292780402772,9.473956495447752e-08,1.5270813274342156e-05,-1.5591645772476292e-05,-0.00011301117193665352,0.00010185941120619781,0,85,20000.0,20260911
WLS,38,0.07935149290656313,0.20563179621560493,3.1062593339993327,4885,0.052486353957086444,9.817973862811692e-05,9.721980579579988e-08,1.468612380607695e-05,-1.4973818118163371e-05,-0.00010808092566457999,9.992854791993437e-05,0,88,20000.0,20260911
WLS,39,0.0793229382287931,0.20671736661499357,3.166920958999981,4975,0.051339194122711526,9.640975214478151e-05,9.344869874294743e-08,1.4140080833876817e-05,-1.4414596938146513e-05,-0.00010323096488845215,9.811944245769856e-05,0,86,20000.0,20260911
WLS,40,0.07929544468589309,0.20777197735566008,3.227641917001165,5068,0.05032614810626703,9.478555678035611e-05,8.414228796991533e-08,1.3616774191063086e-05,-1.3876768711744259e-05,-9.91425162606762e-05,9.638373790328042e-05,0,84,20000.0,20260911
WLS,41,0.07926908322699114,0.20877778468000865,3.287203125000815,5157,0.04916482671202625,9.324032193941678e-05,7.227978073264107e-08,1.3055518528465653e-05,-1.3305940370983326e-05,-9.449755037923176e-05,9.447186587189108e-05,0,84,20000.0,20260911
WLS,42,0.07924363109615436,0.20976439659876653,3.3470278339991637,5247,0.04830923645709338,9.181078493776987e-05,7.832696845213998e-08,1.2620684774218873e-05,-1.2831446062051716e-05,-9.123698551658692e-05,9.292651247940348e-05,0,84,20000.0,20260911
WLS,43,0.07921897335627613,0.21073500790959607,3.4083786250012054,5338,0.04753053621459877,9.047126110707553e-05,8.320255887513997e-08,1.2235579688457759e-05,-1.24221601863802e-05,-8.829985376413875e-05,9.152945765685112e-05,0,83,20000.0,20260911
WLS,44,0.07919503855695895,0.21169187432955203,3.4627998340001795,5423,0.04680044087548328,8.920867866140635e-05,8.574723487290662e-08,1.1882870456714287e-05,-1.2051928854455669e-05,-8.557926398979521e-05,9.022788696851039e-05,0,78,20000.0,20260911
WLS,45,0.07917179799239095,0.2126272159954546,3.520246333999239,5514,0.046069827731762575,8.79828336310098e-05,9.928097741511089e-08,1.153702829290408e-05,-1.170353628812895e-05,-8.288088679371671e-05,8.896569703334445e-05,0,82,20000.0,20260911
WLS,46,0.07914919529147942,0.2135495312543985,3.5769297500009998,5601,0.045429994743710476,8.68905597714162e-05,8.36799080119673e-08,1.1229409378900298e-05,-1.1373291528527756e-05,-8.059152020914436e-05,8.780822950688128e-05,0,83,20000.0,20260911
WLS,47,0.0791271973442292,0.21445857906802515,3.63571945899821,5695,0.044776405976067225,8.60001027095006e-05,9.760345018699002e-08,1.0931497550530305e-05,-1.1066449698792846e-05,-7.82483793564609e-05,8.667472660784407e-05,0,84,20000.0,20260911
WLS,48,0.07910585170532042,0.21535248755109024,3.69386458399822,5788,0.043956448249217954,8.573838338972978e-05,9.319755371415454e-08,1.0605988428179155e-05,-1.0739650479208485e-05,-7.526282822552976e-05,8.539469298333587e-05,0,83,20000.0,20260911
WLS,49,0.07908506304909155,0.21623547285217015,3.749191458999121,5875,0.04335558828330052,8.545328200169884e-05,9.909101475461058e-08,1.0334813622912153e-05,-1.045384260450727e-05,-7.319669554068268e-05,8.431215023256088e-05,0,80,20000.0,20260911
WLS,50,0.07906478961525085,0.2171032430589283,3.8080087089983863,5969,0.04272165772535029,8.520019536303735e-05,9.466099330933788e-08,1.0080071767545254e-05,-1.0193362069157087e-05,-7.098356809939842e-05,8.329011313945769e-05,0,85,20000.0,20260911
WLS,51,0.07904499619254168,0.21796199401801986,3.8626517500015325,6054,0.04214468761518221,8.491121749535263e-05,9.453044328404114e-08,9.843990291574236e-06,-9.949432420576222e-06,-6.901531199990125e-05,8.231706089897894e-05,0,80,20000.0,20260911
WLS,52,0.07902565676944447,0.21881093516175007,3.918403458999819,6142,0.04161925413322146,8.467098686509409e-05,9.354452798914407e-08,9.619487246410584e-06,-9.719935849273914e-06,-6.726869263306645e-05,8.137984102126574e-05,0,81,20000.0,20260911
WLS,53,0.07900675274012296,0.2196502165722803,3.973640959000477,6229,0.0411622478411694,8.442081859150145e-05,9.674484993793605e-08,9.405228345761154e-06,-9.498800978163378e-06,-6.581250304538904e-05,8.046794417886485e-05,0,80,20000.0,20260911
WLS,54,0.0789882544570803,0.22048146289844114,4.028303791998042,6314,0.0406441907307502,8.417172923501229e-05,8.365640630308809e-08,9.205563231672589e-06,-9.292719812023792e-06,-6.40992289652156e-05,7.961328627221218e-05,0,80,20000.0,20260911
WLS,55,0.07897023667191493,0.22129403221120603,4.084435166998446,6402,0.039811159612317064,8.376862333680439e-05,9.151634961604037e-08,8.933750769623552e-06,-9.084034402517154e-06,-6.122863631849695e-05,7.840663718882523e-05,0,82,20000.0,20260911
WLS,56,0.07895281526764832,0.22208241069692566,4.140765208998346,6490,0.03889775485315235,8.325440383514824e-05,9.363341846302517e-08,8.65103250095966e-06,-8.770371762255785e-06,-5.8230362364186986e-05,7.710519298335444e-05,0,82,20000.0,20260911
WLS,57,0.07893583392155153,0.22285893584137562,4.1953301249996,6576,0.03828369415546802,8.29674128363277e-05,9.321953383250252e-08,8.44011193858166e-06,-8.541234157594027e-06,-5.6300715812681454e-05,7.61438253723631e-05,0,79,20000.0,20260911
WLS,58,0.07891925881927483,0.22362130134803299,4.250493084000482,6662,0.03776892581492011,8.284125305399395e-05,9.366900680421387e-08,8.241605463735854e-06,-8.333496809914474e-06,-5.4749485583955045e-05,7.524006819346058e-05,0,81,20000.0,20260911
WLS,59,0.07890304051298355,0.22437491944871749,4.301942999998573,6740,0.03730120100233688,8.272998124148859e-05,8.510527986104605e-08,8.068617216487331e-06,-8.149689078228042e-06,-5.335067351955448e-05,7.444544591080857e-05,0,76,20000.0,20260911
WLS,60,0.07888716405309484,0.22511998454686544,4.357935042000463,6828,0.03683657754080039,8.26662692466935e-05,8.592419027602523e-08,7.9010859223303e-06,-7.975373972437533e-06,-5.1970212357261555e-05,7.368437954925655e-05,0,81,20000.0,20260911
WLS,61,0.07887163582534648,0.22584873591369822,4.410918834000768,6911,0.03634276752268185,8.261546342467902e-05,8.780367749422692e-08,7.726692849613084e-06,-7.801534893990488e-06,-5.051160981202232e-05,7.28954270168951e-05,0,76,20000.0,20260911
WLS,62,0.07885643361033541,0.226563297781989,4.461364750000939,6989,0.03589613888918735,8.262274264504265e-05,8.614491926051322e-08,7.567624526593125e-06,-7.634590485466792e-06,-4.92244243465211e-05,7.216685816768691e-05,0,73,20000.0,20260911
WLS,63,0.07884154022634796,0.22726495829340113,4.514703875000123,7073,0.035478754780531696,8.257223373187298e-05,9.734235451900536e-08,7.413484429231736e-06,-7.479899555179893e-06,-4.804371805140016e-05,7.144858240778851e-05,0,76,20000.0,20260911
WLS,64,0.07882693727409616,0.22795692950077495,4.568110249998426,7156,0.03508943836947665,8.251263503335047e-05,9.795322574447244e-08,7.270557423133825e-06,-7.332394825095582e-06,-4.696048200247126e-05,7.077637426105211e-05,0,78,20000.0,20260911
WLS,65,0.07881262652983925,0.2286381012841122,4.621922958998766,7240,0.034641293787349106,8.239852494506603e-05,9.564064122339464e-08,7.1222630807962985e-06,-7.188481176584011e-06,-4.5690217506162e-05,7.009553947022903e-05,0,78,20000.0,20260911
WLS,66,0.07879866715804489,0.2292973228575447,4.675101749999158,7323,0.03416788337066502,8.214130863054632e-05,8.541398014882384e-08,6.947192676411137e-06,-7.012179118054407e-06,-4.441284090720136e-05,6.920239701555406e-05,0,77,20000.0,20260911
WLS,67,0.07878499360724127,0.22994853420845052,4.72760691700023,7405,0.0337803024648914,8.187169237063676e-05,8.925684044483307e-08,6.808111202141462e-06,-6.865439602361756e-06,-4.338189092736064e-05,6.850381398164494e-05,0,76,20000.0,20260911
WLS,68,0.07877158351995302,0.2305910900547562,4.7796903339985874,7486,0.033398034151449714,8.164380976707663e-05,9.857560741842708e-08,6.677805696479387e-06,-6.732281597783896e-06,-4.236134697081863e-05,6.786110839563803e-05,0,75,20000.0,20260911
WLS,69,0.07875842103326681,0.23122848669113427,4.83245320900096,7568,0.033073655242186466,8.13704701044944e-05,8.128061450586238e-08,6.553464796639512e-06,-6.609021887189568e-06,-4.153084686774807e-05,6.723583261545361e-05,0,77,20000.0,20260911
WLS,70,0.0787455829029502,0.2318510718840687,4.883921333999751,7648,0.03265424308896822,8.089247949564147e-05,9.04015887654098e-08,6.3912451065759695e-06,-6.446885206026659e-06,-4.0476849269051714e-05,6.636982927158028e-05,0,74,20000.0,20260911
WLS,71,0.07873299308074957,0.23246730867122198,4.935053541998059,7727,0.032283577228658364,8.054617369401674e-05,9.864914159266361e-08,6.271974956158981e-06,-6.317847248629036e-06,-3.9521645733317006e-05,6.57467985740423e-05,0,74,20000.0,20260911
WLS,72,0.07872062457057265,0.23307935860165047,4.989886291998118,7813,0.03200423003762573,8.025302881630993e-05,7.847044931701643e-08,6.163817020481305e-06,-6.204693161577557e-06,-3.884502683813606e-05,6.517644273006658e-05,0,79,20000.0,20260911
WLS,73,0.07870847481079433,0.23368549994652205,5.043024124999647,7895,0.0317092312617809,8.003801708444353e-05,7.542224484891378e-08,6.0540308355396355e-06,-6.095728938013257e-06,-3.8124007582342485e-05,6.459853436733495e-05,0,78,20000.0,20260911
WLS,74,0.07869655182959158,0.2342799671279247,5.096881375000521,7979,0.03135898476729412,7.988918291448729e-05,8.680642694325792e-08,5.93939096802686e-06,-5.983590234764941e-06,-3.7246315079013744e-05,6.400081627384218e-05,0,78,20000.0,20260911
WLS,75,0.07868484580424463,0.2348666541466774,5.149061208998319,8060,0.030987074163668717,7.972150244632881e-05,9.8616753347385e-08,5.831397848092848e-06,-5.874627494663679e-06,-3.630391291428829e-05,6.344290206914748e-05,0,75,20000.0,20260911
WLS,76,0.07867335217035758,0.23544585967623755,5.203481833999831,8146,0.03062550148516857,7.951031868710236e-05,9.294601438011543e-08,5.721804034078843e-06,-5.7718298550921935e-06,-3.5402433173847856e-05,6.286500154602236e-05,0,78,20000.0,20260911
WLS,77,0.07866209002033148,0.2360093602796805,5.253743042001588,8225,0.03007070083649809,7.935706973416943e-05,9.506570086021499e-08,5.60854707191339e-06,-5.653602953024213e-06,-3.39502024138077e-05,6.22758712750651e-05,0,71,20000.0,20260911
WLS,78,0.07865104776655446,0.23656422813111405,5.305733624998538,8307,0.02970297911633444,7.918396184975939e-05,8.995751417426655e-08,5.498301527972125e-06,-5.543952248604773e-06,-3.307109464225393e-05,6.169062767101708e-05,0,74,20000.0,20260911
WLS,79,0.0786402196802395,0.23711070486786115,5.354353250000713,8382,0.029373644392873533,7.900768954837556e-05,9.988541403046217e-08,5.392271548765786e-06,-5.435814770016666e-06,-3.231246293098997e-05,6.11408454120277e-05,0,69,20000.0,20260911
WLS,80,0.07862958566588885,0.23765488076723226,5.404242917000374,8460,0.02909051184649687,7.882894169219084e-05,9.77393199139502e-08,5.296756506929906e-06,-5.337257845647623e-06,-3.167887962390371e-05,6.062645482631759e-05,0,71,20000.0,20260911
WLS,81,0.07861914279585555,0.23819503174377335,5.456318708998879,8541,0.02880608803612637,7.853825222696184e-05,8.968583019850301e-08,5.197801383942384e-06,-5.245068648607575e-06,-3.1046665363958334e-05,6.008094527992459e-05,0,75,20000.0,20260911
WLS,82,0.07860892331187834,0.2387246398789569,5.506813708998379,8619,0.028434230828387235,7.820371209464315e-05,9.63595499039086e-08,5.083386898798431e-06,-5.13609707901415e-06,-3.020579016288907e-05,5.942530879821644e-05,0,73,20000.0,20260911
WLS,83,0.0785989000759329,0.23924904864085808,5.5575223339983495,8697,0.028176004768236427,7.798500085654314e-05,9.777090024609873e-08,4.991917610526933e-06,-5.031318334258466e-06,-2.9671126289542464e-05,5.8903204931929006e-05,0,73,20000.0,20260911
WLS,84,0.07858906736591768,0.23976921007448718,5.608541917001276,8777,0.027875865111571523,7.778895133898772e-05,9.776022956392873e-08,4.895436905682424e-06,-4.937273110344099e-06,-2.9020482770711947e-05,5.8364436305504454e-05,0,73,20000.0,20260911
WLS,85,0.07857940636113438,0.24028691215894699,5.6608773750012915,8859,0.027675513326171443,7.764137029139614e-05,8.038584378052494e-08,4.814235511954504e-06,-4.846769273268313e-06,-2.8635697110047882e-05,5.789766094077475e-05,0,75,20000.0,20260911
WLS,86,0.07856990157243118,0.2408006666738668,5.709610666999652,8934,0.027404269590942453,7.752882017795433e-05,9.335160182333321e-08,4.737482658533206e-06,-4.7673060424337315e-06,-2.8044910887459174e-05,5.7454956701216365e-05,0,70,20000.0,20260911
WLS,87,0.07856054987386683,0.2413103116576405,5.765456124998309,9017,0.027173672420205054,7.730678696902815e-05,9.581675465298948e-08,4.660114547107053e-06,-4.691584017733629e-06,-2.756872507568072e-05,5.700976613532474e-05,0,75,20000.0,20260911
WLS,88,0.0785513426325404,0.24181798363406654,5.817488959000912,9094,0.0269440776739992,7.71931637864206e-05,9.085160631906344e-08,4.5872700181788014e-06,-4.61997130748843e-06,-2.709192475869686e-05,5.657888467178714e-05,0,70,20000.0,20260911
WLS,89,0.07854226761237494,0.24232434825171043,5.872102000001178,9176,0.026776049168134333,7.702200406378634e-05,7.768423884835423e-08,4.523323687190195e-06,-4.5516964802313144e-06,-2.677282028725357e-05,5.619470124922458e-05,0,75,20000.0,20260911
WLS,90,0.07853331940818711,0.24282901253567518,5.9226517919996695,9251,0.02656692284700381,7.687735568626128e-05,7.161698624312149e-08,4.461108527901266e-06,-4.48709565979875e-06,-2.6341865290104607e-05,5.5816483713113044e-05,0,69,20000.0,20260911
WLS,91,0.07852449492054366,0.24333195462973212,5.9746808749987395,9328,0.026372045778694952,7.667679063415578e-05,8.45952195750434e-08,4.40018869038566e-06,-4.424298950389631e-06,-2.5949752284221223e-05,5.544660414429539e-05,0,71,20000.0,20260911
WLS,92,0.07851580382610335,0.24383136928620094,6.026281916998414,9404,0.02611847397348286,7.649364386674273e-05,9.659289652942839e-08,4.326867245439117e-06,-4.364227192996872e-06,-2.5417639694867163e-05,5.498975618725341e-05,0,72,20000.0,20260911
WLS,93,0.07850731396399756,0.2443179773421436,6.0789017919996695,9483,0.02579854375925091,7.619535409123096e-05,8.819026722970145e-08,4.22579245375664e-06,-4.264069651506556e-06,-2.4788380899109258e-05,5.435175651746447e-05,0,72,20000.0,20260911
WLS,94,0.07849897801031962,0.2448006046351662,6.1310968340003456,9561,0.02548194605338292,7.592834520892728e-05,9.685126227511356e-08,4.152986997564633e-06,-4.182966686821368e-06,-2.4130525055435498e-05,5.389805131843448e-05,0,72,20000.0,20260911
WLS,95,0.0784907744472746,0.24528173221204017,6.182212458999857,9637,0.02526826213472055,7.574721262366874e-05,9.75205524876343e-08,4.08968310358267e-06,-4.113879941353098e-06,-2.3720690520435932e-05,5.3495615248789525e-05,0,70,20000.0,20260911
WLS,96,0.07848271649619226,0.24575816357530605,6.233562834000622,9713,0.024984520841297493,7.5408525118392e-05,9.67424516419567e-08,4.011475873219293e-06,-4.0464752119739415e-06,-2.3153363001117805e-05,5.297291493877608e-05,0,71,20000.0,20260911
WLS,97,0.07847483264213345,0.2462276696568705,6.284904000000097,9789,0.024765441362559266,7.493261433753384e-05,7.812052000376113e-08,3.929276986109063e-06,-3.954577067237312e-06,-2.2782500235308085e-05,5.241872473150601e-05,0,71,20000.0,20260911
WLS,98,0.0784670915669828,0.24669090292879994,6.334346167001058,9862,0.024512515445290692,7.46374368950688e-05,7.036209594941123e-08,3.856570378983293e-06,-3.884504769405416e-06,-2.2302095522125594e-05,5.193112612267369e-05,0,68,20000.0,20260911
WLS,99,0.07845946828118597,0.24715183320106662,6.385958792001475,9939,0.02435769648923219,7.437492376643427e-05,9.14151212593578e-08,3.80012819448107e-06,-3.823157609880081e-06,-2.2041583116248797e-05,5.155578962960394e-05,0,71,20000.0,20260911
WLS,100,0.07845195856492257,0.24760975863698984,6.437359709001612,10016,0.02413938086571009,7.415678066016734e-05,9.938407556717785e-08,3.7443157971434826e-06,-3.7654004637018346e-06,-2.1625769165591937e-05,5.118265269768704e-05,0,70,20000.0,20260911
Poisson,0,4.007173370980788,0.4096505000799158,0.0,0,0.0,0.08358558035033012,0.0,0.0,0.0,0.0,0.0,0,0,20000.0,20260911
Poisson,1,1.3392290899439998,0.32587543212868664,0.024040416999923764,26,2.802592887047381,0.0436303872356554,9.691466558046577e-08,0.4975857619440625,-2.1703585190927224,2.2752179365103595,0.018102020820249618,0,22,20000.0,20260911
Poisson,2,0.6243765402769225,0.2753840057330114,0.04701575000217417,51,1.682970750670045,0.025544623242156495,7.4045926703114e-08,0.11181171735270502,-0.6030408323143794,0.5732330222865326,0.008593537329533536,0,21,20000.0,20260911
Poisson,3,0.38584859082371675,0.24043603335537123,0.06888400000025285,74,1.1331695980243108,0.015824849693732757,5.690861947419982e-08,0.027266546878303093,-0.21126140257490064,0.17432428255887678,0.0042506371909383864,0,21,20000.0,20260911
Poisson,4,0.2825037002001076,0.21408392585937372,0.08924916700198082,95,0.8410824742031813,0.011089606092984428,5.9450340745767494e-08,0.0073833157006495285,-0.09596157492295393,0.06797390420302188,0.0022218658469997216,0,19,20000.0,20260911
Poisson,5,0.2262650923248696,0.19329751838058312,0.11026975000277162,118,0.665887602098728,0.008318526150034148,3.570795205159148e-08,0.002379241035309939,-0.053859366839930055,0.03406829294379832,0.0012699731130924512,0,20,20000.0,20260911
Poisson,6,0.190712434379617,0.17651895510345597,0.13024100000257022,140,0.548068662197397,0.006737069240813983,3.838788917905761e-08,0.0009622508567602857,-0.034590407088492175,0.02053369502111039,0.0008110307900608363,0,20,20000.0,20260911
Poisson,7,0.16640174806646146,0.16280576825166834,0.14972962500178255,161,0.4605471528735256,0.00560233616305078,7.162553950445204e-08,0.00048649177581158633,-0.023824194537349023,0.013705502312159999,0.0005761925768293681,0,19,20000.0,20260911
Poisson,8,0.1490158293704871,0.15150168766413857,0.16962641700229142,183,0.3928379850167667,0.0047435078431701675,4.0702664901286906e-08,0.0002974291168497251,-0.017088489579127,0.00966983457237269,0.0004501580850218134,0,19,20000.0,20260911
Poisson,9,0.13617456033997274,0.14213319530345137,0.18743012500272016,202,0.33939030743770826,0.004056102284611625,8.564246345367683e-08,0.0001990222728956301,-0.012642246757616396,0.00708197999138125,0.00036774566329863265,0,16,20000.0,20260911
Poisson,10,0.12646616758705745,0.13434309145028542,0.20535999999992782,221,0.29634373811442827,0.0034836450862547985,7.655935900974416e-08,0.00014228792607796543,-0.009566104826832613,0.005317412196933653,0.00031081822816013193,0,16,20000.0,20260911
Poisson,11,0.1189770635197038,0.12785980471545677,0.22323654200226883,240,0.26093953969311406,0.002960317035166692,9.355558631388063e-08,0.00010900880057837143,-0.007380095266777223,0.004084631898590934,0.00027211169610293615,0,16,20000.0,20260911
Poisson,12,0.11310063786614233,0.12246405056856367,0.24097333300233004,259,0.2314772635072846,0.0025443787867944247,7.1692822730101e-08,8.767772862840495e-05,-0.005788747924934234,0.00319733947752043,0.00024456628102714057,0,15,20000.0,20260911
Poisson,13,0.108443228283097,0.11797682842955971,0.2587215000021388,278,0.20618097424838797,0.002223310361760992,7.862681603373759e-08,7.237364849188489e-05,-0.004585035934551957,0.0025318798759446006,0.00022227907511805157,0,15,20000.0,20260911
Poisson,14,0.10470427665096708,0.11424822199234762,0.27624520800236496,296,0.18490347757110553,0.001953321627847917,8.735956277361283e-08,6.0803086487610856e-05,-0.003678148545642357,0.0020294868312355054,0.00020390439469220248,0,16,20000.0,20260911
Poisson,15,0.10167414810621635,0.1111561773290382,0.29371191700192867,314,0.16653043479050358,0.0017568054399392929,7.188248202119434e-08,5.17049803318707e-05,-0.0029784235644166783,0.0016435092591750291,0.00018815658047570503,0,16,20000.0,20260911
Poisson,16,0.09921415550598893,0.10860231887497149,0.3112664170002972,332,0.15001883897742996,0.0015385427833594573,6.072270226995923e-08,4.5352718857014275e-05,-0.002414639881374097,0.0013347099978206144,0.00017601807115767657,0,16,20000.0,20260911
Poisson,17,0.09717191070572796,0.10649832965063806,0.32836691700140364,349,0.1368072334722579,0.0013671563880898086,9.960886095633601e-08,4.017808777321389e-05,-0.0020020667124868055,0.001106433843744323,0.00016583743324446058,0,15,20000.0,20260911
Poisson,18,0.09546223630142206,0.10477689334852618,0.3457686250003462,367,0.12519543872158323,0.0012384726784034174,5.398531416946897e-08,3.485841317439823e-05,-0.0016748159911262191,0.0009259795104714174,0.0001541419755915557,0,16,20000.0,20260911
Poisson,19,0.09401449027911868,0.10337837175472868,0.36307666700304253,385,0.11519699616622489,0.0011283525422861528,8.00459956909927e-08,3.124016985107298e-05,-0.0014165058524603037,0.0007842286260173195,0.00014599242373590623,0,15,20000.0,20260911
Poisson,20,0.09279167075757487,0.10225677153270453,0.379862542002229,402,0.1056886526746971,0.0010343892714511237,8.31124373583121e-08,2.8135315808864497e-05,-0.0011946842057308491,0.0006643149563341702,0.00013854467334946518,0,15,20000.0,20260911
Poisson,21,0.09175555916579559,0.1013697892809516,0.39590291700005764,418,0.09726341817002852,0.000950706289719461,7.013931702397249e-08,2.5318718700158716e-05,-0.0010107928730809111,0.0005631029660733928,0.0001313924226316358,0,14,20000.0,20260911
Poisson,22,0.09086482720011584,0.10068021639880596,0.4126429999996617,435,0.09014120208933603,0.0008748403934200702,4.837933206857433e-08,2.2942498332359757e-05,-0.0008677894673417996,0.00048446014997422426,0.00012522254152638894,0,15,20000.0,20260911
Poisson,23,0.0900938784803988,0.10015782766298367,0.43008170800021617,453,0.08384111983439257,0.0008074769905992453,6.403928899052281e-08,2.1083300256797227e-05,-0.0007498654194646386,0.0004194820509627807,0.00012035834216502644,0,16,20000.0,20260911
Poisson,24,0.08941808810219969,0.09977733574070474,0.4468478330018115,470,0.07844775715784101,0.0007481586659280824,9.343587083513946e-08,1.940742610665543e-05,-0.000656382952089003,0.00036808784804434055,0.00011575269189410165,0,15,20000.0,20260911
Poisson,25,0.0888233045365623,0.0995187404334686,0.4628809170026216,486,0.07356214849481944,0.0006936835503007321,7.455406054546285e-08,1.7788416380119863e-05,-0.0005769951492599549,0.00032421408107869234,0.00011090911989866494,0,14,20000.0,20260911
Poisson,26,0.08829643591962143,0.09936446993442834,0.4795981250026671,503,0.06919603024380297,0.0006417362792947131,6.529834796904473e-08,1.6403114748449304e-05,-0.000510465502193094,0.0002874640868658084,0.00010638313230220709,0,15,20000.0,20260911
Poisson,27,0.0878269735037824,0.09929889054642921,0.4963632079998206,520,0.06529623609628504,0.0005961861187920662,6.275962734220283e-08,1.5134512026458055e-05,-0.000454327903810489,0.00025628249342194375,0.00010219593308091481,0,15,20000.0,20260911
Poisson,28,0.0874048735542978,0.09930951353132178,0.5124391250028566,536,0.06189142910143189,0.0005642396854413882,8.155641668622932e-08,1.4051870203641985e-05,-0.0004080480792807567,0.00023057249967371876,9.848295658554425e-05,0,14,20000.0,20260911
Poisson,29,0.08702545577770408,0.09938639272362651,0.5291840419995424,553,0.05861184486158639,0.0005294707674932072,4.6939688213674545e-08,1.310471314607199e-05,-0.00036631306345053004,0.00020765035868977935,9.505402909461306e-05,0,15,20000.0,20260911
Poisson,30,0.08668288751714096,0.09952031815187468,0.5452427080017515,569,0.0556340732866602,0.0004994418880592674,5.060099277059266e-08,1.212001456813052e-05,-0.00033044824599312605,0.00018781075503985413,9.130202901378633e-05,0,14,20000.0,20260911
Poisson,31,0.08637280564195751,0.09970276016479669,0.5612494170018181,585,0.052957581221648134,0.00047308014185211026,9.584894310393029e-08,1.1234962772232306e-05,-0.00029884691241197406,0.00016985660474107037,8.772517254134883e-05,0,14,20000.0,20260911
Poisson,32,0.08608965735599415,0.0999270051243749,0.5772453330027929,601,0.05059094276107398,0.0004567382894162789,8.844183727408198e-08,1.05230663870517e-05,-0.0002726252195766384,0.00015517611149064786,8.485212686357298e-05,0,14,20000.0,20260911
Poisson,33,0.08583071347473592,0.10018726877561246,0.5932287920004455,617,0.048313516166818705,0.0004430656797283958,3.76177835182553e-08,9.838331206969433e-06,-0.00024910555005256795,0.000142234089038158,8.197208756258223e-05,0,14,20000.0,20260911
Poisson,34,0.08559394240798893,0.10047881471216165,0.6093312920020253,633,0.04616812820145929,0.00042956929825382337,4.381341968664131e-08,9.178895330291969e-06,-0.0002275921714119101,0.0001301962636656745,7.904890119035935e-05,0,14,20000.0,20260911
Poisson,35,0.08537673334342938,0.10079720862783706,0.6246273329998075,648,0.04421964089014974,0.00041638505411915915,6.436349888478448e-08,8.64760635430948e-06,-0.0002085614582133598,0.00011944023253685797,7.671188953233885e-05,0,13,20000.0,20260911
Poisson,36,0.08517716515402449,0.10113883556513986,0.6392885420027596,662,0.042375097076964616,0.00040409353717893307,8.887244358986887e-08,8.132424244679634e-06,-0.000191435765153722,0.00010978574679078297,7.444785814239264e-05,0,12,20000.0,20260911
Poisson,37,0.08499164362011877,0.1015000788581074,0.6544950000024983,677,0.04084455127381131,0.00039242852209641233,8.675066722328597e-08,7.695215156970036e-06,-0.00017782631875168083,0.00010210766546776919,7.240869068198477e-05,0,13,20000.0,20260911
Poisson,38,0.08481934038853188,0.10187835232120747,0.6698147080023773,692,0.03932903004522651,0.0003812144708984993,7.210381937523824e-08,7.2373621680596814e-06,-0.0001650658694197841,9.496460137197073e-05,7.018658379480514e-05,0,13,20000.0,20260911
Poisson,39,0.08465935083419489,0.10227117859733875,0.6859085420001065,708,0.03787592952292435,0.00037068281524739346,4.172264060780281e-08,6.802065721597628e-06,-0.00015318748860935322,8.826025247571561e-05,6.794499230958992e-05,0,14,20000.0,20260911
Poisson,40,0.08451028104594041,0.10267571957977231,0.7016350830017473,724,0.03655715063316606,0.000360715858109899,4.4174712933854775e-08,6.455675149715045e-06,-0.00014261411310799126,8.224852513367758e-05,6.618383212646292e-05,0,13,20000.0,20260911
Poisson,41,0.08437144287827221,0.10309019900273365,0.7173903750008321,740,0.035246098103620116,0.000350807439131096,7.158506515821454e-08,6.1351643058609765e-06,-0.00013270300336613608,7.672379609170034e-05,6.449879059971698e-05,0,13,20000.0,20260911
Poisson,42,0.0842412416123716,0.10351286481022254,0.7330106670015084,756,0.034140231783582116,0.00034133746695397255,3.34854109871864e-08,5.84481648642048e-06,-0.00012435644940771886,7.192349458876802e-05,6.293612293933321e-05,0,13,20000.0,20260911
Poisson,43,0.08411849241371384,0.10394220796466361,0.749354833002144,773,0.03313954666982808,0.00033233404037652417,2.801727516127536e-08,5.576454928318485e-06,-0.00011717274373398685,6.783772098367656e-05,6.145720106941928e-05,0,14,20000.0,20260911
Poisson,44,0.084002739738956,0.10437703687743072,0.7650201670003298,789,0.03216072681090799,0.000323781924798414,5.946861003584567e-08,5.313017987907936e-06,-0.00011043965677320417,6.403705730755076e-05,5.995666682814767e-05,0,13,20000.0,20260911
Poisson,45,0.08389334410519271,0.10481616157340437,0.780739583002287,805,0.03126672937593302,0.00031567417514034743,7.93195097234472e-08,5.08253357837867e-06,-0.0001043131001840758,6.051521546989845e-05,5.863353256181415e-05,0,13,20000.0,20260911
Poisson,46,0.08378968388505742,0.10525857467538166,0.7957810830012022,820,0.030421920094734198,0.00030786771706855213,9.411641779126962e-08,4.86130765964441e-06,-9.879891247102377e-05,5.7385559022770796e-05,5.733675458373299e-05,0,12,20000.0,20260911
Poisson,47,0.08369134278269799,0.10570340924751412,0.8108310420029738,835,0.02962653756397999,0.00030038667593994554,9.402576957097226e-08,4.655859441061911e-06,-9.368524292116271e-05,5.445451595793241e-05,5.612441609621552e-05,0,12,20000.0,20260911
Poisson,48,0.08359785822514529,0.10615004465250026,0.8266235000010056,851,0.028871474907885507,0.00029321379938985223,6.194345794764244e-08,4.463892739479846e-06,-8.902066481433389e-05,5.1806454384870115e-05,5.4967868525831886e-05,0,13,20000.0,20260911
Poisson,49,0.08350924875090135,0.10659796328439984,0.8422610000015993,867,0.02810300143827985,0.00028640198665965793,5.94881747148794e-08,4.275970193295797e-06,-8.43335040457493e-05,4.9120539751941205e-05,5.383644952886117e-05,0,13,20000.0,20260911
Poisson,50,0.08342497593022527,0.10704653523409707,0.8572968750013388,882,0.027397056640036103,0.000279826202181123,6.216037114246622e-08,4.105424362163744e-06,-8.016739632339654e-05,4.6742885049211674e-05,5.277808469635145e-05,0,12,20000.0,20260911
Poisson,51,0.0833447293484776,0.10749514845795978,0.8723955420027778,897,0.0267307607575484,0.0002737001682347419,7.558396415984997e-08,3.923373388196702e-06,-7.632320835679228e-05,4.4519903213805484e-05,5.15555816066254e-05,0,12,20000.0,20260911
Poisson,52,0.08326801375982984,0.1079432842052081,0.8873197920001985,912,0.026137932557030747,0.00026787067660254403,6.763555181545799e-08,3.780555600108356e-06,-7.293503304431025e-05,4.255601272996611e-05,5.060643610005352e-05,0,12,20000.0,20260911
Poisson,53,0.08319463363423661,0.10839059224730098,0.9023958750003658,927,0.025551482576632284,0.00026223784119912947,8.207286030281665e-08,3.643122351647708e-06,-6.97370032438406e-05,4.073621250003099e-05,4.966244003470769e-05,0,12,20000.0,20260911
Poisson,54,0.0831243321811352,0.10883661222149572,0.9173558750007942,942,0.025005315494415738,0.000256880421128641,7.524552118605247e-08,3.5208862006256337e-06,-6.678056691116361e-05,3.903816295264895e-05,4.8822186345584065e-05,0,12,20000.0,20260911
Poisson,55,0.08305697871021375,0.10928099801630553,0.9317909170022176,956,0.024468035080217363,0.00025151367113503907,8.197332582468391e-08,3.39580719569001e-06,-6.395766371987628e-05,3.741923388710946e-05,4.7940018633293894e-05,0,11,20000.0,20260911
Poisson,56,0.08299229252128368,0.10972355742876021,0.9466470420011319,971,0.023974888187412374,0.0002463483998794403,5.859384355200159e-08,3.2797822295257217e-06,-6.14064066979144e-05,3.594642575012801e-05,4.71042411137973e-05,0,12,20000.0,20260911
Poisson,57,0.08293007762973438,0.110164149586418,0.9609924579999642,985,0.023510667429148178,0.00024136947235204868,7.888223489843253e-08,3.1741274859686807e-06,-5.904076405874884e-05,3.457731740109715e-05,4.633359488600532e-05,0,11,20000.0,20260911
Poisson,58,0.08287014196534441,0.11060264926267384,0.9753843329999654,999,0.02307286713287423,0.0002365875521942672,9.779434916990621e-08,3.0746207065060307e-06,-5.686104368333389e-05,3.331780450340727e-05,4.560165734213922e-05,0,11,20000.0,20260911
Poisson,59,0.08281240775764437,0.11103882124527585,0.9897434170015913,1013,0.02263167267106498,0.00023196998713319734,9.530162905288582e-08,2.9792211157056066e-06,-5.47549865831888e-05,3.212457730552998e-05,4.487873086930884e-05,0,11,20000.0,20260911
Poisson,60,0.08275694471663955,0.11147230535190981,1.00399741700312,1027,0.022174019447751492,0.00022756775636146223,7.607960039815939e-08,2.8891970897627038e-06,-5.257384391610809e-05,3.087868408135318e-05,4.419781958148785e-05,0,11,20000.0,20260911
Poisson,61,0.08270342647734964,0.11190327640843506,1.0189078750008775,1042,0.021783986813477228,0.00022331096470005807,7.07490125530485e-08,2.800473326208062e-06,-5.071776596903351e-05,2.979113521542224e-05,4.351474095079638e-05,0,12,20000.0,20260911
Poisson,62,0.08265169889368429,0.11233161565948122,1.033896500000992,1057,0.021414261496040147,0.00021923105521227327,6.680344914460298e-08,2.7182578637241433e-06,-4.900932579402363e-05,2.879905389431419e-05,4.287510763572367e-05,0,12,20000.0,20260911
Poisson,63,0.08260165810421068,0.11275728004001433,1.0483112920010171,1071,0.02105958256322267,0.00021527624343630763,9.713523759524067e-08,2.640444303609287e-06,-4.740034517026213e-05,2.786548858675306e-05,4.2261932743294325e-05,0,11,20000.0,20260911
Poisson,64,0.08255332041832746,0.11318007506076393,1.0626520000005257,1085,0.020688241254214014,0.00021170410516990474,9.032153711049915e-08,2.5608267147091998e-06,-4.577685917153058e-05,2.6937519573592605e-05,4.163142428243099e-05,0,11,20000.0,20260911
Poisson,65,0.08250652918162679,0.11359996468922622,1.0776689170015743,1100,0.02035793722138286,0.00020873106163637366,5.87688239988139e-08,2.4900147868768366e-06,-4.430122191012936e-05,2.6068956305175146e-05,4.1057212106483016e-05,0,12,20000.0,20260911
Poisson,66,0.08246121881250194,0.11401688574447297,1.091899208000541,1114,0.020023345583822297,0.00020576449375664583,9.002289058529533e-08,2.42169114245692e-06,-4.288867797973273e-05,2.526365070638974e-05,4.0498472933618616e-05,0,11,20000.0,20260911
Poisson,67,0.08241734683645018,0.11443071236366939,1.1062832919997163,1128,0.019704731006572496,0.00020286599183131366,8.404768309576113e-08,2.357170626862169e-06,-4.151480543288909e-05,2.4458154849699092e-05,3.996204940889899e-05,0,11,20000.0,20260911
Poisson,68,0.08237480197123531,0.11484147666277263,1.1208750420009892,1142,0.019396944449854635,0.00019979993736400186,7.894944800306881e-08,2.293692996615042e-06,-4.0251172217533635e-05,2.3732792515326228e-05,3.942639462339065e-05,0,11,20000.0,20260911
Poisson,69,0.08233358352507807,0.1152491164061071,1.1356558330007829,1156,0.019089887810648815,0.0001961613033931453,6.154324733831346e-08,2.239030864109847e-06,-3.897941529788703e-05,2.299725532608777e-05,3.896374903359205e-05,0,11,20000.0,20260911
Poisson,70,0.08229359373225054,0.11565354166091438,1.1503943750030885,1170,0.018795655605168594,0.000192959126264317,6.681201453998149e-08,2.179213524751107e-06,-3.781057930033832e-05,2.2325959346124734e-05,3.844559743696276e-05,0,11,20000.0,20260911
Poisson,71,0.08225479055338962,0.11605491403993586,1.1645713750003779,1183,0.018512527507790196,0.00019005516675987314,9.24482309660326e-08,2.122755672448979e-06,-3.668042318639662e-05,2.1667495124581672e-05,3.794468083283332e-05,0,10,20000.0,20260911
Poisson,72,0.08221706885322326,0.11645319686530717,1.1796738330012886,1197,0.018255076466238224,0.00018735208679237033,6.30737577032659e-08,2.07015027378874e-06,-3.5651549892448506e-05,2.1059309326949664e-05,3.747269942560654e-05,0,11,20000.0,20260911
Poisson,73,0.08218034809284994,0.11684846435733495,1.1944374580016301,1211,0.018010215353342827,0.00018479632705347286,5.4364634340852086e-08,2.0201407671428133e-06,-3.470061960948611e-05,2.050236751963455e-05,3.7019701541045456e-05,0,11,20000.0,20260911
Poisson,74,0.08214457550079456,0.11724074640357064,1.2092475000026752,1225,0.017775040464582736,0.00018235987288406607,5.4766324698410124e-08,1.9726177594984744e-06,-3.3799974291569744e-05,1.9974988879502622e-05,3.658457428926441e-05,0,11,20000.0,20260911
Poisson,75,0.08210971723363747,0.11763002126789968,1.2240101250026783,1239,0.017543718653924133,0.00017997957609425903,4.609531770244371e-08,1.9272412248626903e-06,-3.2931025935819925e-05,1.946916394668456e-05,3.6164934337585906e-05,0,11,20000.0,20260911
Poisson,76,0.08207595648072176,0.11801412030625288,1.2380757499995525,1252,0.017246884474030885,0.0001775942089230863,9.268444426422079e-08,1.8761502762099473e-06,-3.1884602631430524e-05,1.88880017126813e-05,3.571068419341233e-05,0,10,20000.0,20260911
Poisson,77,0.08204311130108692,0.11839391463593081,1.2528981670002395,1266,0.017022940127970704,0.00017536460226216148,6.468550728643143e-08,1.8318786726674003e-06,-3.1013300965756666e-05,1.835615510481459e-05,3.5298455154419884e-05,0,11,20000.0,20260911
Poisson,78,0.08201120050907655,0.11877064974463733,1.2677441250016273,1280,0.016770846737389364,0.00017074856235336434,6.445152298000027e-08,1.7873222127528926e-06,-3.012346979865789e-05,1.7847726995919885e-05,3.487281616586157e-05,0,11,20000.0,20260911
Poisson,79,0.08198008228037948,0.11914443512057567,1.2819326669996371,1293,0.016564737033104748,0.00016740035766842038,8.421529767760082e-08,1.7468514474449755e-06,-2.9371377248306108e-05,1.739870304827622e-05,3.447581568303859e-05,0,10,20000.0,20260911
Poisson,80,0.08194970677227752,0.1195148437738397,1.296717917000933,1307,0.016363975990130942,0.00016512401086043777,4.7557019475796005e-08,1.7075020553495388e-06,-2.8668006044090454e-05,1.6986522591683336e-05,3.408957586146923e-05,0,11,20000.0,20260911
Poisson,81,0.08192003737418792,0.1198820320953769,1.3115528330017696,1321,0.01617349908664084,0.00016289684343356712,4.646901205878973e-08,1.6705869187738371e-06,-2.7998811175607742e-05,1.65902944543204e-05,3.3722338163656975e-05,0,11,20000.0,20260911
Poisson,82,0.0818910311161032,0.12024644622284664,1.3257863329999964,1334,0.015991852505921254,0.0001607100209574994,7.10545486427497e-08,1.6357111594831893e-06,-2.7370546921670835e-05,1.6219290756161357e-05,3.3371391394950625e-05,0,10,20000.0,20260911
Poisson,83,0.08186266002628986,0.12060810146884321,1.3399512079995475,1347,0.0158151402354974,0.00015858050886720902,7.97419764540055e-08,1.602330711919581e-06,-2.6768759100758633e-05,1.5865156779914143e-05,3.303242092792826e-05,0,10,20000.0,20260911
Poisson,84,0.08183489700492115,0.12096705116447258,1.3541437080020842,1360,0.015644568403031668,0.00015649610834544606,8.214880848922129e-08,1.5702422890408581e-06,-2.6192779081930854e-05,1.5525395342855605e-05,3.2703984138983904e-05,0,10,20000.0,20260911
Poisson,85,0.08180771292838358,0.12132337448737454,1.3682220830014558,1373,0.015480915678699294,0.00015445775638913952,8.492429957600938e-08,1.5390095913573593e-06,-2.5645066946384985e-05,1.520113902501761e-05,3.2379549383761936e-05,0,10,20000.0,20260911
Poisson,86,0.08178108208443917,0.12167712035219538,1.3822408330015605,1386,0.015322766989409414,0.00015246297239222177,8.322008235282195e-08,1.5090059432109065e-06,-2.5121838007024378e-05,1.489148453382732e-05,3.206461631074336e-05,0,10,20000.0,20260911
Poisson,87,0.08175498101623903,0.12202833749956253,1.3962495420018968,1399,0.015169813417990174,0.00015051180717256827,8.008783517058789e-08,1.4801405893150007e-06,-2.4620927607289498e-05,1.4594906243308838e-05,3.1758634613164986e-05,0,10,20000.0,20260911
Poisson,88,0.08172939033332088,0.12237705884273617,1.4102303750005376,1412,0.015020599007323774,0.00014860851106607696,7.880208492479664e-08,1.4520523776910217e-06,-2.4138630540867696e-05,1.4309763191203793e-05,3.145847199547697e-05,0,10,20000.0,20260911
Poisson,89,0.08170429342586932,0.12272331512308905,1.4242672920008772,1425,0.014875467736543559,0.00014675952928810696,8.068156991790375e-08,1.4244355591941268e-06,-2.3672471892684775e-05,1.403293043251315e-05,3.1160731985463446e-05,0,10,20000.0,20260911
Poisson,90,0.08167967289064368,0.12306713252635987,1.4382895000017015,1438,0.014734469916338963,0.0001449648055609497,7.098410012323415e-08,1.3975597749314685e-06,-2.3222975448972517e-05,1.376530503986966e-05,3.086927426607801e-05,0,10,20000.0,20260911
Poisson,91,0.08165551197824013,0.12340850110752855,1.4523581670000567,1451,0.01459645942140553,0.0001432293870349893,7.471129453335758e-08,1.3728037823769013e-06,-2.2788108621887332e-05,1.350808102151387e-05,3.059623499517996e-05,0,10,20000.0,20260911
Poisson,92,0.08163178516253511,0.12374749594140214,1.466451042000699,1464,0.01446510106610262,0.00014153210792578204,7.660937804091727e-08,1.3487729640361315e-06,-2.2378042742864378e-05,1.3264858262390953e-05,3.0329160354619195e-05,0,10,20000.0,20260911
Poisson,93,0.08160847572287741,0.12408417206229792,1.4804361250025977,1477,0.014337696040290199,0.00013986967500133132,7.51207888290362e-08,1.325565470371082e-06,-2.198387419125886e-05,1.3030963270510609e-05,3.0068921269040734e-05,0,10,20000.0,20260911
Poisson,94,0.08158556799956516,0.12441858110327125,1.4945449580009154,1490,0.01421402670878721,0.00013824214563677592,7.312021785136399e-08,1.303133738750183e-06,-2.160458957202234e-05,1.2805795548340187e-05,2.9815194949443848e-05,0,10,20000.0,20260911
Poisson,95,0.08156304716718536,0.12475077271867831,1.5085127080019447,1503,0.014093917740801114,0.00013664944083793438,7.195614832241639e-08,1.2814768381070298e-06,-2.1239355539764504e-05,1.2588906515578649e-05,2.9568095555635763e-05,0,10,20000.0,20260911
Poisson,96,0.08154089924908785,0.12508079394621732,1.5227585000029649,1516,0.013977185196738436,0.0001350908224474701,7.078699929804398e-08,1.2605444559919976e-06,-2.0887373642279062e-05,1.2379832796318614e-05,2.9327228168322126e-05,0,10,20000.0,20260911
Poisson,97,0.0815191110230025,0.12540869000275218,1.5367320000004838,1529,0.013863680166304508,0.00013356577947047448,6.970309445345903e-08,1.2402980351725023e-06,-2.054792804758301e-05,1.2178144697674328e-05,2.9092306672778323e-05,0,10,20000.0,20260911
Poisson,98,0.08149766996116407,0.12573450445105203,1.5507452500023646,1542,0.013753258122174454,0.00013207378869940385,6.876611748577583e-08,1.220705675231569e-06,-2.0220356162888525e-05,1.1983456389662436e-05,2.886310617582084e-05,0,10,20000.0,20260911
Poisson,99,0.08147659447718528,0.12605824499639778,1.5647948750010983,1555,0.013634250265772658,0.00013054393572304955,6.828051393138195e-08,1.201441945455933e-06,-1.9874042039517764e-05,1.1780844963310792e-05,2.863671552415302e-05,0,10,20000.0,20260911
Poisson,100,0.0814558472527716,0.12637995371533123,1.5789118749999034,1568,0.013528315719906205,0.00012908302200307205,7.685622851944316e-08,1.183104179673796e-06,-1.9564120230639603e-05,1.1596458102810528e-05,2.8418599422421653e-05,0,10,20000.0,20260911
SIRT,0,4.021569684156845,0.4102237573936767,0.0,0,0.0,0.08180334554002373,0.0,0.0,0.0,0.0,0.0,0,0,20000.0,20260912
SIRT,1,1.9773799551087181,0.3824474494077268,0.0019244579998485278,1,1.8079489258209565,0.05008413356860759,nan,0.417104466676808,-1.6270852623713135,1.8807557631292695,0.01731319201653318,0,1,20000.0,20260912
SIRT,2,1.3879262711843967,0.3692472353797642,0.0032783329988888,2,0.9746211221556598,0.03978499985667808,nan,0.09254330308675587,-0.49691038083756683,0.5419593673367236,0.007989787771257003,0,1,20000.0,20260912
SIRT,3,1.154860377418011,0.36080602344401475,0.004629625000234228,3,0.5763179736317018,0.0348823773308354,nan,0.026546297210608368,-0.2065195965557802,0.2164587734298381,0.0042361464527088145,0,1,20000.0,20260912
SIRT,4,1.0345680339365348,0.3541511022649034,0.006093583000620129,4,0.37762059163301925,0.03193052400771841,nan,0.009256282295096282,-0.11103606118638161,0.11316247792021264,0.0025139045718507503,0,1,20000.0,20260912
SIRT,5,0.9595389517345259,0.3483090144275994,0.007450332999724196,5,0.2755899127741783,0.029704231249252967,nan,0.003835601747269859,-0.07119348045474176,0.07123159220086503,0.001631977516019073,0,1,20000.0,20260912
SIRT,6,0.904330728903645,0.3429205559665292,0.008792041000560857,6,0.22288829124515586,0.028017852012306384,nan,0.0017746833801584494,-0.05343353945071815,0.05272426331217162,0.0011193455968410836,0,1,20000.0,20260912
SIRT,7,0.8592877278767738,0.337840208432296,0.010128791000170168,7,0.1941968203292963,0.02663760304863924,nan,0.0009375587400936194,-0.04410544228677828,0.04315738077557075,0.0008172605945772033,0,1,20000.0,20260912
SIRT,8,0.8204574040662097,0.3330000370432026,0.011461791000328958,8,0.17688331376409125,0.02548864468547852,nan,0.0005780515423001338,-0.038252272268264303,0.037265938476155766,0.0006388713914424403,0,1,20000.0,20260912
SIRT,9,0.7858244442470655,0.32836269729059736,0.01283049999983632,9,0.16512433836843057,0.024502656122122445,nan,0.0004021738620627648,-0.03423078595708728,0.03326965746306356,0.0005294414012648227,0,1,20000.0,20260912
SIRT,10,0.7543934975270457,0.3239043380847999,0.014166958000714658,10,0.1560560455987827,0.023626259060068353,nan,0.00030143630891952644,-0.03112951041109392,0.030213272251623426,0.00045572670074996244,0,1,20000.0,20260912
SIRT,11,0.7255829645834845,0.31960731081834826,0.015504750001127832,11,0.14849909472376,0.0228185241450538,nan,0.00023693105653674942,-0.02857360188702471,0.02770793388687236,0.0004024582434115596,0,1,20000.0,20260912
SIRT,12,0.6989627719252605,0.3154574780388901,0.016889000002265675,12,0.1420860281033768,0.022063686286081973,nan,0.00018995703668310996,-0.026430235621543743,0.02561077068911434,0.0003609253540216089,0,1,20000.0,20260912
SIRT,13,0.6743202323996575,0.3114434251593975,0.018288582999957725,13,0.1361966758881785,0.021353920409158476,nan,0.00015433559920454405,-0.02448820392639271,0.023715062799453436,0.00032612031367252437,0,1,20000.0,20260912
SIRT,14,0.6514276139952971,0.3075551401209379,0.019627165998826968,14,0.13082838209094141,0.02067466403094138,nan,0.00012651779319720872,-0.022766100611167676,0.022036815126333743,0.0002955059079591808,0,1,20000.0,20260912
SIRT,15,0.630062289366454,0.30378376784981065,0.021081208000396146,15,0.12603808350898163,0.020026252131556104,nan,0.00010560939692069726,-0.021259715231918743,0.020571044704112255,0.0002708585591257276,0,1,20000.0,20260912
SIRT,16,0.6100754136406357,0.3001216827933942,0.022424333001254126,16,0.12163358499138978,0.01939997433868833,nan,8.915183355923612e-05,-0.019897723892261958,0.019247139275925484,0.00024934001234377793,0,1,20000.0,20260912
SIRT,17,0.5912333040804262,0.2965621795244803,0.023817125002096873,17,0.11776005103406921,0.018808475911113277,nan,7.639185984070915e-05,-0.01876571770037135,0.018148738079232157,0.00023150137490250973,0,1,20000.0,20260912
SIRT,18,0.5734267383909942,0.2930997015577137,0.025205624999216525,18,0.11419635975045653,0.01823890829104693,nan,6.591168544899117e-05,-0.017740654003983447,0.01715452526041917,0.00021575146599974641,0,1,20000.0,20260912
SIRT,19,0.5566241976183983,0.28972928962465044,0.026526000001467764,19,0.11073924796102295,0.017690575726908752,nan,5.729838720679762e-05,-0.016745242385391063,0.016189381720647263,0.0002012618276350417,0,1,20000.0,20260912
SIRT,20,0.5407703864690064,0.28644611803733233,0.027909374999580905,20,0.10746403528805479,0.017155454992992026,nan,5.004790646511777e-05,-0.01580376324292484,0.01527638520537227,0.00018829202828918057,0,1,20000.0,20260912
SIRT,21,0.5257043885356,0.2832458224628834,0.029278333000547718,21,0.10454192997890786,0.016646553430404682,nan,4.410205354650594e-05,-0.015021895879861592,0.014519547177220718,0.0001778712836733398,0,1,20000.0,20260912
SIRT,22,0.5113516968522636,0.2801247496968731,0.030625874998804647,22,0.10182648078410586,0.01615917208161254,nan,3.926616244361179e-05,-0.01431342552089397,0.013834260073892622,0.00016903025489188394,0,1,20000.0,20260912
SIRT,23,0.4976650870564896,0.2770795816576429,0.031947791001584847,23,0.09927506489000919,0.015690555990798945,nan,3.5213175938126504e-05,-0.013651396619834272,0.013193832870328187,0.00016080475821023352,0,1,20000.0,20260912
SIRT,24,0.48463028179860584,0.2741072539022561,0.03332924999995157,24,0.09677665264089089,0.015235427011149381,nan,3.157872971825456e-05,-0.013003226528161306,0.01256651923306497,0.00015262771690651507,0,1,20000.0,20260912
SIRT,25,0.4721977260326792,0.27120478861226666,0.03471341600015876,25,0.09443467100832705,0.014811027017552618,nan,2.8544013598347806e-05,-0.012404011752331849,0.011986660411504119,0.00014552723087511932,0,1,20000.0,20260912
SIRT,26,0.46031572265157045,0.2683694476815761,0.03603079100139439,26,0.09220251754415926,0.014403525233187811,nan,2.6058822359213173e-05,-0.011855944558748563,0.01145693816903468,0.00013987237859004802,0,1,20000.0,20260912
SIRT,27,0.44894747485491227,0.26559869356587923,0.03738829099893337,27,0.09009351153343137,0.014008783806697053,nan,2.3806589435873773e-05,-0.01134444120722,0.010962405755636956,0.0001339878313340995,0,1,20000.0,20260912
SIRT,28,0.4380944624056854,0.26289014490248996,0.0387817080008972,28,0.08798643954708082,0.013624839611052902,nan,2.180063770860635e-05,-0.010831211811523566,0.010465931772018268,0.00012811036886093235,0,1,20000.0,20260912
SIRT,29,0.42771518000160613,0.26024141282651464,0.04013599999962025,29,0.08598939277551772,0.013307397975783454,nan,1.999447455671538e-05,-0.010359287929521935,0.010009573620584147,0.0001227073777967391,0,1,20000.0,20260912
SIRT,30,0.41777169456137564,0.2576502889134983,0.04149012500056415,30,0.0841036374794196,0.012993387355920007,nan,1.8475698812430294e-05,-0.009925009741416387,0.009589814348367011,0.00011870516732943229,0,1,20000.0,20260912
SIRT,31,0.4082195231530963,0.2551147792263432,0.04285704100038856,31,0.08235266177455614,0.012689150162377438,nan,1.7194839601083192e-05,-0.009534976568678726,0.009213073363211631,0.00011499902315300097,0,1,20000.0,20260912
SIRT,32,0.3990578969714359,0.25263307819572034,0.04420070800188114,32,0.08061311616593352,0.01239164967593211,nan,1.6029586885823077e-05,-0.009145596594771875,0.008836702456761273,0.00011149279320983021,0,1,20000.0,20260912
SIRT,33,0.39026071487285907,0.2502034209608982,0.04559537499881117,33,0.07895690915348016,0.01210048517466829,nan,1.4767967318085359e-05,-0.008782414131261521,0.008485472423423282,0.00010695096790226445,0,1,20000.0,20260912
SIRT,34,0.38180873151252065,0.24782414181017884,0.04691458299930673,34,0.07736459390568097,0.011816740886956214,nan,1.3698023127693457e-05,-0.008438285337208867,0.008152719340828875,0.00010294869817765008,0,1,20000.0,20260912
SIRT,35,0.37368475536053486,0.24549364254596354,0.04829812499883701,35,0.0758043615069382,0.01154251225748196,nan,1.2789978621607811e-05,-0.008111186173363549,0.007836661090812061,9.967928819214236e-05,0,1,20000.0,20260912
SIRT,36,0.3658659909620676,0.2432103762082353,0.04969208300099126,36,0.07434108346995774,0.011278772924177196,nan,1.2006328851258194e-05,-0.007806758069613045,0.007542434563892876,9.688225203875174e-05,0,1,20000.0,20260912
SIRT,37,0.35834696423415763,0.24097292458034533,0.0510113749987795,37,0.07288907604390955,0.011018482995984253,nan,1.1273616587448403e-05,-0.007507753111328796,0.007253385857583253,9.392608302343154e-05,0,1,20000.0,20260912
SIRT,38,0.3511422235520513,0.2387798662885031,0.052368790999025805,38,0.07142954733444673,0.010911261790671627,nan,1.0472052999076394e-05,-0.007194268629102993,0.0069496316704861045,9.022679204798396e-05,0,1,20000.0,20260912
SIRT,39,0.34421146324489593,0.23662978846815022,0.053752291001728736,39,0.07006412498837436,0.010832029350629813,nan,9.868768805015297e-06,-0.006920891538344165,0.006685311226636065,8.771416832579637e-05,0,1,20000.0,20260912
SIRT,40,0.33751750678299114,0.23452141302586593,0.05509854100091616,40,0.0687860570736993,0.010747844058755115,nan,9.325918077498643e-06,-0.006684630543833199,0.006457380379517482,8.560331812380215e-05,0,1,20000.0,20260912
SIRT,41,0.3310701885958264,0.23245358548912476,0.056415375001961365,41,0.06747817961111437,0.010659769370841093,nan,8.764608777224447e-06,-0.006438553578381439,0.006219652950983273,8.284429237915537e-05,0,1,20000.0,20260912
SIRT,42,0.3248528094196688,0.23042513022345526,0.05780008299916517,42,0.0662643475528406,0.010568680922719747,nan,8.28300991919928e-06,-0.00620909616624054,0.005997830988327373,8.039131642017397e-05,0,1,20000.0,20260912
SIRT,43,0.31886061054440795,0.2284349518227295,0.059161832999961916,43,0.06505979924171151,0.010480270882598407,nan,7.810471545879197e-06,-0.005984388403717644,0.0057805600013922775,7.827755604792897e-05,0,1,20000.0,20260912
SIRT,44,0.3130749037510095,0.2264819819033979,0.060481125001388136,44,0.06393979194911938,0.010390284266546939,nan,7.421640591549297e-06,-0.005778285152809972,0.005581291943673626,7.641886164918421e-05,0,1,20000.0,20260912
SIRT,45,0.3074823222196172,0.22456525153151605,0.061857500000769505,45,0.0628538500825794,0.010300539155778917,nan,7.007359258162457e-06,-0.00558557417212998,0.005395051207882136,7.409925854667255e-05,0,1,20000.0,20260912
SIRT,46,0.3020803242785591,0.22268381828185937,0.06324983300146414,46,0.06171931595553455,0.01021086051746973,nan,6.616809562238758e-06,-0.005395381131496404,0.005211534242957157,7.202318910831634e-05,0,1,20000.0,20260912
SIRT,47,0.2968565707914349,0.22083673269159654,0.06459554100001696,47,0.0606578853453498,0.010117961339435832,nan,6.3396466116061e-06,-0.005217413840509194,0.005039784534395692,7.056585868079399e-05,0,1,20000.0,20260912
SIRT,48,0.29180590265353795,0.21902309947057902,0.06591254100203514,48,0.059654255063662315,0.01002425333455263,nan,6.094439960594903e-06,-0.0050445736979388865,0.004872736630536928,6.930461083656998e-05,0,1,20000.0,20260912
SIRT,49,0.28691457927388636,0.2172420774191865,0.06729112500033807,49,0.05868466072483381,0.009929315739277841,nan,5.809599198452254e-06,-0.004885513780452719,0.004719128909432148,6.766384832978044e-05,0,1,20000.0,20260912
SIRT,50,0.2821731715561118,0.21549287233176023,0.06864150000183145,50,0.05775912520350753,0.009832967623830735,nan,5.547844677757711e-06,-0.004735859873091824,0.0045746018905608145,6.613678387291468e-05,0,1,20000.0,20260912
SIRT,51,0.27757626329687374,0.21377475068149882,0.06996520800021244,51,0.05682508378001362,0.009735133028788643,nan,5.304002419807526e-06,-0.004591604256818137,0.0044354537519078075,6.470180153854138e-05,0,1,20000.0,20260912
SIRT,52,0.2731236271066639,0.21208697599341383,0.0713465000008,52,0.05590991003802437,0.009636870627029193,nan,5.097011568037592e-06,-0.004447539178645255,0.004296340288186859,6.33216907610269e-05,0,1,20000.0,20260912
SIRT,53,0.2688024026337192,0.210428855962193,0.07272658299916657,53,0.055061217701480765,0.009538012476908792,nan,4.887876974887712e-06,-0.004316336595965593,0.004169637588206203,6.202957971128169e-05,0,1,20000.0,20260912
SIRT,54,0.2646116850819766,0.20879972464620178,0.07404354100071942,54,0.05417944987361418,0.009439112472153375,nan,4.718789606724366e-06,-0.004185998762139843,0.004043946912312233,6.091593427890844e-05,0,1,20000.0,20260912
SIRT,55,0.2605552626707486,0.20719893506931614,0.07539612500113435,55,0.05332588280617864,0.009343621527556798,nan,4.485074753575896e-06,-0.004051937336474685,0.003914239922375085,5.911513045932219e-05,0,1,20000.0,20260912
SIRT,56,0.25663285792883855,0.20562581325895943,0.07679833300062455,56,0.05250258030466436,0.00925164539244825,nan,4.263810931821908e-06,-0.003918140930978475,0.0037845786949776373,5.738150976983478e-05,0,1,20000.0,20260912
SIRT,57,0.2528207780110594,0.20407971611502077,0.07810029100073734,57,0.051734606024965275,0.009157632252812475,nan,4.09798762774869e-06,-0.003807981930146606,0.0036782564447512354,5.623921455095036e-05,0,1,20000.0,20260912
SIRT,58,0.2491238075594103,0.20256007725916,0.07940166600019438,58,0.05095999351016356,0.009066154014130263,nan,3.9316374464142485e-06,-0.0036930388142061743,0.003567124404721305,5.497781382901334e-05,0,1,20000.0,20260912
SIRT,59,0.2455356669161153,0.20106631715618012,0.08078308300173376,59,0.05021859415998604,0.008975510502528903,nan,3.7784949529320516e-06,-0.0035843621483448557,0.0034620452833247213,5.383675660556897e-05,0,1,20000.0,20260912
SIRT,60,0.24205108023151384,0.19959788147671909,0.08217120799963595,60,0.049457950413198136,0.00888377415491962,nan,3.6413187821844566e-06,-0.003480945365814212,0.0033622822416477524,5.2768881727776506e-05,0,1,20000.0,20260912
SIRT,61,0.23867234117913058,0.1981542222736872,0.08348741599911591,61,0.048718334707734914,0.008792326933891871,nan,3.4898468507981227e-06,-0.003375249205534129,0.0032600652455485116,5.1489179677874495e-05,0,1,20000.0,20260912
SIRT,62,0.23538723481887056,0.19673478463542038,0.08487149999928079,62,0.04802266685746656,0.008699469433671725,nan,3.3672432398951346e-06,-0.003281739117022779,0.0031697975336548653,5.062472752696973e-05,0,1,20000.0,20260912
SIRT,63,0.2321997877260159,0.19533907296945255,0.08625737500187824,63,0.04733496169487695,0.008606392394595815,nan,3.240877333857721e-06,-0.003184206215518919,0.003075417162921877,4.954976944487639e-05,0,1,20000.0,20260912
SIRT,64,0.22910364704988456,0.19396660132434576,0.08756175000235089,64,0.04662440896976438,0.008513114827636652,nan,3.1336482832925506e-06,-0.003093007027849581,0.0029874489005423505,4.864409687078344e-05,0,1,20000.0,20260912
SIRT,65,0.2261030852649753,0.19261684979654642,0.08885679100058042,65,0.0459166317503494,0.008424593629538615,nan,3.0418253494694237e-06,-0.002997519959556682,0.0028951449313444014,4.7740535929727273e-05,0,1,20000.0,20260912
SIRT,66,0.22319360480812797,0.19128931977321526,0.09023787499972968,66,0.045242354188584244,0.008353357833363268,nan,2.9479470195684203e-06,-0.0029065325098329175,0.0028071369262210647,4.688460437523648e-05,0,1,20000.0,20260912
SIRT,67,0.22036661289139767,0.18998355654901397,0.09161820799999987,67,0.04461760321717487,0.008283471954060736,nan,2.840988760566758e-06,-0.0028241509279670744,0.002727455390888041,4.5959840866934714e-05,0,1,20000.0,20260912
SIRT,68,0.2176145082520874,0.1886991262022461,0.09293329100182746,68,0.044013946919833444,0.008211940766486169,nan,2.7720816153896606e-06,-0.0027493325576915667,0.0026552432631371807,4.552039632926733e-05,0,1,20000.0,20260912
SIRT,69,0.21493428190355826,0.18743563126723484,0.09430966600120883,69,0.043432477825739516,0.00813899702591021,nan,2.6881132064976357e-06,-0.002677538235327763,0.0025859073420249623,4.4791352570660945e-05,0,1,20000.0,20260912
SIRT,70,0.21232164080290358,0.18619268283370136,0.09568779099936364,70,0.04286882497517984,0.008065046160877042,nan,2.610198374485375e-06,-0.002610030902280155,0.002520754292917048,4.4132367046195165e-05,0,1,20000.0,20260912
SIRT,71,0.2097750697569621,0.18496991154500628,0.09700308299943572,71,0.04231537648539183,0.007990708388384869,nan,2.535329826930827e-06,-0.002544035716112034,0.002457041491586448,4.349005009766084e-05,0,1,20000.0,20260912
SIRT,72,0.2072937149638365,0.1837669541035651,0.0983529160002945,72,0.041769756135184494,0.007916736357274442,nan,2.460644831931265e-06,-0.0024788941482934597,0.0023941191667459726,4.28207099585492e-05,0,1,20000.0,20260912
SIRT,73,0.20487475001412553,0.1825834534881679,0.09969670799910091,73,0.04123911431057623,0.007842670377336497,nan,2.389239584422826e-06,-0.0024165757101267233,0.0023339317222549334,4.2173733206184126e-05,0,1,20000.0,20260912
SIRT,74,0.2025181341571256,0.18141906056763782,0.10107870800129604,74,0.040705808601054376,0.0077692462782667,nan,2.308735042412793e-06,-0.0023543071219582477,0.002273767714306638,4.139508455280619e-05,0,1,20000.0,20260912
SIRT,75,0.20022259238185167,0.1802734142674445,0.10239829100100906,75,0.04018490157325369,0.007696517987031867,nan,2.2321679063511903e-06,-0.002293309607366389,0.002214800459551336,4.06437893679813e-05,0,1,20000.0,20260912
SIRT,76,0.19798303391772712,0.17914616021756122,0.10378579100142815,76,0.039684689711509374,0.007623188529818314,nan,2.174655047532056e-06,-0.002237383809081212,0.002160814734249608,4.0129263901011654e-05,0,1,20000.0,20260912
SIRT,77,0.19579843766152216,0.17803698164406476,0.1051420000003418,77,0.03918798133901366,0.007550435396281506,nan,2.1142209782241593e-06,-0.0021824820352224473,0.002107811362133613,3.956035875351327e-05,0,1,20000.0,20260912
SIRT,78,0.19366797933286556,0.17694556201172473,0.10646283300229697,78,0.03869014641330547,0.007477729814397885,nan,2.0555768073286874e-06,-0.0021284027518494193,0.002055611957182453,3.903721418582691e-05,0,1,20000.0,20260912
SIRT,79,0.19159162608113356,0.17587158786495963,0.1078393749994575,79,0.03819746876886031,0.007406296513927049,nan,2.0045759566333573e-06,-0.002074348675777633,0.0020034009207145964,3.8585967263921544e-05,0,1,20000.0,20260912
SIRT,80,0.18957061308680026,0.1748147299713904,0.10922316600044724,80,0.03767974294192036,0.007334823718975409,nan,1.9701296864444885e-06,-0.0020190428646427497,0.001950024842924839,3.832685378383179e-05,0,1,20000.0,20260912
SIRT,81,0.1875979711024554,0.17377468988164996,0.11053879099927144,81,0.037217082967778835,0.0072633088036784645,nan,1.911904958213547e-06,-0.0019707300793906563,0.0019033864211133263,3.7746651475911365e-05,0,1,20000.0,20260912
SIRT,82,0.18567245289914605,0.17275116884508557,0.11189270799877704,82,0.036765842749357174,0.007191973232536545,nan,1.8523656602244824e-06,-0.001923665837643702,0.0018579318436558335,3.7171557732077475e-05,0,1,20000.0,20260912
SIRT,83,0.18379277757224946,0.17174387554869242,0.11328425000101561,83,0.03632196925534294,0.007120723675742382,nan,1.8018555713304476e-06,-0.0018778734713313483,0.0018137110543672867,3.6634959728108944e-05,0,1,20000.0,20260912
SIRT,84,0.1819625806885675,0.17075250838172545,0.11463129100229708,84,0.03584660086476652,0.007050860663728547,nan,1.7626455408793971e-06,-0.0018284342381435779,0.0017659479440040732,3.6220706947160136e-05,0,1,20000.0,20260912
SIRT,85,0.18017558142804124,0.16977680024761221,0.11595741600103793,85,0.035417339193585175,0.006981364450530661,nan,1.7257563683388115e-06,-0.001785273504154263,0.0017242798647485777,3.5815003041608674e-05,0,1,20000.0,20260912
SIRT,86,0.1784307493692599,0.16881649585137384,0.11734104100105469,86,0.034993383512038186,0.006912379858064527,nan,1.6760099193673578e-06,-0.0017431560488575316,0.0016836052143003133,3.52262204443744e-05,0,1,20000.0,20260912
SIRT,87,0.1767259452400233,0.1678713314269467,0.11872704100096598,87,0.03458277775746729,0.006843400794921534,nan,1.6353331169020824e-06,-0.001703168796122773,0.001645005703365479,3.478828770381493e-05,0,1,20000.0,20260912
SIRT,88,0.1750619330819024,0.16694105784430524,0.1200454579993675,88,0.03416890211505587,0.006774679034308773,nan,1.6046559267521996e-06,-0.001662407502193927,0.0016056364645334843,3.452590874345686e-05,0,1,20000.0,20260912
SIRT,89,0.1734367582114809,0.1660254315876623,0.12139666599978227,89,0.033768295089333586,0.006706427586639762,nan,1.5661836109898249e-06,-0.0016236086868070202,0.0015681599827594764,3.409990555218807e-05,0,1,20000.0,20260912
SIRT,90,0.1718490874101606,0.16512421158576643,0.12278066599901649,90,0.03337956938993491,0.006638582452815503,nan,1.5288419100756395e-06,-0.0015861419594115419,0.0015319610186874271,3.367627137329223e-05,0,1,20000.0,20260912
SIRT,91,0.17029685893265198,0.16423715978226197,0.12414083299881895,91,0.03300085039419432,0.006571042760745005,nan,1.4938007222726799e-06,-0.001550734676785012,0.0014977756711716328,3.328067695956775e-05,0,1,20000.0,20260912
SIRT,92,0.16878105943812516,0.16336404179753186,0.12545650000174646,92,0.032602802963279276,0.00650463677183866,nan,1.4575287734216351e-06,-0.001514341965750826,0.0014626523564737,3.292845624465905e-05,0,1,20000.0,20260912
SIRT,93,0.1673013989979809,0.16250461852453071,0.12683966600161511,93,0.032214024778285555,0.006439245743032334,nan,1.4149119995079557e-06,-0.0014782455281483736,0.0014277732705234483,3.23532573211193e-05,0,1,20000.0,20260912
SIRT,94,0.16585704824017233,0.16165864737220004,0.1282195000021602,94,0.03184578853313061,0.006375077401214196,nan,1.384783614478028e-06,-0.001442965974189971,0.0013936430454437332,3.1976517993481984e-05,0,1,20000.0,20260912
SIRT,95,0.16444431929707742,0.16082591102941363,0.1295395830020425,95,0.03148683607736065,0.006310896637209925,nan,1.3560411560607552e-06,-0.0014113729019409734,0.0013631579007867807,3.1642519164719786e-05,0,1,20000.0,20260912
SIRT,96,0.16306543936704807,0.16000620482919153,0.13092370800222852,96,0.031116470494350207,0.006247748448654219,nan,1.3208554592142634e-06,-0.0013775590745761556,0.0013304681932280703,3.117527130760784e-05,0,1,20000.0,20260912
SIRT,97,0.16171872959509453,0.1591993053179655,0.13227741599985166,97,0.030759138331558723,0.006185122780750347,nan,1.3056580823107768e-06,-0.0013454041138645913,0.0012994035424085321,3.1012255689527284e-05,0,1,20000.0,20260912
SIRT,98,0.1604014057226279,0.15840500889032869,0.13364970800103038,98,0.030413223718633003,0.0061229361664629995,nan,1.2711018692414695e-06,-0.00131605277060143,0.0012710756636186548,3.056206047943218e-05,0,1,20000.0,20260912
SIRT,99,0.15911248199130104,0.15762311523610156,0.13494345800063456,99,0.030081088818502928,0.006061080974029886,nan,1.242481181963905e-06,-0.0012876812501477698,0.0012436801361015244,3.018398410425097e-05,0,1,20000.0,20260912
SIRT,100,0.15785331891831472,0.1568534326933677,0.13632429100107402,100,0.029732726319788353,0.005999645148308266,nan,1.2033635776943395e-06,-0.001257959709408681,0.0012149613222659473,2.9626191777119573e-05,0,1,20000.0,20260912
LS,0,4.021569684156845,0.4102237573936767,0.0,0,0.0,0.08180334554002373,0.0,0.0,0.0,0.0,0.0,0,0,20000.0,20260912
LS,1,0.5402894247999912,0.14624007307715825,0.27558433300146135,451,9.811082061023855,0.0277329581800788,8.782718470473599e-08,0.7173063574139207,-2.7639739019429306,-1.3315863010503506,0.02101735062238469,0,423,20000.0,20260912
LS,2,0.16589076221370064,0.14373706294563782,0.43094954200205393,706,1.628188596017504,0.011985983549002335,8.904141928967081e-08,0.10288262704134031,-0.2715160355449516,0.241848757376218,0.008220020218303392,0,238,20000.0,20260912
LS,3,0.10818742479376751,0.14397375874978108,0.6128022920020157,1009,0.8204713654548436,0.005644147790943953,9.574249321206915e-08,0.017174591527438783,-0.04052874589249331,0.024044674343366344,0.003485380486791121,0,282,20000.0,20260912
LS,4,0.09576233865374174,0.1470305074616034,0.861347542002477,1414,0.9333559411506887,0.003045874636783864,7.918349719905318e-08,0.004353769756614064,-0.008071316383418401,-0.031132579504038617,0.0017798201416388162,0,382,20000.0,20260912
LS,5,0.09125141100162631,0.15009303643544888,0.9947300830026506,1629,0.38832289380144974,0.0018659711522554397,9.432329506760734e-08,0.0018341531995564992,-0.0026767744525598154,-0.003028805840401172,0.001131384685955793,0,200,20000.0,20260912
LS,6,0.08887678313424299,0.1521125994031851,1.0765172920000623,1754,0.28113924203807533,0.0014747919378913766,6.084207301866912e-08,0.0010339526107165323,-0.0013406752566631703,-0.0015773358033038531,0.0008298134421730426,0,114,20000.0,20260912
LS,7,0.08740360417839349,0.1543637185118211,1.1522477920007077,1869,0.24123074818019652,0.0012237245908449832,9.931579005808356e-08,0.0006550631219200576,-0.0008181158339274812,-0.0014364347375293673,0.000654023165975691,0,108,20000.0,20260912
LS,8,0.08643291875434161,0.1566095139149768,1.2763564580018283,2065,0.21153018852411745,0.001025064972281115,9.894613086281246e-08,0.00043784602221792106,-0.0005328394018382134,-0.0012665656088005576,0.0005339439680736049,0,184,20000.0,20260912
LS,9,0.0857631556708841,0.15870052347318028,1.4031215830000292,2265,0.18941514676593801,0.0009621189026674238,8.282330963147103e-08,0.0003051340174753293,-0.00036462906598691206,-0.0011241418077605836,0.00044689998220106425,0,188,20000.0,20260912
LS,10,0.08528143933195101,0.16077963998407727,1.5196743750020687,2457,0.17099851056427526,0.000914148280137429,9.798083271862011e-08,0.00022156178477106855,-0.00026015455415500836,-0.0009803081918269311,0.000382437262694677,0,181,20000.0,20260912
LS,11,0.08491980493360575,0.16285842827462832,1.640777042000991,2657,0.15586036879591045,0.0008925515993883349,9.938472309552929e-08,0.00016763680585325867,-0.00019399759249325106,-0.0008529883297146018,0.0003339070377558104,0,186,20000.0,20260912
LS,12,0.08463792509927362,0.1650010095469672,1.755755666999903,2847,0.14207390601482814,0.0009257529519899254,9.802693791788855e-08,0.0001312487496487893,-0.0001506310846820132,-0.000727369904183381,0.00029625990895299365,0,175,20000.0,20260912
LS,13,0.08441342877079093,0.16708708710121112,1.8216678330027207,2951,0.13183390675599618,0.000955524408632159,6.773974589599845e-08,0.00010504603709723454,-0.00011945029137962653,-0.0006445126200447448,0.00026535461528569737,0,97,20000.0,20260912
LS,14,0.08422766258857015,0.16904617172654787,1.888225375001639,3056,0.12258029560523581,0.0011227995231307098,9.228421883313506e-08,8.709008348562406e-05,-9.867609873950935e-05,-0.0005655302613125657,0.00024196800685938842,0,98,20000.0,20260912
LS,15,0.08407062051133614,0.1708998545571097,1.9559783330005303,3163,0.11462694294781132,0.0011287796327559586,9.931351932809154e-08,7.387181993470382e-05,-8.317025729381554e-05,-0.0004999247252440327,0.00022308727870743684,0,100,20000.0,20260912
LS,16,0.08393488561001662,0.17264019921108176,2.067447583001922,3347,0.10887537906658641,0.0011339511386033972,9.995416703077678e-08,6.401793487110931e-05,-7.17169664508522e-05,-0.00045695750702512677,0.00020770500923736037,0,170,20000.0,20260912
LS,17,0.0838162182648764,0.17433504044003348,2.1303563750007015,3446,0.10203428439283532,0.0011378957679104326,8.911235922028345e-08,5.60282290057869e-05,-6.263911612970977e-05,-0.00040188241443767515,0.0001944246746580168,0,92,20000.0,20260912
LS,18,0.08371100180536906,0.17596069583746657,2.194278167000448,3548,0.0972091841098967,0.0011418866736530075,9.782820629414862e-08,4.973028885427752e-05,-5.548617065778022e-05,-0.0003672648142582496,0.0001831665589356921,0,92,20000.0,20260912
LS,19,0.08361644363070903,0.1775377068447005,2.253553708000254,3640,0.09261913078483566,0.0011449931312000534,9.643378670499065e-08,4.472410450916865e-05,-4.983407014818367e-05,-0.0003343569947068937,0.0001737260995805675,0,87,20000.0,20260912
LS,20,0.08353032716650559,0.1790611393618959,2.31384083300145,3735,0.08845317977011838,0.0011468994811697072,8.81307172881532e-08,4.0625585274779824e-05,-4.549087892854073e-05,-0.00030508178636880716,0.00016558172591077066,0,87,20000.0,20260912
LS,21,0.08345173619364073,0.18049256094839733,2.3729403329998604,3828,0.08355582677601207,0.0011481756843003885,9.542868759645124e-08,3.690720875001276e-05,-4.168376412495347e-05,-0.00027048783654628534,0.0001579006763729948,0,85,20000.0,20260912
LS,22,0.08338001659641596,0.18182038015370924,2.432972583002993,3922,0.07908838937488401,0.0011490573695523204,9.757388936167406e-08,3.3546224723308816e-05,-3.817337249789197e-05,-0.0002410290694708958,0.0001507043078738638,0,86,20000.0,20260912
LS,23,0.08331436225542946,0.18309413425064824,2.4969353750020673,4019,0.07561267233175561,0.0011493750233132318,8.737809466620418e-08,3.0771106166403896e-05,-3.488323482230802e-05,-0.00022020946987097082,0.00014451994572020404,0,90,20000.0,20260912
LS,24,0.08325371063041974,0.18431790285302416,2.5582715420023305,4112,0.0719730767095057,0.0011493699729402391,9.829669462733804e-08,2.834041290375275e-05,-3.2311212107287324e-05,-0.00019835456354190013,0.00013890009648445163,0,84,20000.0,20260912
LS,25,0.08319742078465577,0.18550689739295428,2.617871500002366,4200,0.06922298276800297,0.001148926058010961,9.761067319184262e-08,2.629032893045742e-05,-2.9999516833871028e-05,-0.00018330122140098804,0.0001339067447950943,0,85,20000.0,20260912
LS,26,0.08314510179380986,0.18662694741155156,2.676760000002105,4289,0.0662269838382996,0.0011485557882671368,9.931468655342333e-08,2.4292178240683532e-05,-2.802681260440925e-05,-0.00016698167857001888,0.00012882466775948297,0,80,20000.0,20260912
LS,27,0.08309633553033126,0.18770051894912793,2.73856404199978,4381,0.06394772763333863,0.001147377453551146,9.238865918878345e-08,2.261215066210039e-05,-2.6154112822637355e-05,-0.00015569932999477738,0.00012432136236282333,0,87,20000.0,20260912
LS,28,0.08305080116164823,0.1887593222272587,2.7938391250027053,4462,0.06200261946522205,0.0011460845904366441,9.642026774949794e-08,2.1253379989666815e-05,-2.4280988691155867e-05,-0.0001466818723444282,0.00012053744427996232,0,77,20000.0,20260912
LS,29,0.08300787754260279,0.18980435918030766,2.8530173330000252,4551,0.060232425437117425,0.001144734447292702,9.137586769850489e-08,2.0065347777177196e-05,-2.2858271272776835e-05,-0.00013847363465645536,0.00011714107211423686,0,83,20000.0,20260912
LS,30,0.08296734502945086,0.1908331335105153,2.911888375001581,4641,0.0586255058629946,0.001143351995645925,9.8835217667153e-08,1.8982333085764606e-05,-2.1550180054574215e-05,-0.0001313149837326672,0.00011396540716882998,0,81,20000.0,20260912
LS,31,0.08292904731943991,0.19184766261320035,2.9707085830013966,4730,0.0572354039026396,0.0011420730540337117,9.928006461205601e-08,1.80176957788401e-05,-2.028001423634748e-05,-0.00012549686298396912,0.00011101768400722213,0,82,20000.0,20260912
LS,32,0.08289248228267942,0.19283343842352438,3.03343791700172,4826,0.05586520931216603,0.001140872388840943,9.512769858901635e-08,1.7136635229489473e-05,-1.9428401530151814e-05,-0.00011948104381412025,0.00010827215375344773,0,87,20000.0,20260912
LS,33,0.08285756361743969,0.1937980674493534,3.0912224580024485,4914,0.05458655010900574,0.0011395792399914785,8.831411823122115e-08,1.636213720128318e-05,-1.8556528037792497e-05,-0.00011406590740041652,0.00010580490021037721,0,79,20000.0,20260912
LS,34,0.08282415478947644,0.19474051279127147,3.146007167000789,4999,0.05313768960368684,0.001138090052318541,9.636916726724012e-08,1.5591640732104533e-05,-1.7817187233253494e-05,-0.00010777187485763625,0.00010329679482328868,0,79,20000.0,20260912
LS,35,0.0827923440437548,0.1956600603362902,3.196683500002109,5078,0.05184248809633639,0.0011365143138034111,9.795887868468126e-08,1.4839628348419104e-05,-1.697111737245964e-05,-0.0001025714328792947,0.00010077094095626596,0,72,20000.0,20260912
LS,36,0.08276206385830549,0.19656481281638818,3.247708500002773,5157,0.0505497718011833,0.0011348058252435343,9.831728719230533e-08,1.415954041057883e-05,-1.612064503863877e-05,-9.7483786008283e-05,9.847856716745742e-05,0,73,20000.0,20260912
LS,37,0.08273303716195596,0.19745720498610117,3.303534083002887,5245,0.0494755923120039,0.0010563921585174834,9.49214532669567e-08,1.358497437914808e-05,-1.5441721971191703e-05,-9.336501538164595e-05,9.645651065830873e-05,0,79,20000.0,20260912
LS,38,0.08270513188876605,0.19833786094975608,3.3595953750009357,5333,0.04854670699276561,0.0010566563658455522,8.365787577701749e-08,1.305688726325408e-05,-1.484838592794873e-05,-8.993386480216199e-05,9.457599888236866e-05,0,80,20000.0,20260912
LS,39,0.08267827532653446,0.1992045463468865,3.4178038330028357,5421,0.047638960945255875,0.0010569253977005797,8.865470556056201e-08,1.2554084043131545e-05,-1.4302478191443499e-05,-8.661696776559433e-05,9.27502832190264e-05,0,79,20000.0,20260912
LS,40,0.08265256104275812,0.20005926403220775,3.471486708000157,5501,0.0467899600694863,0.0010574489160424395,8.672335756065892e-08,1.207003318583787e-05,-1.3644250588572005e-05,-8.375073438886033e-05,9.092670420223253e-05,0,74,20000.0,20260912
LS,41,0.08262785332435249,0.20089167391670723,3.525733583002875,5581,0.045774731899024985,0.0010579068382314271,9.038931898675081e-08,1.1594917514531083e-05,-1.3112800892326026e-05,-8.005858561575532e-05,8.91554008681947e-05,0,74,20000.0,20260912
LS,42,0.08260402017304415,0.20169024491760135,3.585259917002986,5659,0.04470829434286697,0.0010583760536018083,9.394728535384714e-08,1.1134408483280064e-05,-1.2698742822553252e-05,-7.610842784407978e-05,8.739030374000136e-05,0,70,20000.0,20260912
LS,43,0.08258119533202152,0.2024519621730972,3.634301875001256,5734,0.04387600111469965,0.0010596599717812825,7.602661810146418e-08,1.0655831035035252e-05,-1.2169009989971424e-05,-7.343033266822509e-05,8.544645677298824e-05,0,69,20000.0,20260912
LS,44,0.08255925644855917,0.20319967281612006,3.6853063330017903,5813,0.04322635279247325,0.0010605851902296887,8.436072805691007e-08,1.0275884040938866e-05,-1.1662999419830292e-05,-7.148699532462394e-05,8.390482556311069e-05,0,71,20000.0,20260912
LS,45,0.08253820742881979,0.20393022735241367,3.736768917002337,5893,0.042398742991991964,0.0010610117753495644,8.855611642934876e-08,9.885271335104681e-06,-1.116374840606929e-05,-6.88336506256635e-05,8.230454030064306e-05,0,72,20000.0,20260912
LS,46,0.0825179307103732,0.20464363048806514,3.789129500000854,5973,0.0416875350269728,0.0010612902533402141,9.08034894243261e-08,9.537589364725392e-06,-1.0739129078545134e-05,-6.661581038466069e-05,8.083936368020478e-05,0,73,20000.0,20260912
LS,47,0.08249825697137642,0.20534922361951016,3.8399923750002927,6053,0.04097257539383327,0.0010615418148332328,8.556562429704379e-08,9.221086816628817e-06,-1.0452652182279e-05,-6.426385772338931e-05,7.947818233214843e-05,0,71,20000.0,20260912
LS,48,0.08247917540368928,0.20604805373489865,3.8914181670006656,6133,0.040362679212814744,0.00106175643377889,8.782397359542954e-08,8.93818343755449e-06,-1.014338424865881e-05,-6.237572597469185e-05,7.824620765314611e-05,0,72,20000.0,20260912
LS,49,0.08246072701864646,0.2067343734972017,3.9409362920014246,6209,0.039660705277409336,0.0010622948830733253,9.862187148583302e-08,8.652978689266791e-06,-9.795406351024508e-06,-6.020019211225492e-05,7.694817829049924e-05,0,70,20000.0,20260912
LS,50,0.0824428446819832,0.20740953099275292,3.989683542000421,6285,0.039003236384100665,0.0010627306838473412,9.193609440947556e-08,8.39127208400373e-06,-9.491064580272534e-06,-5.818028575843814e-05,7.573470576727991e-05,0,68,20000.0,20260912
LS,51,0.08242547124156548,0.20807928461936784,4.03803741700176,6357,0.038433608158750444,0.0010631302578899063,9.678927177466777e-08,8.15241317143347e-06,-9.221027243003228e-06,-5.648367138730118e-05,7.462470137881078e-05,0,67,20000.0,20260912
LS,52,0.08240855667924495,0.208741792751221,4.088894374999654,6435,0.03789479561455038,0.0010634684746703873,9.03116603398009e-08,7.92066938084542e-06,-8.993892940223052e-06,-5.4886214412897094e-05,7.35426597425935e-05,0,70,20000.0,20260912
LS,53,0.08239208520426092,0.20939914458522796,4.137226750000991,6510,0.03741520373325437,0.0010637644132065038,9.032609127099086e-08,7.709190534970914e-06,-8.762284449191752e-06,-5.352339853601823e-05,7.254543902989415e-05,0,66,20000.0,20260912
LS,54,0.08237615171754539,0.21004682214513112,4.183919375002006,6581,0.03673270053984968,0.0010639948109926534,9.98544838289337e-08,7.43973795309556e-06,-8.493748764592665e-06,-5.15310777319889e-05,7.128313133210292e-05,0,66,20000.0,20260912
LS,55,0.08236068902219258,0.21068705824502032,4.232299250001233,6656,0.03617422969830805,0.0010641842581211643,8.986204248709959e-08,7.226116930807597e-06,-8.236578425675555e-06,-4.9966049360486756e-05,7.025666443916464e-05,0,67,20000.0,20260912
LS,56,0.08234565578209196,0.21131948494876354,4.282855000001291,6733,0.03566875436986062,0.0010643848969483789,7.847469215204161e-08,7.005162077444006e-06,-8.028078024328394e-06,-4.857976181425499e-05,6.924116436671876e-05,0,68,20000.0,20260912
LS,57,0.0823310175591423,0.2119399749015914,4.332795542002714,6809,0.03501143211295649,0.0010646559817507895,9.155563886333955e-08,6.797516872745899e-06,-7.840706076190748e-06,-4.665179598033808e-05,6.82726561644414e-05,0,69,20000.0,20260912
LS,58,0.08231680692873983,0.21255168571663682,4.3819931670004735,6883,0.03449381780711956,0.001064903431835669,9.740097041004323e-08,6.615738717884441e-06,-7.5948916880154645e-06,-4.528054294307098e-05,6.738672634104838e-05,0,66,20000.0,20260912
LS,59,0.0823029701990599,0.21315653729758907,4.434283500002493,6965,0.034014785736622,0.0010651630841154059,9.754049831613912e-08,6.444301722206025e-06,-7.392427956150716e-06,-4.40135527554844e-05,6.653248572839775e-05,0,74,20000.0,20260912
LS,60,0.08228944152505883,0.21372349055722073,4.527910042001167,7117,0.034675581786765775,0.0010653553068369515,7.800719245163279e-08,6.287705476636979e-06,-7.2409685255895585e-06,-4.659112461147206e-05,6.574036537549148e-05,0,141,20000.0,20260912
LS,61,0.0822762926698294,0.21431974432941817,4.573818500000925,7187,0.03316841293171597,0.0010654435055585784,9.189515863959682e-08,6.137821834679434e-06,-7.011033394490161e-06,-4.1858325591007725e-05,6.496671306825948e-05,0,63,20000.0,20260912
LS,62,0.08226343292226951,0.21491203573450757,4.62249170799987,7262,0.03277181412251333,0.0010655013077311148,8.674230692026422e-08,5.99362367899251e-06,-6.866123877298723e-06,-4.083984248413527e-05,6.421227517135638e-05,0,68,20000.0,20260912
LS,63,0.08225085811112745,0.21549928069676752,4.671199500000512,7336,0.03238972223128424,0.0010655417976892828,9.618235870849869e-08,5.858364368880423e-06,-6.716446766892009e-06,-3.987989416892982e-05,6.350127899132035e-05,0,66,20000.0,20260912
LS,64,0.08223854720540758,0.21607647967739274,4.717170416999579,7406,0.032017651750428686,0.0010654444696632482,9.830712152921934e-08,5.7134999344950895e-06,-6.59740578865042e-06,-3.894559546071087e-05,6.274153706711725e-05,0,64,20000.0,20260912
LS,65,0.08222655373158666,0.2166459008474841,4.769198417001462,7484,0.03171998044563793,0.0010649848576130137,9.409100951771339e-08,5.5597494834919105e-06,-6.433724343822122e-06,-3.831438415266778e-05,6.193326640339414e-05,0,71,20000.0,20260912
LS,66,0.08221485751843599,0.21717962640497987,4.863175708000199,7631,0.03258736824984858,0.0010647753808888485,8.843384301801812e-08,5.434327121095901e-06,-6.261886027131119e-06,-4.140061532189269e-05,6.125543344909039e-05,0,138,20000.0,20260912
LS,67,0.08220350140704354,0.2177444732678888,4.911108625001361,7702,0.030939130949914097,0.0010646082118704846,9.799659593724377e-08,5.311320739396148e-06,-6.044790651819501e-06,-3.6505379804341776e-05,6.0567236978267086e-05,0,64,20000.0,20260912
LS,68,0.08219239840961479,0.21830471283835295,4.964063499999611,7782,0.0305676874942085,0.0010645225842531426,9.358887806372108e-08,5.194645448028643e-06,-5.9083519819543014e-06,-3.5616178508429886e-05,5.9921331256256716e-05,0,72,20000.0,20260912
LS,69,0.08218150570064015,0.21883177695190426,5.0548777080002765,7925,0.0313086618692217,0.0010644321955277105,9.960597861239378e-08,5.084110934629216e-06,-5.808598039926561e-06,-3.811890642742151e-05,5.929366865269554e-05,0,133,20000.0,20260912
LS,70,0.08217090697320861,0.2193772100139376,5.102195542000118,7997,0.02979903674547082,0.0010641128529464499,9.417210186790953e-08,4.9670123904246755e-06,-5.6317150374795376e-06,-3.380040211636379e-05,5.8616110154899e-05,0,66,20000.0,20260912
LS,71,0.0821605403873258,0.21991233566285814,5.152484458001709,8075,0.029410191152623798,0.0010638284171966502,8.567295132325616e-08,4.861746917866905e-06,-5.5048389706035405e-06,-3.288138129888131e-05,5.800651407863916e-05,0,71,20000.0,20260912
LS,72,0.08215030452975959,0.2203981022100725,5.2441327500018815,8221,0.02986340889556312,0.0010640917848886405,7.704948617944253e-08,4.725870867170681e-06,-5.5099866973994795e-06,-3.4355301976970114e-05,5.7122314185078514e-05,0,138,20000.0,20260912
LS,73,0.08214039092152953,0.22089589307309213,5.290328208000574,8292,0.028119180478465823,0.0010642005216199625,9.75185762700562e-08,4.597581245479206e-06,-5.316026981574665e-06,-2.9620807308962855e-05,5.636414404004146e-05,0,65,20000.0,20260912
LS,74,0.08213077821735386,0.2213891011951228,5.345974583000498,8379,0.027781416197412454,0.0010640948845777915,9.510779701392807e-08,4.493350613967427e-06,-5.119353568777702e-06,-2.8977650121024273e-05,5.5735636972886004e-05,0,80,20000.0,20260912
LS,75,0.08212135469817458,0.22184637387627099,5.436911458000395,8527,0.029088924258553348,0.00106388298307631,8.456108136399059e-08,4.396453562352709e-06,-5.027065611627912e-06,-3.2884756546715254e-05,5.513862062133884e-05,0,138,20000.0,20260912
LS,76,0.08211227694306122,0.22233504861708644,5.484997042000032,8601,0.027207370697524786,0.0010637498192717042,9.802127661255986e-08,4.303915032041482e-06,-4.773840078888174e-06,-2.7934295900269565e-05,5.456126946683137e-05,0,66,20000.0,20260912
LS,77,0.08210339871169922,0.22279333044748978,5.577350750001642,8751,0.028079762920637328,0.001063727700081837,9.372371476133035e-08,4.215400775963047e-06,-4.662830587949083e-06,-3.054542292195712e-05,5.401029567985349e-05,0,140,20000.0,20260912
LS,78,0.08209475170299034,0.2232766844968757,5.622878625003068,8821,0.026612998661476393,0.0010636924138229102,9.331038461017997e-08,4.129021796849327e-06,-4.51798690661802e-06,-2.6765576178905862e-05,5.346328878504193e-05,0,64,20000.0,20260912
LS,79,0.0820862422310454,0.22374200351645276,5.671525792000466,8896,0.026146971404658357,0.0010630851852121317,9.746041653931484e-08,4.004707997314983e-06,-4.504763950300326e-06,-2.5673733736855863e-05,5.2599593666682e-05,0,68,20000.0,20260912
LS,80,0.0820779213891695,0.22416995972502674,5.765870167000685,9044,0.027520391332900563,0.0010626955385815184,9.429167202598351e-08,3.916096726657275e-06,-4.404745147455215e-06,-2.9547755079904872e-05,5.2001267669837845e-05,0,139,20000.0,20260912
LS,81,0.08206985337182045,0.22462663451846726,5.814192375000857,9116,0.025539217090286583,0.0010624605246999934,7.915374515446197e-08,3.834017203180179e-06,-4.2340001546211834e-06,-2.45445631301866e-05,5.144448805586696e-05,0,65,20000.0,20260912
LS,82,0.08206195840003429,0.225079932151024,5.864911374999792,9192,0.025274724566675254,0.001062293871500537,9.866163327286016e-08,3.7561655865803955e-06,-4.138806189667869e-06,-2.4045613309905043e-05,5.091624026504411e-05,0,68,20000.0,20260912
LS,83,0.08205426126826824,0.22549716942600267,5.958594125000673,9339,0.02679253756408053,0.0010622135556636347,7.825656234349017e-08,3.669511426437503e-06,-4.027620341901241e-06,-2.8194871690089842e-05,5.031689278011698e-05,0,138,20000.0,20260912
LS,84,0.08204675140274253,0.22594275207621534,6.004157458002737,9406,0.024856676206617852,0.001062051174663196,9.844473668236862e-08,3.591643832649788e-06,-3.91822169934379e-06,-2.338285207632268e-05,4.9764608353225603e-05,0,61,20000.0,20260912
LS,85,0.08203937541308946,0.22638594777767845,6.051857375001418,9475,0.024641555569549098,0.0010618941493495198,9.204472759086378e-08,3.5191422382022156e-06,-3.85684740799964e-06,-2.2984323391287072e-05,4.9251490269500466e-05,0,64,20000.0,20260912
LS,86,0.08203209017322141,0.22679918818721065,6.147225125001569,9624,0.025997701401954634,0.0010617024783044662,8.649668292578054e-08,3.455364619934304e-06,-3.829875245993686e-06,-2.650878404120796e-05,4.8798598913285566e-05,0,140,20000.0,20260912
LS,87,0.08202507500608734,0.22722913819347698,6.197629583002708,9700,0.023855049171215507,0.0010615199258092395,8.256999308565256e-08,3.3604751228017442e-06,-3.654692008646768e-06,-2.1438001413985906e-05,4.8220885364634514e-05,0,67,20000.0,20260912
LS,88,0.08201824062696114,0.22765105831607468,6.2433555830029945,9768,0.02340823357498858,0.0010614534600896107,9.848939047903485e-08,3.2793292156301085e-06,-3.555049909316879e-06,-2.0562890828861253e-05,4.767611550947694e-05,0,64,20000.0,20260912
LS,89,0.08201152287043284,0.22803950970613457,6.335216167000908,9918,0.02489107201959359,0.0010614193616099933,9.544828166576575e-08,3.2111629369755936e-06,-3.5065935993863993e-06,-2.4260516785928105e-05,4.720520188118968e-05,0,139,20000.0,20260912
LS,90,0.08200498723211641,0.22845200433728058,6.381999208002526,9989,0.022781719507951735,0.0010613219064857903,9.010791453917553e-08,3.1394948311347606e-06,-3.3961434808487352e-06,-1.9414698870519982e-05,4.669695505185608e-05,0,66,20000.0,20260912
LS,91,0.08199853352590562,0.22885701206547915,6.429694125003152,10062,0.022475814797537484,0.0010612238488242904,9.338365715614537e-08,3.0693181305944065e-06,-3.3843880791742124e-06,-1.8804406329872467e-05,4.620381500635411e-05,0,67,20000.0,20260912
LS,92,0.08199225205809188,0.22923173579963976,6.520395499999722,10210,0.023943630704545756,0.0010610984982148213,8.460130509743605e-08,3.0079933086847424e-06,-3.2734745049885064e-06,-2.238340475204037e-05,4.575851694580279e-05,0,136,20000.0,20260912
LS,93,0.08198623171131919,0.2296273071265743,6.56402616700143,10276,0.021946492700794584,0.0010608763565636077,8.998853014247499e-08,2.9457261785380844e-06,-3.0746205939934344e-06,-1.806208032061213e-05,4.530639688856221e-05,0,61,20000.0,20260912
LS,94,0.08198031537913536,0.23001966634565976,6.611329082999873,10346,0.02173210909605045,0.0010606831138742774,9.103378578523295e-08,2.892229508505e-06,-3.0241026703459483e-06,-1.7697896104301236e-05,4.4912058139166475e-05,0,65,20000.0,20260912
LS,95,0.08197447032436421,0.2303838079761768,6.699235083000531,10482,0.02320222733546852,0.0010604648304518645,9.524384283108118e-08,2.8397156126094868e-06,-3.0053391623183694e-06,-2.1072112895187862e-05,4.45198102059555e-05,0,130,20000.0,20260912
LS,96,0.08196878732544599,0.23077085619181364,6.74453883300157,10547,0.021283116546364264,0.0010601871836085084,8.441018437108955e-08,2.7890003444770205e-06,-2.89399857502798e-06,-1.6965553578087332e-05,4.413630206826511e-05,0,62,20000.0,20260912
LS,97,0.08196320313056484,0.23115439033386473,6.790229375001218,10612,0.021053816343490423,0.00105994266276415,9.634142660136213e-08,2.739531528520771e-06,-2.8446633508370116e-06,-1.6578964250115422e-05,4.3768869092807586e-05,0,63,20000.0,20260912
LS,98,0.08195769669397114,0.23150532606763313,6.877979000000778,10754,0.022894870710533026,0.0010597410366941108,9.600704960973229e-08,2.68867516771542e-06,-2.8177614209820586e-06,-2.0702318648907054e-05,4.3383590183203016e-05,0,134,20000.0,20260912
LS,99,0.08195237802516445,0.23187754744332553,6.921642375000374,10820,0.02059624333523263,0.0010595072543777056,9.192924690220484e-08,2.638602925254634e-06,-2.680065883458895e-06,-1.589159316951099e-05,4.298340746116182e-05,0,61,20000.0,20260912
LS,100,0.081947130425977,0.23224676241636114,6.965451292002399,10886,0.020404669184607926,0.0010592603716880855,9.888930878608011e-08,2.5943058265433124e-06,-2.6532933631512308e-06,-1.556992703921487e-05,4.263110617063406e-05,0,61,20000.0,20260912
WLS,0,4.021569684156845,0.4102237573936767,0.0,0,0.0,0.08180334554002373,0.0,0.0,0.0,0.0,0.0,0,0,20000.0,20260912
WLS,1,0.5250643751286321,0.13263748051866292,0.38018445799752953,618,9.68652989158419,0.03159213323795316,9.546070578175892e-08,0.7294830886338439,-2.767022220394362,-1.194937757999488,0.02123787758267692,0,585,20000.0,20260912
WLS,2,0.16112220454951157,0.12761034855666278,0.62736704100098,1019,1.5159852086306067,0.012498661348350376,9.023041376520722e-08,0.0997375022818291,-0.2642046682972938,0.24903161293978138,0.008076423389750386,0,378,20000.0,20260912
WLS,3,0.10559069062380268,0.1316815365129326,0.8465469160000794,1382,0.8189209115628169,0.005698784431968653,9.998428351765423e-08,0.016347221994857004,-0.03918429193085894,0.021999940955965143,0.003390196502307015,0,342,20000.0,20260912
WLS,4,0.09402681438098243,0.13661561647532183,1.0061595829974976,1643,0.7058221127526484,0.0030555878765995844,9.640743544048822e-08,0.003981417649213057,-0.007582458593609141,-0.013345366499710368,0.0017055047335249535,0,251,20000.0,20260912
WLS,5,0.08997013433640338,0.13994837624308706,1.0961116660000698,1787,0.31684599915695827,0.001913039910809814,9.506131345695553e-08,0.0016327599124765697,-0.002423920132100288,-0.000962889314509518,0.0010728067572314955,0,136,20000.0,20260912
WLS,6,0.08783992715192081,0.14325553741595706,1.2005186659989704,1955,0.26453190533258747,0.0013455097181695414,9.217709032521085e-08,0.0009213132197378883,-0.001208893964744324,-0.0013686492624618743,0.0007869758738838447,0,160,20000.0,20260912
WLS,7,0.08651079546942311,0.1463956550548765,1.3484726249989762,2199,0.23026907392329576,0.0011111626247078314,9.087006591827054e-08,0.0005902664676392593,-0.0007388652148594947,-0.001322060637776918,0.000622714143922828,0,229,20000.0,20260912
WLS,8,0.08562060423870724,0.14940300123378245,1.494493957998202,2437,0.205815996690599,0.0009149694332542904,9.228727213547584e-08,0.0004007534450495405,-0.000489437785666332,-0.0012278199939713577,0.0005117618043297569,0,225,20000.0,20260912
WLS,9,0.08499841488691752,0.15226597393635244,1.637177041000541,2664,0.1821725712712489,0.0007537457119011871,9.347699743626297e-08,0.0002831704726509506,-0.0003390188791375525,-0.0010371529343891955,0.00043092039046088834,0,213,20000.0,20260912
WLS,10,0.0845454891816975,0.1550555934432033,1.77884504100075,2888,0.1651392141997181,0.0006218786568807567,9.621051340297359e-08,0.00020844912021175427,-0.00024447658500884425,-0.0009106222981050049,0.00037080409219563174,0,214,20000.0,20260912
WLS,11,0.0842021592200961,0.1577833411736667,1.9208527080008935,3115,0.1508404236360899,0.0005145661980626486,8.641330093742651e-08,0.0001596781072883087,-0.00018365185430702972,-0.0007943117085343545,0.00032545830627096826,0,216,20000.0,20260912
WLS,12,0.08393310671270135,0.16041275570440772,2.057604749999882,3341,0.13890203027530199,0.00042735008525650374,8.93582275448252e-08,0.00012598848943638847,-0.00014306401796410707,-0.0006956361933352887,0.00028963751030234414,0,213,20000.0,20260912
WLS,13,0.08371676901406848,0.16289180643236878,2.1931826660002116,3563,0.12927738118546897,0.00035662614284466646,9.316394962573184e-08,0.0001022393834340525,-0.00011409831519797054,-0.0006192943656757816,0.00026107378419533975,0,210,20000.0,20260912
WLS,14,0.08353682009625192,0.16530335126547213,2.29208799999833,3723,0.12108008808222175,0.0002986846275009195,9.959686828181454e-08,8.574252123381736e-05,-9.4206396582094e-05,-0.0005530704686833708,0.0002391866692520037,0,150,20000.0,20260912
WLS,15,0.08338342995868525,0.16751739171850996,2.421692541000084,3934,0.11471494633668919,0.00025242287673594955,9.002333007463009e-08,7.350484993697112e-05,-7.988528762595064e-05,-0.0005045858080848045,0.00022159980987045865,0,201,20000.0,20260912
WLS,16,0.08325046714929425,0.16967733311207647,2.5046709999987797,4064,0.107722922996388,0.0002169397082714533,9.968120162583216e-08,6.399854716982398e-05,-6.896426222667706e-05,-0.0004472485975532879,0.0002067879779089858,0,121,20000.0,20260912
WLS,17,0.08313345611974629,0.17170001889763695,2.635376250000263,4269,0.10323405762805986,0.00018734203082670212,9.093646866503707e-08,5.657342026540986e-05,-6.043760927876668e-05,-0.00041585250316971767,0.0001944462613575558,0,200,20000.0,20260912
WLS,18,0.08302951013234058,0.17366341114008518,2.7136599160003243,4392,0.09725292322072852,0.00016246957601687007,9.484895278936128e-08,5.035619061512864e-05,-5.358979679422737e-05,-0.00036896056634313894,0.00018350344434438549,0,114,20000.0,20260912
WLS,19,0.08293600848203479,0.17549772352445525,2.844163165998907,4607,0.09404977372444338,0.00015469714079407207,7.264300134092077e-08,4.5484366324125676e-05,-4.801728397849772e-05,-0.0003487663465751589,0.00017436934814220358,0,204,20000.0,20260912
WLS,20,0.08285122877426639,0.17726855651236373,2.9219385409996903,4731,0.08818245192424062,0.00015145172197458633,8.23952397195826e-08,4.1274311843096876e-05,-4.3505395928174826e-05,-0.000304027533600144,0.00016623217934394263,0,116,20000.0,20260912
WLS,21,0.08277461351692814,0.17890189543870247,2.990169082997454,4840,0.08316843147865036,0.00014965695851454008,9.880232096400332e-08,3.7322472406614735e-05,-3.9292784927426424e-05,-0.000269234142392698,0.00015842429203226843,0,100,20000.0,20260912
WLS,22,0.08270509519326784,0.18044058467725435,3.055463124997914,4943,0.0791503266913173,0.00014777066213757305,8.157576966257991e-08,3.3884754658166046e-05,-3.5633569003755675e-05,-0.0002437203871068153,0.00015120092556730746,0,96,20000.0,20260912
WLS,23,0.0826414544531224,0.18191522273691257,3.1197568329989736,5043,0.07587137798548557,0.0001454728625296348,7.71212794716172e-08,3.11369399191892e-05,-3.2503800225047376e-05,-0.0002241825597253865,0.00014509459312629503,0,95,20000.0,20260912
WLS,24,0.0825829410544804,0.18330493928528194,3.1834082499990473,5139,0.07270182269620204,0.00014303445060101492,8.543625394272209e-08,2.867918609210377e-05,-2.983421255350994e-05,-0.0002057643525254955,0.00013919141928069758,0,92,20000.0,20260912
WLS,25,0.0825286361215863,0.18463928261468926,3.2492549999988114,5239,0.06989351959095347,0.00014063851846237197,9.120461038435343e-08,2.6649291020687927e-05,-2.7655641871519866e-05,-0.0001899502711464495,0.00013421248374402678,0,93,20000.0,20260912
WLS,26,0.08247796303150524,0.185931121032685,3.3150865829993563,5338,0.06749492214264591,0.00013800178062895794,9.6745880864616e-08,2.4907957528584922e-05,-2.5765132552050507e-05,-0.00017710513567103684,0.00012977793795573657,0,94,20000.0,20260912
WLS,27,0.08243059544318822,0.1871556885309388,3.3795322080004553,5437,0.0651965734038398,0.00013515425868792445,9.48355035285492e-08,2.327951838747647e-05,-2.408806992937357e-05,-0.00016516207086308702,0.00012548711946452838,0,92,20000.0,20260912
WLS,28,0.08238612561827023,0.18834044472709952,3.4442649579978024,5539,0.06325056181508855,0.000132166657729024,8.65968128046517e-08,2.1903310125401613e-05,-2.256651479722031e-05,-0.00015556185357823045,0.00012178294896276633,0,95,20000.0,20260912
WLS,29,0.08234407646399353,0.1895005754577602,3.508502624998073,5641,0.06158404859619159,0.00012913024642311906,9.988696654011942e-08,2.0737245569035377e-05,-2.131190870644535e-05,-0.00014758059779819953,0.00011853625285857771,0,93,20000.0,20260912
WLS,30,0.08230412087077092,0.190640716812545,3.571046249999199,5739,0.0601423539633227,0.00012631251120504667,9.773930908244882e-08,1.9728919271983454e-05,-2.0226673948140668e-05,-0.00014089954378987567,0.00011563459344390647,0,91,20000.0,20260912
WLS,31,0.0822660265433475,0.19176199790092502,3.63261379100004,5835,0.05879143393814711,0.00012361997894977188,9.89962187988925e-08,1.8821120454338484e-05,-1.9273206968272636e-05,-0.0001347273078017517,0.00011295524349373673,0,90,20000.0,20260912
WLS,32,0.08222966976309959,0.19285070400855575,3.696297708000202,5935,0.057615582755283126,0.0001210375998975776,9.553568730496298e-08,1.796739280684311e-05,-1.838938744483582e-05,-0.0001296209885636347,0.00011036176477653914,0,94,20000.0,20260912
WLS,33,0.08219500295456948,0.19390800753200554,3.7563363749977725,6028,0.05612477029108742,0.00011849034570403198,9.342534952379486e-08,1.7130933325038545e-05,-1.753587519970101e-05,-0.00012283268348125986,0.00010778955111383888,0,88,20000.0,20260912
WLS,34,0.08216190096362554,0.19494473488227254,3.816212457997608,6121,0.054780371303216065,0.00011620492386710989,9.72368495323747e-08,1.637226415576527e-05,-1.672972678904621e-05,-0.0001169424630619653,0.00010544201713528988,0,88,20000.0,20260912
WLS,35,0.08213050652753531,0.1959472708736639,3.877467833000992,6217,0.05310197144745588,0.00011436163423182653,7.446844769286634e-08,1.5506916253068734e-05,-1.588751983434304e-05,-0.00010959653249009748,0.00010269229875507843,0,89,20000.0,20260912
WLS,36,0.08210055513298489,0.19690912209905032,3.9378316660004202,6312,0.05168561736936504,0.00011230320309559332,8.543789618392159e-08,1.482690959745517e-05,-1.5124484953417584e-05,-0.00010361875759220008,0.00010044033771119552,0,87,20000.0,20260912
WLS,37,0.0820717976535574,0.19785084701095415,3.997519165997801,6404,0.0505884614935378,0.00011023472211747607,9.650784653411161e-08,1.4245263973198004e-05,-1.451221545235456e-05,-9.920214238666976e-05,9.846650309611452e-05,0,88,20000.0,20260912
WLS,38,0.0820441500552552,0.19877316411123758,4.064087374998053,6509,0.049684040616563806,0.00010818590740936695,8.656572494460777e-08,1.3699963763328699e-05,-1.394763454507264e-05,-9.577759629721301e-05,9.659269348491824e-05,0,96,20000.0,20260912
WLS,39,0.08201750786692384,0.19968092135813673,4.123679000000266,6601,0.04883353276651365,0.00010619804866089274,9.585300040230815e-08,1.3210961912808223e-05,-1.343122641626933e-05,-9.259350779155034e-05,9.488178402969165e-05,0,88,20000.0,20260912
WLS,40,0.08199178362097177,0.20057267217514863,4.1866335829981836,6700,0.04797776842823582,0.00010436241282176266,8.048400402282002e-08,1.275594018522908e-05,-1.2968305766944748e-05,-8.936906721560207e-05,9.326386728826552e-05,0,92,20000.0,20260912
WLS,41,0.0819668839314592,0.20144951868832356,4.247330457998032,6796,0.047256218895373854,0.00010254454157337416,9.651828443108159e-08,1.2358773391833352e-05,-1.2540916119809459e-05,-8.675782170180752e-05,9.18149930641321e-05,0,87,20000.0,20260912
WLS,42,0.0819427304025197,0.20231978361134562,4.310911915999895,6897,0.046581030666732644,0.00010083280570121428,8.39473169520994e-08,1.1992490184573668e-05,-1.2161038756066845e-05,-8.433609195925208e-05,9.046027255022032e-05,0,92,20000.0,20260912
WLS,43,0.0819192781549317,0.20318351082720867,4.372212582999055,6993,0.045895378637457636,9.922395988313939e-05,9.620919878243343e-08,1.1644673564844388e-05,-1.1807574021155316e-05,-8.186704142578124e-05,8.915439822176735e-05,0,87,20000.0,20260912
WLS,44,0.08189648331920725,0.2040401042466667,4.436394290998578,7091,0.04527455781119077,9.858445645781442e-05,8.685843582650678e-08,1.1313541850192377e-05,-1.1481293877745975e-05,-7.969444352548825e-05,8.78806145165283e-05,0,90,20000.0,20260912
WLS,45,0.0818744186487864,0.204878593387068,4.498667832998763,7189,0.04475127593958291,9.783791480839484e-05,7.739860424877454e-08,1.0946830573247708e-05,-1.1117839845909098e-05,-7.806916449018859e-05,8.640629226528467e-05,0,91,20000.0,20260912
WLS,46,0.08185298116050319,0.20570932687214924,4.556973332997586,7279,0.04412616477110521,9.698651063290579e-05,9.484755325614246e-08,1.0642148342312102e-05,-1.0795339943994887e-05,-7.591843258711777e-05,8.51816548510148e-05,0,86,20000.0,20260912
WLS,47,0.08183220691801045,0.2065181232011713,4.614158165997651,7367,0.04337683166025054,9.588599731420834e-05,8.476142067225168e-08,1.0307154355327395e-05,-1.0467088135118298e-05,-7.330323375135028e-05,8.38821437199176e-05,0,84,20000.0,20260912
WLS,48,0.08181202006778535,0.20731424064917353,4.675029915997584,7463,0.04277454625354955,9.479995809622685e-05,9.512413683185515e-08,1.0025030503354333e-05,-1.0161819721761972e-05,-7.129624013474849e-05,8.274171435493398e-05,0,88,20000.0,20260912
WLS,49,0.08179237183264013,0.20809900768860412,4.73511041600068,7556,0.042228587759943995,9.375485976395717e-05,8.49591375658376e-08,9.757215052571742e-06,-9.89102009405741e-06,-6.951444606474474e-05,8.165323473148464e-05,0,88,20000.0,20260912
WLS,50,0.08177326138638807,0.2088683108527813,4.7944730409981275,7647,0.04167194304834852,9.285845870154476e-05,8.09457488194934e-08,9.485079311121621e-06,-9.625366938797855e-06,-6.77170956191882e-05,8.05211412278683e-05,0,88,20000.0,20260912
WLS,51,0.08175482510820634,0.2096173080206868,4.855889582999225,7742,0.04095730629135828,9.184665214576433e-05,7.994653167136976e-08,9.127912785948115e-06,-9.30836539469191e-06,-6.543876875046862e-05,7.909228608692523e-05,0,87,20000.0,20260912
WLS,52,0.08173697659249149,0.21035335317807574,4.917363624997961,7838,0.040062341128578906,9.091732579020221e-05,9.712312574093059e-08,8.848227219595626e-06,-9.00028849229051e-06,-6.240104312028457e-05,7.793883897570438e-05,0,88,20000.0,20260912
WLS,53,0.08171967915235527,0.21107303149009415,4.9755686659991625,7929,0.03919631161769644,8.989533441943411e-05,9.120266875927201e-08,8.582262015960044e-06,-8.715178128052305e-06,-5.952010208535967e-05,7.686841357524248e-05,0,84,20000.0,20260912
WLS,54,0.08170285970166637,0.21178498381765123,5.035347124998225,8022,0.038546848279042326,8.901355124519493e-05,7.662653942118693e-08,8.348886248756798e-06,-8.470564436190866e-06,-5.7473524923471305e-05,7.588215845775475e-05,0,87,20000.0,20260912
WLS,55,0.08168647952227862,0.212490256225244,5.090980416000093,8108,0.037973068740228745,8.820230455038802e-05,9.885380657781136e-08,8.132947110510042e-06,-8.24723227262998e-06,-5.5717518089755825e-05,7.495486553830057e-05,0,80,20000.0,20260912
WLS,56,0.08167050735219104,0.21318950905931072,5.148312790999626,8198,0.03744352136171531,8.740497083282976e-05,9.330296324463369e-08,7.931601725350244e-06,-8.040568362984756e-06,-5.4128694510689526e-05,7.407136821050194e-05,0,82,20000.0,20260912
WLS,57,0.08165492558255123,0.21388166554550125,5.205835249998927,8287,0.0369640355009404,8.676391765261454e-05,8.917214206822293e-08,7.739850395049111e-06,-7.841919244401739e-06,-5.273522638592826e-05,7.322202467078797e-05,0,84,20000.0,20260912
WLS,58,0.08163980375685888,0.2145446314915743,5.264588707999792,8379,0.03601460823826515,8.618454891951513e-05,8.43496968571019e-08,7.49298741996888e-06,-7.628838273911098e-06,-4.9730774635431144e-05,7.205403746020055e-05,0,85,20000.0,20260912
WLS,59,0.08162513687215117,0.21518132358278785,5.320428040999104,8467,0.035222598871199606,8.56691915148421e-05,7.398143808421272e-08,7.283518239331359e-06,-7.383366468520616e-06,-4.736468885436521e-05,7.105417234858663e-05,0,79,20000.0,20260912
WLS,60,0.08161083693415735,0.2158103396782266,5.3741367910006375,8550,0.03469176852953928,8.510584984962449e-05,9.99733846161233e-08,7.104763155043209e-06,-7.1951748360149535e-06,-4.5876002191539694e-05,7.020468197422748e-05,0,77,20000.0,20260912
WLS,61,0.08159686978622124,0.21643340094329563,5.4322299159975955,8641,0.03426125814305435,8.450147929735496e-05,9.88230212234524e-08,6.94089549437614e-06,-7.026252443802579e-06,-4.472454254113897e-05,6.94257661844797e-05,0,84,20000.0,20260912
WLS,62,0.08158324126273742,0.21702126963419627,5.535772582999925,8807,0.03498709676293286,8.381310449264282e-05,8.52992142366442e-08,6.771331154747596e-06,-6.857192322516611e-06,-4.757632351111397e-05,6.862390237209184e-05,0,159,20000.0,20260912
WLS,63,0.0815699665755421,0.21762402777522533,5.592331541000021,8891,0.033233486563301155,8.292100173323148e-05,8.80784745485996e-08,6.5996757883525744e-06,-6.675011413958875e-06,-4.194854426233382e-05,6.779359708966995e-05,0,78,20000.0,20260912
WLS,64,0.0815569782331763,0.21822171127730966,5.647494165998069,8973,0.03287206320979223,8.212018956971215e-05,8.931903765297931e-08,6.458358544023736e-06,-6.52998382396094e-06,-4.104028461763487e-05,6.709024651528262e-05,0,76,20000.0,20260912
WLS,65,0.08154433742500045,0.21880037354930046,5.70790491599837,9063,0.03202456922324967,8.136455787059575e-05,9.689784078206123e-08,6.265655401579466e-06,-6.375152775878662e-06,-3.863784352088161e-05,6.601086153506517e-05,0,85,20000.0,20260912
WLS,66,0.08153203273087224,0.21936631141370885,5.769204290998459,9156,0.03141288844799641,8.064067797312592e-05,9.264882197847594e-08,6.110836606012625e-06,-6.1938575191018894e-06,-3.703378390410931e-05,6.515026703228163e-05,0,84,20000.0,20260912
WLS,67,0.08152000714058635,0.21990220813224767,5.872453040999972,9315,0.03242911884539401,8.001360080345964e-05,9.902187888624687e-08,5.976789658447781e-06,-6.048800629828373e-06,-4.0556797168546e-05,6.442670705853799e-05,0,152,20000.0,20260912
WLS,68,0.08150828473048842,0.22045406678067594,5.926746000001003,9395,0.030669770243150207,7.937092992472191e-05,8.11143403254415e-08,5.819914968589922e-06,-5.902495132869633e-06,-3.530933024044759e-05,6.360055013549612e-05,0,73,20000.0,20260912
WLS,69,0.08149684614512047,0.2209977448781152,5.983895499997743,9480,0.03040233432312774,7.870600877410307e-05,9.4387586634691e-08,5.6795819100148735e-06,-5.759003451817394e-06,-3.477651124681049e-05,6.283906565419828e-05,0,77,20000.0,20260912
WLS,70,0.08148567065225984,0.22153345581313924,6.042614375000994,9567,0.029991013097830848,7.851061293383497e-05,9.759289780885125e-08,5.550224748903163e-06,-5.6252681110595695e-06,-3.379755047108361e-05,6.215060578669413e-05,0,82,20000.0,20260912
WLS,71,0.08147475007248134,0.2220312885280618,6.1465442499975325,9729,0.03124598908398296,7.838347830748593e-05,9.900818698859082e-08,5.4258896445637116e-06,-5.4946901348669095e-06,-3.789501191331854e-05,6.150991987356704e-05,0,153,20000.0,20260912
WLS,72,0.08146405397493436,0.22255206009033923,6.198598832997959,9804,0.02931943385324031,7.822479419082175e-05,9.502510626853053e-08,5.315656039273401e-06,-5.380441514630506e-06,-3.228536252675172e-05,6.091107547223064e-05,0,70,20000.0,20260912
WLS,73,0.08145357199750124,0.22306991096638096,6.24847787500039,9881,0.029035540847286604,7.803844773661325e-05,8.998361986686345e-08,5.2096632151417115e-06,-5.272314211746755e-06,-3.167115418159527e-05,6.032176958252007e-05,0,71,20000.0,20260912
WLS,74,0.08144329350928553,0.2235844413827632,6.299951958000747,9960,0.028746828711214752,7.787416000847932e-05,9.709463899599714e-08,5.107634001393948e-06,-5.1708542148079306e-06,-3.104051983188961e-05,5.9748131084537625e-05,0,73,20000.0,20260912
WLS,75,0.08143323968576892,0.22409067193964774,6.352541332998953,10040,0.028348509778909726,7.772006064533665e-05,9.838932553053642e-08,4.994008750799357e-06,-5.059814768351061e-06,-3.0128076817635024e-05,5.913607263704529e-05,0,76,20000.0,20260912
WLS,76,0.08142349499672011,0.2245742679368283,6.41446254100083,10136,0.027832117351613162,7.761205373235262e-05,9.85192256235261e-08,4.827401268270543e-06,-4.917287778263644e-06,-2.898664876488823e-05,5.8086327741881214e-05,0,90,20000.0,20260912
WLS,77,0.0814139964465759,0.2250263795065484,6.511685249999573,10289,0.028921358447142664,7.750937096081576e-05,9.42389584527207e-08,4.7133359349048e-06,-4.785214210014494e-06,-3.2323698577200876e-05,5.7403768949070114e-05,0,144,20000.0,20260912
WLS,78,0.08140470519155171,0.2254969191331995,6.564182165999227,10367,0.027126769066272493,7.750440668496719e-05,7.336854312842769e-08,4.612418581927466e-06,-4.678836443715069e-06,-2.75018249745531e-05,5.679108297556682e-05,0,72,20000.0,20260912
WLS,79,0.0813956012426224,0.22596490320469886,6.615362790998915,10443,0.026837272781350674,7.743512705329338e-05,8.458410043208459e-08,4.522977614322101e-06,-4.580971319942544e-06,-2.6908011587724745e-05,5.625001813584531e-05,0,70,20000.0,20260912
WLS,80,0.08138667753623069,0.22643011807841235,6.672910582998156,10531,0.026545565736814596,7.731040987651975e-05,9.941039362273138e-08,4.432819113969559e-06,-4.490887270333297e-06,-2.630964662266034e-05,5.569768187906945e-05,0,78,20000.0,20260912
WLS,81,0.0813779258722056,0.2268736104935971,6.7704180410000845,10684,0.027638966415602255,7.722424929875996e-05,8.330731967847103e-08,4.348284846997877e-06,-4.403379180880864e-06,-2.9443959201053264e-05,5.51737332179901e-05,0,144,20000.0,20260912
WLS,82,0.08136933296115932,0.22733505700639756,6.819637165997847,10756,0.025977759229152658,7.703810298905156e-05,9.857389011943798e-08,4.272162702911228e-06,-4.320748343386822e-06,-2.5149287682109518e-05,5.469605087279924e-05,0,67,20000.0,20260912
WLS,83,0.08136089485708158,0.22779457550105808,6.87253525000051,10836,0.025733844343520742,7.693591061117534e-05,7.976574310998483e-08,4.195853574034529e-06,-4.2422505029609e-06,-2.4673433157081803e-05,5.4211298087983726e-05,0,73,20000.0,20260912
WLS,84,0.08135260694844286,0.22825151649374145,6.925725375000184,10919,0.02547838149178381,7.676507879589345e-05,9.704668979439565e-08,4.12072134216971e-06,-4.1671872944522414e-06,-2.416948753332806e-05,5.373077594951878e-05,0,75,20000.0,20260912
WLS,85,0.08134446044739843,0.22868518203394053,7.022866625000461,11076,0.026850555473435685,7.65904823485886e-05,9.701918203685786e-08,4.050478746179895e-06,-4.096022295700803e-06,-2.7901115417173637e-05,5.328316923565872e-05,0,149,20000.0,20260912
WLS,86,0.0813364926010399,0.2291348598647505,7.0724079579995305,11151,0.02500222593508386,7.642455833579918e-05,8.64165411209902e-08,3.958834075117572e-06,-4.009012286081307e-06,-2.3287718726912576e-05,5.270302910243065e-05,0,69,20000.0,20260912
WLS,87,0.0813286821679635,0.22958128993600735,7.120534082998347,11224,0.024731498706021187,7.615265867573326e-05,8.302952036601255e-08,3.883349142971914e-06,-3.9270839316013395e-06,-2.2771918335905207e-05,5.221868072406233e-05,0,67,20000.0,20260912
WLS,88,0.0813210173003014,0.23002472789584624,7.171468500000628,11303,0.024486877344124625,7.596641278190284e-05,9.749807917402169e-08,3.8111846876901308e-06,-3.853682979386912e-06,-2.2315490441210798e-05,5.1744157764005525e-05,0,72,20000.0,20260912
WLS,89,0.0813134844520892,0.230444832955468,7.262410374998581,11450,0.02613644132479639,7.573932620839995e-05,9.97985130849258e-08,3.747453047026849e-06,-3.7853951660196713e-06,-2.6622830044026768e-05,5.1323346096772365e-05,0,140,20000.0,20260912
WLS,90,0.08130608507220435,0.2308831177035635,7.313305583000329,11529,0.02402254272100452,7.550456164422711e-05,8.879898191380668e-08,3.6790301415939135e-06,-3.720349744711563e-06,-2.1454748054273414e-05,5.086304100967001e-05,0,71,20000.0,20260912
WLS,91,0.08129882981568848,0.23131748895818896,7.363597125000524,11606,0.023876528667045035,7.519785820716986e-05,8.946078698637854e-08,3.60432902587166e-06,-3.650927490722969e-06,-2.1249174543535505e-05,5.035149859520229e-05,0,71,20000.0,20260912
WLS,92,0.08129180690388696,0.23174253230659936,7.418261582999548,11691,0.023590050606449055,7.418960796427483e-05,9.573843627889285e-08,3.4800099062126805e-06,-3.5429018935374394e-06,-2.0801612579222776e-05,4.9418147104431264e-05,0,78,20000.0,20260912
WLS,93,0.08128498502644489,0.23213814108078037,7.514510207998683,11848,0.025286013526607812,7.342086170144e-05,8.888120133950032e-08,3.3877914736961195e-06,-3.434085968587229e-06,-2.5147246561322135e-05,4.8778836649821966e-05,0,145,20000.0,20260912
WLS,94,0.08127832726527297,0.23254690695845134,7.564288833000319,11922,0.022867945606441103,7.26625594841273e-05,9.89964136435468e-08,3.3081084692091035e-06,-3.3496526991419538e-06,-1.9489385641033158e-05,4.823350594187191e-05,0,67,20000.0,20260912
WLS,95,0.08127181278899055,0.23295198525827024,7.6150146660002065,11996,0.022580283682593443,7.202676578020133e-05,9.455277343573339e-08,3.2385699788642116e-06,-3.2759063076261005e-06,-1.897898427690437e-05,4.774533937936039e-05,0,69,20000.0,20260912
WLS,96,0.0812654261917685,0.2333544453356804,7.666525249998813,12073,0.022360782815066548,7.147432415156654e-05,9.90396868216896e-08,3.176138445643863e-06,-3.21045877172181e-06,-1.8613633183082063e-05,4.729117848410903e-05,0,71,20000.0,20260912
WLS,97,0.08125916136454699,0.23373591024692325,7.76085837500068,12223,0.02381749140273973,7.092767577700318e-05,8.985829644218071e-08,3.1172113561678947e-06,-3.1476158687736864e-06,-2.2098817614459715e-05,4.687165635099818e-05,0,142,20000.0,20260912
WLS,98,0.08125301007345882,0.23413298138500302,7.8097884159979,12294,0.021884153682234498,7.03345154508187e-05,9.903561070052531e-08,3.0614264946230145e-06,-3.0898645946464335e-06,-1.779451803121952e-05,4.646197954861706e-05,0,65,20000.0,20260912
WLS,99,0.08124696755247501,0.23452793093461174,7.862088957997912,12370,0.021687847335789632,6.987262268220972e-05,8.720375532659174e-08,3.0077108392213984e-06,-3.034810146606258e-06,-1.7475615119216455e-05,4.606080093576454e-05,0,69,20000.0,20260912
WLS,100,0.08124103196505696,0.2349193275676147,7.924703332999343,12464,0.021472179651393593,6.943826042220855e-05,9.956197313428312e-08,2.9540380861000734e-06,-2.9815493314557987e-06,-1.7117137531028835e-05,4.566763603468137e-05,0,86,20000.0,20260912
Poisson,0,4.021569684156845,0.4102237573936767,0.0,0,0.0,0.08180334554002373,0.0,0.0,0.0,0.0,0.0,0,0,20000.0,20260912
Poisson,1,1.3470800354077586,0.3262490567099396,0.02484270800050581,27,2.8079583788195155,0.04360841205189824,3.7930724557143705e-08,0.4986875946826399,-2.175802054066445,2.2802581358899507,0.018110964260085027,0,23,20000.0,20260912
Poisson,2,0.6297165118772037,0.2756628882027589,0.04677612500017858,50,1.6854911677906672,0.025655414253318274,9.289368910810752e-08,0.1122776378637594,-0.6050858856667978,0.5753194996955375,0.008604120791578315,0,21,20000.0,20260912
Poisson,3,0.3905714142670696,0.240633079587349,0.06931937500121421,74,1.1339500380115999,0.016036984292735312,6.834494151891114e-08,0.027377914902845815,-0.21176718270728803,0.17485296317480864,0.004256913719293849,0,22,20000.0,20260912
Poisson,4,0.2868244518060035,0.2141881828945997,0.09034949999841047,96,0.8430570514513896,0.011205073717115856,9.17404650106193e-08,0.007455628569383484,-0.09629133389168099,0.06820970286097051,0.002232671096211728,0,20,20000.0,20260912
Poisson,5,0.23008778741533747,0.19334079258127643,0.1110095830008504,118,0.6688746264792885,0.008496657844016075,5.2999740663144286e-08,0.0024107476662620867,-0.05432591672440244,0.03436700109327566,0.0012797862771673242,0,19,20000.0,20260912
Poisson,6,0.19422985427986536,0.17653911711633546,0.13277362499866285,141,0.5498719769924627,0.006662358452129562,5.464449117931349e-08,0.0009877326864393505,-0.03487020044903679,0.020739973581392145,0.0008258608384328881,0,21,20000.0,20260912
Poisson,7,0.1697558470596414,0.16281816797422666,0.1524719160006498,161,0.46179696513967716,0.005479484595066131,9.665442284826232e-08,0.0005144584910615519,-0.023959548729158307,0.01381118536961316,0.0005992319618055494,0,18,20000.0,20260912
Poisson,8,0.1522217524456864,0.15152284055346843,0.17254558299828204,182,0.3943090709038908,0.0046125964796469,7.923950669968052e-08,0.00030847441532536914,-0.017225620198632753,0.00976011244410052,0.00046357787476683726,0,18,20000.0,20260912
Poisson,9,0.13927412936121608,0.1421772610057932,0.19116716599819483,201,0.34079850315364824,0.003919730245353224,6.720237381960432e-08,0.0002027219954049937,-0.012744901089062276,0.0071404420968819516,0.00037444154305614225,0,16,20000.0,20260912
Poisson,10,0.12946868018946592,0.1344277219852081,0.20970545800082618,220,0.29757971795197974,0.0033691686843306573,7.82533603137757e-08,0.00014505011255075079,-0.009660399059203809,0.005377764744931173,0.0003162906603171624,0,16,20000.0,20260912
Poisson,11,0.12192830961866405,0.12800113421545467,0.22961112499979208,241,0.2617455826173017,0.0029202584341894927,4.1485979121157483e-08,0.00010951100338023995,-0.007430859567421988,0.0041148330698183334,0.00027455288842587053,0,18,20000.0,20260912
Poisson,12,0.1160056134369567,0.12267013588465578,0.24782745799893746,260,0.2325531130906985,0.002537632329780231,9.252748208196052e-08,8.680168168938349e-05,-0.0058358945000135,0.003218648661298588,0.0002446697356403345,0,15,20000.0,20260912
Poisson,13,0.11130591910838089,0.11825682895917922,0.26645895799811115,279,0.207313214170345,0.0022112859375060263,5.396279641406779e-08,6.950705793012208e-05,-0.004630187270648647,0.002550755890093843,0.0002185952914335146,0,16,20000.0,20260912
Poisson,14,0.10753426559023506,0.1146138754894669,0.2853698750004696,298,0.18603380749486192,0.0019366147262158224,4.171785764035081e-08,5.841727343228173e-05,-0.003713236244715212,0.0020412246415940647,0.0002007323583495021,0,17,20000.0,20260912
Poisson,15,0.10445810312096339,0.11161703903003238,0.3034448329999577,316,0.16809600464042912,0.0017352432101394276,8.841794168481729e-08,4.965028551112087e-05,-0.003026512183761093,0.001663349130467912,0.00018508287399382898,0,16,20000.0,20260912
Poisson,16,0.1019330512076564,0.10916867193602105,0.3215913329986506,334,0.1522227251213328,0.0015508661726031823,6.440566468751375e-08,4.2938336355559434e-05,-0.0024821135769491085,0.0013664640111387435,0.00017197386052692458,0,16,20000.0,20260912
Poisson,17,0.09984556899297099,0.10718384436886028,0.3396498750007595,352,0.13849346159029474,0.0013957644749826746,5.3622700437784294e-08,3.8045862887226345e-05,-0.0020494363518032584,0.0011284602695222877,0.00016201119714722684,0,16,20000.0,20260912
Poisson,18,0.09810763983228545,0.10559277891623045,0.3571920829999726,369,0.1261613773390972,0.0012678307416929338,8.047499256303575e-08,3.414766113494595e-05,-0.0017037814995460201,0.0009420945040806437,0.00015376553934527638,0,15,20000.0,20260912
Poisson,19,0.09664071761705804,0.10433251637969505,0.3746391249987937,386,0.1160421937441987,0.0011565401728034833,6.697768327229483e-08,3.118903953604931e-05,-0.0014357331756946151,0.0007936326787790933,0.0001473280844293447,0,15,20000.0,20260912
Poisson,20,0.0953945954819482,0.10335288638164943,0.3927227909989597,404,0.10676844062943583,0.0010553963435180889,7.799236817461011e-08,2.7762970545214528e-05,-0.001218359164562339,0.0006761471393877741,0.0001384950810403828,0,15,20000.0,20260912
Poisson,21,0.09433720919703012,0.10261041909082513,0.4102039999997942,420,0.09838639212396327,0.0009546813291636183,9.871124005340936e-08,2.5396139859339505e-05,-0.0010319901450612505,0.0005733921771595694,0.00013257344859535488,0,14,20000.0,20260912
Poisson,22,0.09342226077526894,0.10206421593537299,0.427739582999493,436,0.09144386409683479,0.0008711011029814918,8.901017289065913e-08,2.3093289836634447e-05,-0.0008918551319208536,0.0004968494077131607,0.00012623434865447638,0,14,20000.0,20260912
Poisson,23,0.09262708207957428,0.10168373180615424,0.44500649999827147,453,0.08523649478733948,0.00079863421574063,7.332124904885951e-08,2.119016090269354e-05,-0.0007739885347883966,0.0004319156935130546,0.00012068673273043383,0,15,20000.0,20260912
Poisson,24,0.0919333844267843,0.10144449530965638,0.4619319160010491,470,0.07953667683948609,0.0007371508961966498,6.321798695968103e-08,1.9307616290962148e-05,-0.0006743900365014792,0.00037739350465653966,0.0001151308403401267,0,15,20000.0,20260912
Poisson,25,0.09132485007387647,0.10132389088528021,0.4781853329986916,486,0.07441913107179719,0.0006696741862182153,9.119361289682259e-08,1.7598064117123374e-05,-0.0005909362887874701,0.00033162399943375534,0.00010972645756065813,0,14,20000.0,20260912
Poisson,26,0.09079038362859812,0.10130431319451592,0.49551870800132747,503,0.06973845578334378,0.0006251354630404668,4.876165710282937e-08,1.6268719555938156e-05,-0.0005181977257191489,0.00029129383452608336,0.00010557277737642904,0,15,20000.0,20260912
Poisson,27,0.09031371972087891,0.10136794704705962,0.51222795799913,519,0.0658459196073872,0.0005874550485588875,8.228140644972763e-08,1.506139672786166e-05,-0.0004616025110014414,0.0002598796512720826,0.00010157112803190046,0,14,20000.0,20260912
Poisson,28,0.08988543140464453,0.10150265850860121,0.5295907910003734,536,0.062382626464991514,0.0005551125647006949,2.6752606142604483e-08,1.3977188452320882e-05,-0.00041431112778129113,0.0002337087120008518,9.786507733210781e-05,0,15,20000.0,20260912
Poisson,29,0.08950103713156975,0.10169779645647543,0.546440750000329,552,0.05905922571608843,0.0005325803116819709,5.9333105113217524e-08,1.294400330112812e-05,-0.00037145026976918985,0.00020999466596558717,9.429933296275122e-05,0,14,20000.0,20260912
Poisson,30,0.08915347267916401,0.10194352635323445,0.5627407909996691,568,0.056141806701152965,0.00051166295452925,5.715797875321038e-08,1.2028524810064735e-05,-0.00033553592759853263,0.00018996932942225131,9.092860117703171e-05,0,14,20000.0,20260912
Poisson,31,0.08883765675829602,0.10223228965143402,0.57919954099998,584,0.05348478240290652,0.0004919619602967798,3.310599991552827e-08,1.1223490974984373e-05,-0.000304592429886281,0.00017278482343367708,8.779059755928291e-05,0,14,20000.0,20260912
Poisson,32,0.08855017678170439,0.10255729557097694,0.5955122080013098,600,0.051003185875000814,0.00047284288474910103,4.1431444103799935e-08,1.0484484379150511e-05,-0.00027699549221557325,0.00015741372812164,8.475303175719765e-05,0,14,20000.0,20260912
Poisson,33,0.08828660424022558,0.10290934985908284,0.6113303329984774,615,0.04881947121959212,0.0004548270413697234,6.802120529878809e-08,9.829811121187757e-06,-0.0002537427303634026,0.00014440550297078065,8.208508072624734e-05,0,13,20000.0,20260912
Poisson,34,0.08804414113465739,0.10328624336859292,0.6272987500015006,630,0.046801337364263486,0.0004343652328286551,5.873552058941302e-08,9.241502345321326e-06,-0.00023322160321416247,0.00013294484661401112,7.962362275657059e-05,0,13,20000.0,20260912
Poisson,35,0.08782065702580712,0.10368166892063327,0.6433912079992297,645,0.044893195074661954,0.0004121260011189804,6.222285833337748e-08,8.71246464311432e-06,-0.00021477164421565266,0.0001227141606496894,7.735963892810045e-05,0,13,20000.0,20260912
Poisson,36,0.08761413363449748,0.10409159042374194,0.6606051659982768,662,0.04314252341924279,0.00039084547145961095,3.959176917607836e-08,8.231902651115594e-06,-0.00019829148865645435,0.00011345952496064196,7.522952995343133e-05,0,14,20000.0,20260912
Poisson,37,0.08742340494858293,0.10451750078741949,0.6768129999982193,678,0.04141157907156293,0.00037159264102303805,5.7922541663778465e-08,7.765755318227945e-06,-0.0001829629305952626,0.00010498274185453304,7.308173150831589e-05,0,13,20000.0,20260912
Poisson,38,0.08724607183707048,0.10495654733688359,0.6934194579989708,694,0.03994323543756816,0.00035462641458808145,6.592613133742542e-08,7.371117289554144e-06,-0.00016996199422201008,9.756000865140373e-05,7.120093187415023e-05,0,13,20000.0,20260912
Poisson,39,0.08708125691463883,0.10540636721128532,0.7104283330008911,711,0.03846803939002451,0.0003374172573608173,5.983569775243466e-08,6.921335032502621e-06,-0.0001578935873973166,9.082541970602033e-05,6.88330637031352e-05,0,14,20000.0,20260912
Poisson,40,0.0869273325556614,0.10586476175926937,0.7276495410005737,728,0.037183898295847825,0.0003216719727358781,2.3809642761996475e-08,6.5752952322991e-06,-0.00014734906374799046,8.47922443536331e-05,6.707370120821808e-05,0,14,20000.0,20260912
Poisson,41,0.08678328839157178,0.10632984437503964,0.7440588329991442,744,0.03596273298007541,0.00030789917951732623,9.307241059941523e-08,6.224415810834952e-06,-0.00013781974827490687,7.937825591981656e-05,6.51581077832111e-05,0,13,20000.0,20260912
Poisson,42,0.0866480757164831,0.10680035234558719,0.7607424999987416,760,0.03482783970593737,0.00029520457113919494,7.038426101244521e-08,5.926764247510969e-06,-0.00012928591084373985,7.456375415955169e-05,6.357588431285874e-05,0,13,20000.0,20260912
Poisson,43,0.08652067086269476,0.10727486245180229,0.7767230409990589,775,0.03379805198107435,0.00028395157622551317,7.691454967209799e-08,5.658345337381171e-06,-0.00012174650844707639,7.028943790257303e-05,6.211919170190459e-05,0,12,20000.0,20260912
Poisson,44,0.08640034493409225,0.10775227972026322,0.7931199579979875,791,0.032836767045418894,0.00027572103397456045,9.351748609298573e-08,5.407417769133691e-06,-0.00011491851083658987,6.641326510274949e-05,6.072826562944994e-05,0,13,20000.0,20260912
Poisson,45,0.08628769040567129,0.10823123700940568,0.8095895000005839,807,0.031735611979805074,0.0002705718424332644,5.0396142665625736e-08,5.107420290478236e-06,-0.00010754710813050172,6.229707503432609e-05,5.8919487559469295e-05,0,13,20000.0,20260912
Poisson,46,0.08618134802006178,0.10871097479520739,0.8253828749984677,822,0.03083732560087054,0.00026502779590223554,6.520009197093972e-08,4.8845453122945765e-06,-0.00010145784029670649,5.8795353098806645e-05,5.762483720357776e-05,0,12,20000.0,20260912
Poisson,47,0.08608063201524033,0.109190808894443,0.8420591659996717,838,0.030004675136693065,0.0002593609494716448,9.700819560475385e-08,4.674984249503842e-06,-9.604102057322518e-05,5.570197831852514e-05,5.637798716488004e-05,0,13,20000.0,20260912
Poisson,48,0.08598518449864448,0.10967009941920372,0.8586816659990291,854,0.029192097693937998,0.0002542163117370823,5.763360097927597e-08,4.479605438195197e-06,-9.09679111547455e-05,5.283858820722693e-05,5.517364397006023e-05,0,13,20000.0,20260912
Poisson,49,0.08589450101876689,0.11014828899381478,0.8753037499991478,870,0.02845460236967245,0.00024899822946156515,8.491883540987888e-08,4.298911393240843e-06,-8.638456848240438e-05,5.0200260076781726e-05,5.404409403775336e-05,0,13,20000.0,20260912
Poisson,50,0.08580811162810247,0.1106248949465691,0.8924414579996665,886,0.02776643940086677,0.00024382025002697548,6.804495432673983e-08,4.130304692773508e-06,-8.225908597458304e-05,4.7840632814323304e-05,5.297220795759352e-05,0,13,20000.0,20260912
Poisson,51,0.08572575195647196,0.11109951164428071,0.9089886660003685,902,0.027098944037105964,0.00023887450759582716,5.2492734346460226e-08,3.968982599346646e-06,-7.839068903116719e-05,4.5642033234195236e-05,5.192851824541959e-05,0,13,20000.0,20260912
Poisson,52,0.08564732238569436,0.11157165208257887,0.9250924580010178,917,0.02643392159800889,0.00023427182559827722,7.848629386202576e-08,3.8117814131119565e-06,-7.461778936336494e-05,4.349196022511267e-05,5.0870703799028306e-05,0,12,20000.0,20260912
Poisson,53,0.08557255298981302,0.11204113536136238,0.9416131250000035,933,0.0257879180278892,0.00022989456110318813,8.14842278997087e-08,3.663133388551121e-06,-7.110626248990018e-05,4.1518560070687254e-05,4.987453771249155e-05,0,13,20000.0,20260912
Poisson,54,0.08550136249836462,0.1125076903546444,0.9571820409983047,948,0.0251716472363005,0.00022592925796909133,7.97698078881741e-08,3.525713532725039e-06,-6.766477791825745e-05,3.950990021895689e-05,4.893911740171871e-05,0,12,20000.0,20260912
Poisson,55,0.08543316142747417,0.11297105937290684,0.9726352079997014,963,0.024632876765992903,0.00022198584206470194,9.077623570685018e-08,3.4018156775489318e-06,-6.479925520971709e-05,3.7862140002020486e-05,4.807334295505707e-05,0,12,20000.0,20260912
Poisson,56,0.08536774018814126,0.11343109943350681,0.9881221659998118,978,0.02412089376087818,0.00021818051389908006,8.37445351312122e-08,3.28475728723099e-06,-6.213648204788364e-05,3.6330363541732064e-05,4.724045316351376e-05,0,12,20000.0,20260912
Poisson,57,0.08530520096267151,0.11388780417630083,1.0035094160011795,993,0.023548337994842936,0.00021468902032368604,6.421375172988296e-08,3.1638670650633553e-06,-5.9375358407717594e-05,3.481301435378615e-05,4.639388736000927e-05,0,12,20000.0,20260912
Poisson,58,0.08524542477973512,0.1143410616773904,1.018928165998659,1008,0.02302654117461189,0.00021141384353424615,6.621425104344985e-08,3.0567689704127896e-06,-5.671941396931093e-05,3.326510301308092e-05,4.561259074906964e-05,0,12,20000.0,20260912
Poisson,59,0.08518817761936444,0.1147907114839446,1.034386583000014,1023,0.022532781909955318,0.0002080061295744977,7.431913435806584e-08,2.9585114402544844e-06,-5.428864892669205e-05,3.186084734060485e-05,4.4868017529148636e-05,0,12,20000.0,20260912
Poisson,60,0.08513308629028242,0.11523653490462857,1.0498291660005634,1038,0.022099666643276797,0.00020466843959525286,7.65939324470579e-08,2.8649900005019486e-06,-5.2226339084426686e-05,3.0671565794820695e-05,4.415624127837133e-05,0,12,20000.0,20260912
Poisson,61,0.08508001899488099,0.11567844749603058,1.0652684999986377,1053,0.021685448589037475,0.0002014128653700594,7.19171602074067e-08,2.7761032263578024e-06,-5.029119217070583e-05,2.9554361376040032e-05,4.3470353657800374e-05,0,12,20000.0,20260912
Poisson,62,0.0850288412032367,0.1161164486890648,1.0807103750012175,1068,0.021292656755103407,0.00019823062977510588,5.4708249871670005e-08,2.6910548031053616e-06,-4.8486736842210494e-05,2.850893005975872e-05,4.280379583979757e-05,0,12,20000.0,20260912
Poisson,63,0.08497948688588215,0.11655044558569196,1.095397207998758,1082,0.020901528098133487,0.0001951675814453622,8.687454609848257e-08,2.612524090749683e-06,-4.674179326587529e-05,2.751062351269369e-05,4.2186517472532495e-05,0,11,20000.0,20260912
Poisson,64,0.08493188984437136,0.11698029478869058,1.1101390000003448,1096,0.02052179435353602,0.0001925312234684347,4.5325536319828314e-08,2.5296509913476997e-06,-4.506739052217348e-05,2.6539839336350105e-05,4.151374829761097e-05,0,11,20000.0,20260912
Poisson,65,0.08488592789446238,0.11740604189106636,1.1256494999979623,1111,0.020161710274727095,0.00018996066634116644,4.498179701037989e-08,2.4540999504168202e-06,-4.350784995195012e-05,2.563722184888014e-05,4.089589304185504e-05,0,12,20000.0,20260912
Poisson,66,0.08484151847192657,0.11782772249188467,1.1403177499996673,1125,0.019818057201936277,0.00018732330571871207,9.947210089283675e-08,2.385231064013217e-06,-4.202419147641445e-05,2.4771652972846235e-05,4.032522616698282e-05,0,11,20000.0,20260912
Poisson,67,0.08479851770309592,0.11824537587860633,1.1550638750013604,1139,0.019498815200544695,0.0001847042564659618,9.637532181696771e-08,2.3188548561154896e-06,-4.06819139718471e-05,2.3990579119403646e-05,3.976558239111875e-05,0,11,20000.0,20260912
Poisson,68,0.08475689961956548,0.11865906190990402,1.1702459160005674,1153,0.019177506622315398,0.0001822615626698004,9.989024954156595e-08,2.249457724737536e-06,-3.9368625804467674e-05,2.322924551799217e-05,3.915637257405784e-05,0,11,20000.0,20260912
Poisson,69,0.08471664191064629,0.11906873579942212,1.1852417910013173,1167,0.018855717467909854,0.00017998764381935107,8.462083881715174e-08,2.186719000085695e-06,-3.807098992404085e-05,2.2480804857707074e-05,3.861366507760123e-05,0,11,20000.0,20260912
Poisson,70,0.08467762671898148,0.11947441542664744,1.1994679579984222,1181,0.018564142352658172,0.00017769449401146633,5.8455617350161506e-08,2.129718118711165e-06,-3.68854735455255e-05,2.1783822600324532e-05,3.8111432760409554e-05,0,11,20000.0,20260912
Poisson,71,0.08463982011820335,0.1198747494486791,1.2139286249985162,1195,0.01826026856176675,0.0001753870856016506,7.477357828329545e-08,2.0720799986434953e-06,-3.573452077720991e-05,2.1134730380730676e-05,3.760850910967865e-05,0,11,20000.0,20260912
Poisson,72,0.08460319747839755,0.12026956561728397,1.2276303750004445,1208,0.017978003003347093,0.00017310181348754392,7.200622436994591e-08,2.017814661003579e-06,-3.460482514841603e-05,2.0462210206387746e-05,3.712827726587886e-05,0,10,20000.0,20260912
Poisson,73,0.08456761637287218,0.12066060308088972,1.2413406659979955,1221,0.01771757151002262,0.0001708476338412965,9.997857494407951e-08,1.968004767957294e-06,-3.361310074956454e-05,1.9885488514734707e-05,3.667759994402322e-05,0,10,20000.0,20260912
Poisson,74,0.08453301796812845,0.12104789691053058,1.2551274159995955,1234,0.017470066161285113,0.00016866635188741402,8.003118487685752e-08,1.9194693849900192e-06,-3.267893536042337e-05,1.9338244159737486e-05,3.6227055771925385e-05,0,10,20000.0,20260912
Poisson,75,0.08449934937632841,0.12143150079611983,1.2688476250004896,1247,0.01723241882195191,0.00016655252195765512,9.426930682873908e-08,1.8735182757119666e-06,-3.179507352562782e-05,1.8820778877281992e-05,3.579678160794986e-05,0,10,20000.0,20260912
Poisson,76,0.08446656274738738,0.12181148854614693,1.282477500000823,1260,0.017003708281888987,0.00016450980076104227,7.187205814544251e-08,1.8292726562998439e-06,-3.095735628347383e-05,1.8330324174252118e-05,3.537797365619554e-05,0,10,20000.0,20260912
Poisson,77,0.08443462021463864,0.12218791411239685,1.2962084999999206,1273,0.01678190832309823,0.00016249656599058565,9.522082293013693e-08,1.7868144600956829e-06,-3.015571828662777e-05,1.7860910400497355e-05,3.497013026661421e-05,0,10,20000.0,20260912
Poisson,78,0.08440350574714693,0.12256086226553582,1.3098235830002523,1286,0.01656008980500199,0.00016052851444642654,7.57146215380103e-08,1.7445167951416589e-06,-2.9369950694727253e-05,1.740263877422422e-05,3.456442094533663e-05,0,10,20000.0,20260912
Poisson,79,0.08437327204534802,0.12293037752569996,1.3235889159986982,1299,0.016311601709239672,0.0001585893617494982,8.552727640333561e-08,1.6992622399493354e-06,-2.8534439560131686e-05,1.6930284282871626e-05,3.4135841150601365e-05,0,10,20000.0,20260912
Poisson,80,0.08434387012606212,0.12329637029387848,1.3373403750010766,1312,0.016089637380868736,0.0001567087216442151,7.905879070767784e-08,1.6596079669127437e-06,-2.7742311323116276e-05,1.645809773350332e-05,3.37375163038218e-05,0,10,20000.0,20260912
Poisson,81,0.0843152233463728,0.12365885987760658,1.3516484159990796,1326,0.01588226270730747,0.00015488882338115088,8.495719818735182e-08,1.6221491520503333e-06,-2.702463053614096e-05,1.6034466254123797e-05,3.3359179098138694e-05,0,11,20000.0,20260912
Poisson,82,0.084287312632275,0.12401671599018814,1.365456625000661,1339,0.015668975165375843,0.0001531993427264826,6.742148409746553e-08,1.5840234744298218e-06,-2.6326690625095095e-05,1.5634874961142523e-05,3.297916764580816e-05,0,10,20000.0,20260912
Poisson,83,0.08426011506314603,0.124370147333539,1.3791903749988705,1352,0.015471792498038013,0.00015160281925164285,7.643263991616539e-08,1.548127490912429e-06,-2.5649441632085788e-05,1.5228750973855486e-05,3.261422917242756e-05,0,10,20000.0,20260912
Poisson,84,0.08423355195208128,0.12472026089422614,1.3928478749985516,1365,0.015290124828962486,0.00015000500443134219,6.179558912711166e-08,1.5144860980869982e-06,-2.5048624972458894e-05,1.4873715200485203e-05,3.2263623627089774e-05,0,10,20000.0,20260912
Poisson,85,0.08420765193490952,0.12506717045851132,1.4065778750009486,1378,0.015095532934341838,0.00014845615496105472,5.506373095866008e-08,1.4809714658533853e-06,-2.4419045706968278e-05,1.4506261443169426e-05,3.191382913166381e-05,0,10,20000.0,20260912
Poisson,86,0.08418233418859959,0.12541093670271136,1.4202197499980684,1391,0.014925182276683699,0.00014694947835375356,6.56921393179529e-08,1.4499922221330776e-06,-2.3867754088232074e-05,1.4179693010315787e-05,3.158367493152338e-05,0,10,20000.0,20260912
Poisson,87,0.08415757124521994,0.1257516242745505,1.4339439579998725,1404,0.014760404196666068,0.0001454803947578781,8.414075885432803e-08,1.4200383546858449e-06,-2.3342905024881254e-05,1.3869466777201928e-05,3.126117652254463e-05,0,10,20000.0,20260912
Poisson,88,0.08413333873809857,0.12608930770906507,1.4476138329991954,1417,0.014601231654655007,0.00014405079674235715,9.179412630727114e-08,1.3912522339667079e-06,-2.284125489254567e-05,1.3572708829726736e-05,3.0947963659299765e-05,0,10,20000.0,20260912
Poisson,89,0.08410961484979122,0.1264240482733094,1.4613844160012377,1430,0.014446956100103025,0.00014265674874860347,9.89774121310335e-08,1.3635002419624336e-06,-2.236038805588477e-05,1.3288161279432416e-05,3.064167541694268e-05,0,10,20000.0,20260912
Poisson,90,0.08408638837113447,0.1267559254375345,1.475148707999324,1443,0.014293362860128014,0.00014127911184228794,9.07608042560146e-08,1.3352762163004585e-06,-2.1891202446683245e-05,1.3011467564189968e-05,3.0327935082173953e-05,0,10,20000.0,20260912
Poisson,91,0.0840636432677698,0.12708500294745706,1.488844749997952,1456,0.014146632814404843,0.0001399201067058192,7.40607611428751e-08,1.308551849304913e-06,-2.143655151614962e-05,1.2738742365388821e-05,3.0026800351183274e-05,0,10,20000.0,20260912
Poisson,92,0.08404135201989837,0.12741127851565776,1.5025052909986698,1469,0.014004299271122728,0.00013857441011829187,8.690460913510605e-08,1.283187698126741e-06,-2.1008060168661035e-05,1.2485227967667016e-05,2.9738743280743166e-05,0,10,20000.0,20260912
Poisson,93,0.08401951750779225,0.12773484229943702,1.51636362499994,1482,0.013859887502974516,0.00013732763414037237,8.05189967062639e-08,1.2587089188331794e-06,-2.0575803183475273e-05,1.2229688026364293e-05,2.9460003371474824e-05,0,10,20000.0,20260912
Poisson,94,0.0839981003363305,0.12805576034913096,1.5301613330011605,1495,0.013727119713504106,0.00013611364135759213,9.159854915527197e-08,1.2356240036251235e-06,-2.0181547461357452e-05,1.1995480680313603e-05,2.9192349064860246e-05,0,10,20000.0,20260912
Poisson,95,0.0839770854842663,0.12837404611274433,1.5448314999994182,1509,0.01359782111350315,0.00013491761574072744,4.381054101890527e-08,1.212807230070034e-06,-1.9802044837679526e-05,1.1769815112455128e-05,2.892587710502711e-05,0,11,20000.0,20260912
Poisson,96,0.08395645752809276,0.12868978624720825,1.5589079999990645,1522,0.013472021178344078,0.00013375860068503016,8.799152094102607e-08,1.1913021538438407e-06,-1.9436654017774875e-05,1.155318844205084e-05,2.8672437821605077e-05,0,10,20000.0,20260912
Poisson,97,0.08393620216729647,0.12900302630252722,1.5728001249990484,1535,0.013349913846407808,0.0001326288902802738,9.921996355873208e-08,1.170315377314173e-06,-1.9085045417725446e-05,1.1344350810966875e-05,2.8422913472924367e-05,0,10,20000.0,20260912
Poisson,98,0.08391630540438141,0.1293138307503369,1.5867090829997323,1548,0.013231491290109658,0.0001315228823097234,9.728553212035018e-08,1.1501102745448133e-06,-1.8746652640231825e-05,1.1143144827043544e-05,2.8180469677931724e-05,0,10,20000.0,20260912
Poisson,99,0.08389675453878319,0.12962224946853843,1.600643540998135,1561,0.01311625248844836,0.00013043952005215094,9.776837896078735e-08,1.1305571969203722e-06,-1.8420308399679397e-05,1.0949061631188774e-05,2.7943781272915367e-05,0,10,20000.0,20260912
Poisson,100,0.08387754140982036,0.1299283313049592,1.614676083001541,1574,0.013002246578610412,0.00012937222989676614,9.035993636695199e-08,1.1112293891446354e-06,-1.8101899569411906e-05,1.0760208158281253e-05,2.7709401372623873e-05,0,10,20000.0,20260912
SIRT,0,4.011019687687293,0.4099744530505668,0.0,0,0.0,0.08166881624487421,0.0,0.0,0.0,0.0,0.0,0,0,20000.0,20260913
SIRT,1,1.9683221992402151,0.38228574218982203,0.0020454580007935874,1,1.8081803105828802,0.04900746306590011,nan,0.4168764280642079,-1.6258210603828698,1.8792216866680977,0.017298953635845056,0,1,20000.0,20260913
SIRT,2,1.3824554657433257,0.3691466185951089,0.00350099999923259,2,0.9716862758835773,0.03887150428448882,nan,0.09173974002869786,-0.4941269934681954,0.5386580225598647,0.007955627175938217,0,1,20000.0,20260913
SIRT,3,1.1497009391808923,0.3607373186148793,0.004932125000777887,3,0.577959107942776,0.03411103340281656,nan,0.02647893439298014,-0.20627559216945074,0.21605269003973288,0.004218859073446514,0,1,20000.0,20260913
SIRT,4,1.0296049955183777,0.3541130721079793,0.006371082999976352,4,0.3786741748631985,0.03126512572010501,nan,0.00920772343285791,-0.1108882202296615,0.11292623712709843,0.0024968517245502163,0,1,20000.0,20260913
SIRT,5,0.9540114748268476,0.34829942290933247,0.007799125000019558,5,0.2767302838683301,0.029153541997677272,nan,0.003760957312223269,-0.07183256337930734,0.07176453819103781,0.0016136293807837274,0,1,20000.0,20260913
SIRT,6,0.8984143131965807,0.3429400421883771,0.009226624999428168,6,0.22393821489092688,0.027513599347544333,nan,0.0017574157637504253,-0.053839745866514764,0.0530897454258401,0.0011128492592103782,0,1,20000.0,20260913
SIRT,7,0.8532970759221178,0.3378892552676685,0.010648583000147482,7,0.1949851133158872,0.026163427555951076,nan,0.0009382069034759816,-0.04417903037098234,0.04321627755372246,0.0008149964237409187,0,1,20000.0,20260913
SIRT,8,0.8145300869429709,0.3330785847642752,0.012072875000740169,8,0.17727746313841697,0.025004026686920533,nan,0.0005780387017667807,-0.038188950277387126,0.03719562403230724,0.0006364682850758592,0,1,20000.0,20260913
SIRT,9,0.7800389029384242,0.32847006732160416,0.013494792001438327,9,0.16513910715390825,0.02400731119137158,nan,0.00039728832748341726,-0.03409389567705727,0.03312763776896726,0.0005246487388754155,0,1,20000.0,20260913
SIRT,10,0.748781564302297,0.32403926760172175,0.014915457999450155,10,0.15593130679346925,0.023129352885753084,nan,0.00029774730319584317,-0.030959591332934553,0.030041610014211167,0.00045202265485615997,0,1,20000.0,20260913
SIRT,11,0.7202275781348523,0.31976849835711163,0.016337500001100125,11,0.14827771323846567,0.02232398226776321,nan,0.0002344696747688162,-0.02831951649267511,0.027454672155283324,0.0003998126736110587,0,1,20000.0,20260913
SIRT,12,0.6938813797049818,0.31564370773946226,0.01778033300070092,12,0.14161233558041114,0.02157606040660644,nan,0.0001875671830728621,-0.02615863124679205,0.025343495750443566,0.00035823923369678073,0,1,20000.0,20260913
SIRT,13,0.6694072283427729,0.3116532349211337,0.019227124997996725,13,0.13587954018522752,0.020880033032262466,nan,0.00015267531091269745,-0.02432147605129407,0.02355098889016143,0.0003246679310302606,0,1,20000.0,20260913
SIRT,14,0.6465077436806909,0.30778749168593134,0.020622457999706967,14,0.13085966230132098,0.02022691454174375,nan,0.00012685320533249419,-0.022772631456751315,0.022043272101201238,0.0002978014348755767,0,1,20000.0,20260913
SIRT,15,0.6251666577640044,0.3040383801017261,0.02200983299917425,15,0.12598388447834732,0.019589130014927344,nan,0.00010570161486479236,-0.021235384301830085,0.02054748895927381,0.0002723578713198953,0,1,20000.0,20260913
SIRT,16,0.6052057423717784,0.3003982876081597,0.02340291699874797,16,0.12162476591014254,0.01896419038795675,nan,8.899200623641022e-05,-0.01987192338598368,0.01922128620809115,0.00024991289046886984,0,1,20000.0,20260913
SIRT,17,0.5864575333906227,0.29686058101633367,0.024783666998700937,17,0.11760292905894272,0.01836242756987596,nan,7.593362883316732e-05,-0.018672275352325917,0.018056686534993566,0.0002312797346493675,0,1,20000.0,20260913
SIRT,18,0.568782491310025,0.29341940560904783,0.026173124999331776,18,0.11391083145827544,0.017788134815825238,nan,6.57542307416271e-05,-0.017609287849856527,0.017026258204421888,0.0002163929891496123,0,1,20000.0,20260913
SIRT,19,0.5521325107026119,0.29006959909221625,0.02755875000002561,19,0.11042753459096408,0.01722951691878339,nan,5.697561365311796e-05,-0.016593004993757984,0.016040268587621146,0.00020219117611307955,0,1,20000.0,20260913
SIRT,20,0.5363488508334334,0.28680642970474574,0.028940958000021055,20,0.10729238550507857,0.016704961428745065,nan,4.97354231929919e-05,-0.015733924445984742,0.015208077069809993,0.00018988903785958545,0,1,20000.0,20260913
SIRT,21,0.5213501616115691,0.2836257819613805,0.030323208000481827,21,0.10439646146655164,0.01620858609657958,nan,4.402882985565392e-05,-0.014954660392007846,0.014453758163527454,0.00017946448239738875,0,1,20000.0,20260913
SIRT,22,0.5070611778697756,0.28052402375404123,0.0317060829984257,22,0.10169483997662843,0.015735733713158288,nan,3.9307465345599214e-05,-0.014249676276453413,0.013771891717899946,0.0001707957798333871,0,1,20000.0,20260913
SIRT,23,0.49344741332330494,0.27749786671585114,0.03309087500019814,23,0.09911953666478768,0.015279259989253871,nan,3.5191835686979526e-05,-0.013578572710775418,0.013122530419038509,0.0001622645245987064,0,1,20000.0,20260913
SIRT,24,0.48047460695578104,0.2745442081539894,0.03447429199877661,24,0.09668122541748779,0.014835791911690464,nan,3.168600161283071e-05,-0.012941120365918409,0.012505443400112549,0.00015475010358803119,0,1,20000.0,20260913
SIRT,25,0.46809971397125594,0.27166018511983064,0.03585929199834936,25,0.09434074110898522,0.014409095051065657,nan,2.8739360417470778e-05,-0.012346153624106225,0.01192988421287547,0.00014789598623981352,0,1,20000.0,20260913
SIRT,26,0.4563283416840144,0.26884307793337664,0.037253333000990096,26,0.09199718966309044,0.013993620548543782,nan,2.5914816321363875e-05,-0.011745457470922857,0.011348198141946179,0.00014043139647103466,0,1,20000.0,20260913
SIRT,27,0.4451118987220365,0.26609016609398994,0.038683208000293234,27,0.08981453855821157,0.013590178370242623,nan,2.350295973538065e-05,-0.011192940002239578,0.010813110395156712,0.00013371626143108824,0,1,20000.0,20260913
SIRT,28,0.4344045451914304,0.2633989453068872,0.040066582998406375,28,0.08769811422497419,0.013198701109466299,nan,2.1419740673066695e-05,-0.010685933789934592,0.010322805568675259,0.0001273562169593148,0,1,20000.0,20260913
SIRT,29,0.4242377345717474,0.260766952458774,0.04145241700098268,29,0.08541647976049127,0.012814230709298161,nan,1.9471643640032518e-05,-0.010147338976041103,0.009802011868949276,0.00012059846300898353,0,1,20000.0,20260913
SIRT,30,0.414498355670607,0.25819162440206533,0.042835332998947706,30,0.08356491961403535,0.012447186508369823,nan,1.799616757464912e-05,-0.009721382733565946,0.009390224111635396,0.00011634251577157767,0,1,20000.0,20260913
SIRT,31,0.4051550677134234,0.2556709664677286,0.04424875000040629,31,0.08175853016522222,0.012098775056468456,nan,1.6534202180860163e-05,-0.009326753755001874,0.00900906509444471,0.00011176201225465196,0,1,20000.0,20260913
SIRT,32,0.3961939242582022,0.2532031249825864,0.045642791999853216,32,0.08005762641446694,0.011959488178145634,nan,1.523630936250406e-05,-0.008945907145856274,0.008640682277865281,0.00010738462051267141,0,1,20000.0,20260913
SIRT,33,0.3875698458526193,0.25078640621192694,0.04703945800065412,33,0.07845312880908804,0.011816843060260896,nan,1.4130892403984685e-05,-0.008609947513185813,0.008316333734586168,0.000103729902212613,0,1,20000.0,20260913
SIRT,34,0.37927370885515876,0.2484192215585615,0.0484253329996136,34,0.07686615896882135,0.011673054569831897,nan,1.3164315632540891e-05,-0.008282972681824777,0.008000716677729508,0.00010061197636525446,0,1,20000.0,20260913
SIRT,35,0.3712912731179218,0.2461000576696641,0.049811166998551926,35,0.07534280437880427,0.011530280812829339,nan,1.2257534791768995e-05,-0.007970178202441012,0.00769860882865381,9.724807352189673e-05,0,1,20000.0,20260913
SIRT,36,0.36362139453401887,0.24382742704841798,0.051195000000006985,36,0.07380673764188804,0.011390125065588749,nan,1.146360320951251e-05,-0.007658414980696082,0.00739750685783602,9.440709746589025e-05,0,1,20000.0,20260913
SIRT,37,0.35624418804311425,0.24159991723302018,0.05257895799877588,37,0.07236205592181119,0.01125308977060684,nan,1.0632595409344584e-05,-0.007366573895494203,0.007115393134043053,9.08709007098637e-05,0,1,20000.0,20260913
SIRT,38,0.34914506809023244,0.23941613714232535,0.05396512500010431,38,0.07098876288222178,0.011116429477279902,nan,9.934569938150406e-06,-0.007089185382948114,0.006847149730104401,8.778353978212968e-05,0,1,20000.0,20260913
SIRT,39,0.34232857776204867,0.23727475936071696,0.05535295799927553,39,0.06957442886760819,0.010978577604986644,nan,9.298982297744576e-06,-0.006807191345882473,0.006574460270571072,8.494533299988608e-05,0,1,20000.0,20260913
SIRT,40,0.3357553476900334,0.2351744626397465,0.05673391700111097,40,0.06831413004807113,0.010838052603693856,nan,8.762062270723246e-06,-0.006564468009750067,0.006339889053804029,8.263580897773491e-05,0,1,20000.0,20260913
SIRT,41,0.3294094198035924,0.23311409094615942,0.05810900000142283,41,0.06708503646487084,0.01069773093149307,nan,8.24693972848876e-06,-0.006337680946708649,0.006120907780566353,8.03580757935765e-05,0,1,20000.0,20260913
SIRT,42,0.3232842486449138,0.23109255677622495,0.05948858299962012,42,0.06589186566264287,0.010559230438780905,nan,7.828817720930018e-06,-0.006117342340952007,0.005908084260653422,7.850394600732505e-05,0,1,20000.0,20260913
SIRT,43,0.31737014715117,0.22910881295457133,0.06087724999815691,43,0.06474337543123948,0.010425871736114933,nan,7.401396573467355e-06,-0.00590670009716693,0.005704516260632252,7.63170881445529e-05,0,1,20000.0,20260913
SIRT,44,0.3116552034702293,0.22716187619404135,0.06226674999925308,44,0.06362931737902124,0.010295148785235676,nan,7.019199853769377e-06,-0.005707924481094236,0.00551250917943471,7.437950430490349e-05,0,1,20000.0,20260913
SIRT,45,0.30613534107303064,0.2252507878117243,0.06366204200094217,45,0.06252984521102327,0.010174510017712367,nan,6.742568199270925e-06,-0.005513119828997756,0.005324363320092923,7.331903519704083e-05,0,1,20000.0,20260913
SIRT,46,0.30080767954504506,0.22337459034414966,0.06504483299795538,46,0.061447883862447816,0.010052681028573181,nan,6.37152444226339e-06,-0.005321290003543618,0.00513886940642694,7.10900648888621e-05,0,1,20000.0,20260913
SIRT,47,0.295662437558775,0.22153236406973725,0.06643099999928381,47,0.06040981910607198,0.009929402368871486,nan,6.050437613575284e-06,-0.005139191548654308,0.004962774674048616,6.897856315370561e-05,0,1,20000.0,20260913
SIRT,48,0.29067727303770424,0.21972324163199705,0.06781887499892036,48,0.05943292348159208,0.009805592432550444,nan,5.7631745003554264e-06,-0.004979401346576897,0.004808550901392345,6.740379399267817e-05,0,1,20000.0,20260913
SIRT,49,0.2858473833820561,0.2179464408947761,0.06920433299819706,49,0.058484788589832935,0.009682291441346797,nan,5.49460817597257e-06,-0.0048243950474711654,0.00465886613082825,6.589134368905876e-05,0,1,20000.0,20260913
SIRT,50,0.2811647602118233,0.216201207610189,0.07058812499963096,50,0.057568068759219035,0.009558734232892663,nan,5.2441711580526875e-06,-0.004677378999073864,0.004516919043199516,6.438834836415232e-05,0,1,20000.0,20260913
SIRT,51,0.27663250479475093,0.21448681576824172,0.07197212499886518,51,0.05665155488866525,0.009436452625987107,nan,4.970841260116546e-06,-0.004527284575810506,0.004371785483507189,6.254418256259411e-05,0,1,20000.0,20260913
SIRT,52,0.2722504718773706,0.21280254525940678,0.07335712499843794,52,0.05571306743536338,0.009318730584203246,nan,4.765752044905578e-06,-0.004377267165336814,0.004226835623227451,6.139588396952073e-05,0,1,20000.0,20260913
SIRT,53,0.2680152240100916,0.21114764377586162,0.07473987499906798,53,0.054804849787580254,0.009203703860192286,nan,4.562709526828862e-06,-0.004230685157748424,0.004085069289267062,6.003645925251272e-05,0,1,20000.0,20260913
SIRT,54,0.26391183119134487,0.2095214032021393,0.07612216699999408,54,0.053947119494974126,0.009092753753480117,nan,4.4256349177212875e-06,-0.004098967183826259,0.00395787823365647,5.931566807345855e-05,0,1,20000.0,20260913
SIRT,55,0.25993666532429527,0.20792316933408161,0.0775040420012374,55,0.053124392579477674,0.00900931523829862,nan,4.207288245565677e-06,-0.003970958578806922,0.0038340558127026784,5.760986524492933e-05,0,1,20000.0,20260913
SIRT,56,0.25607516404166997,0.20635231931417097,0.07888708300015423,56,0.05233392684526393,0.00892293556183781,nan,4.055397575244941e-06,-0.00385744588505454,0.0037245592876730296,5.663228768716605e-05,0,1,20000.0,20260913
SIRT,57,0.25232530789134017,0.20480826500220228,0.08026120800059289,57,0.051560210229700275,0.00883478747111181,nan,3.915469604031862e-06,-0.0037459406807213227,0.0036169333863832554,5.5722528626694406e-05,0,1,20000.0,20260913
SIRT,58,0.24868185043808563,0.20329042461894464,0.08164754199970048,58,0.05081149045211779,0.008745282217007317,nan,3.770105714618023e-06,-0.0036396873475410055,0.003514367075156251,5.4696974590573445e-05,0,1,20000.0,20260913
SIRT,59,0.2451438420195448,0.20179825601001286,0.08303716699811048,59,0.050056136324647914,0.008655293823927889,nan,3.6061145805648008e-06,-0.003534402303962846,0.0034127275793532355,5.347191386462316e-05,0,1,20000.0,20260913
SIRT,60,0.24171349165340633,0.200331195812864,0.08444354200037196,60,0.04929627341604419,0.008566907306208635,nan,3.4790938696264774e-06,-0.0034268712722715262,0.00330884423750301,5.247946590869317e-05,0,1,20000.0,20260913
SIRT,61,0.23837890099637052,0.19888871160567048,0.08583016700140433,61,0.04859279939292655,0.008479882436906424,nan,3.3435162722231695e-06,-0.0033312471407555364,0.003216527649393753,5.143269838416678e-05,0,1,20000.0,20260913
SIRT,62,0.23514246055348476,0.19747028974236397,0.0872231670000474,62,0.04789173499529083,0.008393528480098753,nan,3.198694144262394e-06,-0.003233241748746094,0.0031217595288428046,5.0141693061219065e-05,0,1,20000.0,20260913
SIRT,63,0.23199947779480234,0.19607543021045798,0.0886067079991335,63,0.04721037156685266,0.008307208260530052,nan,3.0627292591669462e-06,-0.003139920029420871,0.0030315417995083966,4.8900105316402364e-05,0,1,20000.0,20260913
SIRT,64,0.2289449389859368,0.19470363785984615,0.08998908300054609,64,0.046544299022565246,0.008221175576846824,nan,2.9311547581248937e-06,-0.003051607654109754,0.002946220220290455,4.7708205834070936e-05,0,1,20000.0,20260913
SIRT,65,0.2259722657455418,0.19335443701608218,0.09137604200077476,65,0.045883986012409575,0.008133882487443938,nan,2.850829644313859e-06,-0.002969822410746105,0.0028674062317756406,4.705709989128675e-05,0,1,20000.0,20260913
SIRT,66,0.2230781032608258,0.19202739615123593,0.09276033299829578,66,0.04526499080952079,0.008046487147713905,nan,2.764139219413397e-06,-0.002891398345497941,0.002791716515066695,4.6314632446653334e-05,0,1,20000.0,20260913
SIRT,67,0.220262800780198,0.19072209079474653,0.09414004199788906,67,0.04464918625312866,0.007959716184317683,nan,2.6509187477585873e-06,-0.002812651561886906,0.0027156249889744785,4.523168441355597e-05,0,1,20000.0,20260913
SIRT,68,0.21752779080065401,0.18943810059698474,0.09552745800101548,68,0.044034192593677114,0.007875180102505524,nan,2.5426624159535617e-06,-0.0027324673171202915,0.0026380594736751316,4.4094267796478415e-05,0,1,20000.0,20260913
SIRT,69,0.21486849134999,0.18817499359725026,0.09690725000109524,69,0.043416714699555936,0.007792269647075861,nan,2.4685558997083654e-06,-0.002656830894776072,0.002565048894898878,4.333984830496932e-05,0,1,20000.0,20260913
SIRT,70,0.21227761902565462,0.18693235281704473,0.09828554200066719,70,0.042845994737070243,0.00770880284339443,nan,2.3868241587216394e-06,-0.0025884855001677494,0.0024990833610849333,4.2584226534795294e-05,0,1,20000.0,20260913
SIRT,71,0.20975751783468155,0.18570979200771656,0.09967554199829465,71,0.042251999147977316,0.007625552856856292,nan,2.325325299675137e-06,-0.0025177758656784667,0.0024308396193730335,4.2087178221659116e-05,0,1,20000.0,20260913
SIRT,72,0.2073038226741156,0.18450692915335928,0.10106195800108253,72,0.04170255732822915,0.00754309736041064,nan,2.2778028149118562e-06,-0.002451417357743713,0.002366739996180243,4.174522095855749e-05,0,1,20000.0,20260913
SIRT,73,0.2049123319532078,0.18332340352437926,0.10245158299949253,73,0.04115304866027402,0.007460642468192894,nan,2.210067040556557e-06,-0.0023892806538687666,0.0023068120502060577,4.118066804476146e-05,0,1,20000.0,20260913
SIRT,74,0.20258519683914383,0.1821588507468841,0.10383108300084132,74,0.040599134895692876,0.007379808480654162,nan,2.158431051966228e-06,-0.002324976683017432,0.0022447206263500274,4.083935468581519e-05,0,1,20000.0,20260913
SIRT,75,0.20031785904710622,0.18101291587613325,0.10521658300058334,75,0.040069231872071384,0.007299443735130796,nan,2.0905210549372797e-06,-0.00226524727097954,0.0021870606248967192,4.0188451435838224e-05,0,1,20000.0,20260913
SIRT,76,0.1981118102086358,0.1798852419277795,0.10662158299965085,76,0.039549339758153765,0.007219415357309301,nan,2.0432254335779742e-06,-0.002204005613035131,0.002127841324705126,3.9784926013548635e-05,0,1,20000.0,20260913
SIRT,77,0.19595941711591072,0.17877548899131557,0.10800575000030221,77,0.0390570882778923,0.007139691097349387,nan,1.9915042791425267e-06,-0.0021504015884467884,0.002076120285487726,3.9278078046756665e-05,0,1,20000.0,20260913
SIRT,78,0.19385954663546387,0.17768334088512314,0.10939149999830988,78,0.038576225898291426,0.007061202348090269,nan,1.9485514507014425e-06,-0.002097921928993936,0.002025464220219052,3.888293711100734e-05,0,1,20000.0,20260913
SIRT,79,0.1918112391789572,0.17660849329163852,0.1107733749995532,79,0.038087603144228585,0.00698345242442525,nan,1.892382623038577e-06,-0.002046415073885663,0.0019757741808430524,3.8196753088896966e-05,0,1,20000.0,20260913
SIRT,80,0.1898119757640623,0.17555063675593507,0.11216254199825926,80,0.03761871145930487,0.0069057465076150905,nan,1.8563936206692541e-06,-0.0019974070212735325,0.0019285050423019756,3.776551369041946e-05,0,1,20000.0,20260913
SIRT,81,0.18786264811641498,0.17450948155870585,0.11354845800087787,81,0.03715420299297735,0.006832494401587923,nan,1.797642210475851e-06,-0.0019475300054385787,0.001880305907645157,3.708212044445657e-05,0,1,20000.0,20260913
SIRT,82,0.18596308125345845,0.17348473642474596,0.11493975000121281,82,0.03669813475298344,0.006767350510912338,nan,1.752574973198528e-06,-0.0018978142879815013,0.0018322292082391244,3.652260139646909e-05,0,1,20000.0,20260913
SIRT,83,0.18410720240899153,0.1724761204511168,0.11633658299979288,83,0.03626466321992061,0.006701365356790772,nan,1.7111336100591207e-06,-0.001854167710855139,0.0017901225545442052,3.607840639155076e-05,0,1,20000.0,20260913
SIRT,84,0.18229428448360088,0.17148337022129484,0.11772424999799114,84,0.035836373613675025,0.006635132290138062,nan,1.668195150635468e-06,-0.0018112497302378997,0.001748705641701705,3.5610727286612356e-05,0,1,20000.0,20260913
SIRT,85,0.18052424138990786,0.17050622115777392,0.11910462499872665,85,0.03540243297068959,0.006568875368406368,nan,1.6303847937742422e-06,-0.0017684127089011366,0.001707376480680816,3.517697727167027e-05,0,1,20000.0,20260913
SIRT,86,0.17879693408912176,0.16954440369012763,0.12049145800119732,86,0.03495748419133929,0.006502919324068367,nan,1.5958804194676431e-06,-0.0017257114203692843,0.0016662060157367148,3.482102135871813e-05,0,1,20000.0,20260913
SIRT,87,0.17710982542826217,0.16859765665290535,0.12187487499977578,87,0.03454612743300192,0.006437023708357211,nan,1.5579405892186144e-06,-0.0016855507202744124,0.0016274369148287216,3.4374426701833894e-05,0,1,20000.0,20260913
SIRT,88,0.1754617842042329,0.1676657307209234,0.12325849999979255,88,0.034144294271475514,0.00637152138289382,nan,1.5177351211795656e-06,-0.0016465234889009083,0.0015897495824644284,3.389983856762321e-05,0,1,20000.0,20260913
SIRT,89,0.17385079645517118,0.16674838296349279,0.12463704200126813,89,0.03375444771533119,0.006306234962372526,nan,1.4824523343344013e-06,-0.0016095052967274022,0.0015540196120333583,3.3487366818855543e-05,0,1,20000.0,20260913
SIRT,90,0.17227581314473428,0.16584537946008499,0.12602241700005834,90,0.0333718590080938,0.006241278070709946,nan,1.4486323340630802e-06,-0.0015735346781006714,0.0015192992617540958,3.308529021296117e-05,0,1,20000.0,20260913
SIRT,91,0.17073607288631193,0.1649564936887658,0.12740404199939803,91,0.03299488418251278,0.006176790809609324,nan,1.4167035792874467e-06,-0.0015383235548500685,0.0014853071393114792,3.2707362219434084e-05,0,1,20000.0,20260913
SIRT,92,0.16923276443560062,0.16408149769886127,0.12878129199816613,92,0.03260169809193715,0.006113388207551033,nan,1.375285602435615e-06,-0.0015019331651038052,0.0014501649147874195,3.217052525462636e-05,0,1,20000.0,20260913
SIRT,93,0.16776330831502473,0.16322015581788984,0.1301680420001503,93,0.032236264685949874,0.006050355394785579,nan,1.3446988517223982e-06,-0.001468111421724511,0.0014174972825307596,3.178755433963216e-05,0,1,20000.0,20260913
SIRT,94,0.16632614342495108,0.16237225386166187,0.13155054199887672,94,0.03187636535400371,0.005987577634304231,nan,1.3160254158888268e-06,-0.0014358488646637423,0.001386359756664548,3.144455481453723e-05,0,1,20000.0,20260913
SIRT,95,0.16492426874469912,0.16153757813056302,0.13293637500100886,95,0.03149911283436197,0.005926267447078113,nan,1.2775056235928958e-06,-0.0014005971746246426,0.00135226497478437,3.087859841790235e-05,0,1,20000.0,20260913
SIRT,96,0.1635578000866027,0.16071590476381922,0.13431924999895273,96,0.03113794148264735,0.005867591779651206,nan,1.2429018758335758e-06,-0.0013652257562250475,0.0013179900881075818,3.0348262521361903e-05,0,1,20000.0,20260913
SIRT,97,0.1622220720161721,0.1599070112501008,0.1357058749999851,97,0.03078375034273932,0.005809261934147711,nan,1.207938673398749e-06,-0.0013345201317549861,0.0012883461061724089,2.993655735895906e-05,0,1,20000.0,20260913
SIRT,98,0.1609151200908962,0.15911069347802073,0.13708691699866904,98,0.0304457861549225,0.005750936178749863,nan,1.17766007361551e-06,-0.0013057742652038168,0.0012606046305463207,2.9532998626174606e-05,0,1,20000.0,20260913
SIRT,99,0.1596364184202161,0.15832675717690156,0.13846974999978556,99,0.030111051105587133,0.005692798096963555,nan,1.1488964954366254e-06,-0.0012775527741761,0.0012333679007459518,2.913616866785495e-05,0,1,20000.0,20260913
SIRT,100,0.1583880043775417,0.1575550078305316,0.13985604199842783,100,0.029769870206798645,0.005635504118947663,nan,1.1135355163914727e-06,-0.0012473005071636806,0.0012041017840679132,2.8537994872956923e-05,0,1,20000.0,20260913
LS,0,4.011019687687293,0.4099744530505668,0.0,0,0.0,0.08166881624487421,0.0,0.0,0.0,0.0,0.0,0,0,20000.0,20260913
LS,1,0.5398076052618781,0.14959790347282217,0.2411404170015885,377,9.824304708244032,0.02764408030608031,9.710367877985846e-08,0.7140269994906797,-2.7571850829347344,-1.3546360675958788,0.020950875984505873,0,355,20000.0,20260913
LS,2,0.16702937133764983,0.14224005158090486,0.384936166999978,604,1.6222848089775206,0.011923237519329735,8.398085528553157e-08,0.10209240031003783,-0.27068583361419063,0.24118783385226675,0.00817273069306414,0,209,20000.0,20260913
LS,3,0.10961862129969327,0.14100633171115248,0.5217183339991607,820,0.906437027866816,0.005575911195195653,8.335008921109682e-08,0.016950095111902277,-0.04046065492605412,0.016329345763555214,0.0034532057415563883,0,200,20000.0,20260913
LS,4,0.09728288883767575,0.14208645606141437,0.6520727499992063,1027,0.5114159945543627,0.003029777719089849,9.603467978312746e-08,0.0042733254924781,-0.008062406969538362,-0.0007415835122838756,0.001758539090626062,0,188,20000.0,20260913
LS,5,0.09281365666899669,0.14329490227016486,0.7377377500015427,1160,0.37785849711168606,0.0018813618971660164,8.3087289382422e-08,0.0018038544679792757,-0.0026653777006997166,-0.002669620023296043,0.0011181749542251943,0,121,20000.0,20260913
LS,6,0.0904416709823311,0.14509259842943045,0.8141247500025202,1281,0.31788538439118075,0.0014494059495460344,9.37704820951626e-08,0.0010255632320115705,-0.0013464224546549817,-0.002680570193810845,0.0008240157244303954,0,112,20000.0,20260913
LS,7,0.08896409200285599,0.14730644380310495,0.8953434169998218,1412,0.2732722364196208,0.0013383478825289385,8.902336441233907e-08,0.0006561766183454383,-0.0008214023611268679,-0.0022563067804139505,0.00065265645598442,0,117,20000.0,20260913
LS,8,0.08797859661084707,0.14974746840577752,0.9705369590010378,1529,0.2378255448527627,0.0012565892194126114,9.133542957918094e-08,0.0004436121313864594,-0.0005418832606242255,-0.0018425540972167578,0.0005361909610245147,0,107,20000.0,20260913
LS,9,0.08729307158550183,0.15212538102454976,1.0460164169999189,1647,0.20729911289849717,0.0011949401416324144,9.631545359392313e-08,0.0003117268745471244,-0.0003737981508020641,-0.0014631210850799478,0.00045104647982791826,0,109,20000.0,20260913
LS,10,0.08679319799569055,0.15449223133342604,1.1209718749996682,1761,0.18618485707417945,0.0012038787123339625,9.857820231149846e-08,0.00022958174324717558,-0.00027029184656182366,-0.0012333664603753503,0.00038867365373106746,0,106,20000.0,20260913
LS,11,0.08641330410459559,0.15686262421423097,1.190259209000942,1870,0.16942852160602484,0.001223934374097669,9.500469362103858e-08,0.00017606274504213318,-0.00020383114605264661,-0.0010554073055852075,0.00034165576600076397,0,100,20000.0,20260913
LS,12,0.0861132927364348,0.15922756272087873,1.2589212090024375,1978,0.15686248503871608,0.0012372221936171087,8.892614367044464e-08,0.00013997383987449826,-0.00016003752828436347,-0.0009302805924652751,0.00030532016423741223,0,100,20000.0,20260913
LS,13,0.08586784698632693,0.16156500230071852,1.3762953340010426,2169,0.14796062503641264,0.0012458923590668034,8.906898629113158e-08,0.00011500529354746971,-0.00013044045656419973,-0.0008491715779504333,0.00027714044411538053,0,180,20000.0,20260913
LS,14,0.08566204500020279,0.16381231837325438,1.488071250001667,2350,0.1457600225398047,0.0012510101045598607,9.530506278680691e-08,9.68068192870155e-05,-0.00010899516683789037,-0.0008564972224160724,0.00025453369463679273,0,172,20000.0,20260913
LS,15,0.08548633376677937,0.1659664638488093,1.6024512920012057,2537,0.13594759093094558,0.001254539512315663,8.857212907334123e-08,8.294258608018496e-05,-9.276864734599784e-05,-0.0007483761405729713,0.00023576984517651166,0,175,20000.0,20260913
LS,16,0.08533228605948179,0.16809729326659162,1.7150814170017838,2721,0.12792417068555803,0.0012558417032479546,9.890762164791566e-08,7.257276271120108e-05,-8.147494458149458e-05,-0.0006641819649818034,0.00022048039221615455,0,172,20000.0,20260913
LS,17,0.08519646892911369,0.1702139365321271,1.826896750000742,2903,0.12000817929116551,0.0012561665049759807,9.980928997857755e-08,6.422653012259058e-05,-7.15906002456325e-05,-0.0005842810244709248,0.0002073172451157693,0,171,20000.0,20260913
LS,18,0.08507435359460946,0.17230518779262222,1.9071933750019525,3032,0.11160992116218006,0.0012555302995980015,9.803086428204732e-08,5.7638417938192734e-05,-6.447691656525018e-05,-0.0005007233905871804,0.00019624933225936218,0,118,20000.0,20260913
LS,19,0.08496321954795781,0.17432815996977494,1.9731780420006544,3136,0.10619772531658828,0.0012538605675262654,8.737134237591095e-08,5.1879297898487165e-05,-5.925474875138153e-05,-0.00045276379646922305,0.00018610906371187326,0,95,20000.0,20260913
LS,20,0.08486255666714743,0.17623093154913008,2.040596041999379,3244,0.0999226489808862,0.0011926392110238413,8.532836525535098e-08,4.687882140094508e-05,-5.3784059413603044e-05,-0.0003985639081574855,0.000176936172485371,0,97,20000.0,20260913
LS,21,0.0847710076181101,0.17802794332812083,2.1527160000005097,3428,0.09573081972660623,0.001193230676844055,9.693209330538998e-08,4.265929392509134e-05,-4.888975511069424e-05,-0.0003666704432390729,0.0001686878360244549,0,172,20000.0,20260913
LS,22,0.0846864677764845,0.17977865330829687,2.2624412500008475,3607,0.09211775158303702,0.001191968544492899,9.539804280319748e-08,3.9269417986279296e-05,-4.527042363577215e-05,-0.0003397441662101089,0.00016158105187257646,0,169,20000.0,20260913
LS,23,0.0846077170959219,0.18149124003596875,2.3756258339999476,3791,0.0893232194549931,0.0011894806003709553,9.182555251674467e-08,3.644264672301692e-05,-4.2308033838719304e-05,-0.00032018119612763416,0.0001554371216204199,0,174,20000.0,20260913
LS,24,0.08453422315325324,0.18317661964771167,2.4875730000021576,3975,0.08732557056647802,0.0011866593125727523,9.366050213923082e-08,3.4011311211973005e-05,-3.94826314615459e-05,-0.0003077938210693874,0.00014997812680626768,0,170,20000.0,20260913
LS,25,0.08446537580999988,0.18478499668417106,2.598247875001107,4156,0.08393442480998833,0.001184169174758736,8.887342246024575e-08,3.16516375803705e-05,-3.719570567172997e-05,-0.0002834020401558261,0.00014455797915535618,0,168,20000.0,20260913
LS,26,0.08440060984984202,0.18637550078182757,2.707513542001834,4334,0.08067577050823337,0.00118145073528497,8.467521729513437e-08,2.9754444808168668e-05,-3.5011515344027496e-05,-0.00026066303719699256,0.00013998893090295272,0,166,20000.0,20260913
LS,27,0.08433956709407131,0.18794311361542554,2.8167324170026404,4513,0.07834925690699046,0.0011786410059873092,9.474720673189208e-08,2.79719508033676e-05,-3.307080497300553e-05,-0.0002458875471231725,0.00013568405080687754,0,165,20000.0,20260913
LS,28,0.0842825907186278,0.18946411605951044,2.9212890840026375,4682,0.07586295584226828,0.001175554406101335,9.332160271806189e-08,2.6239060152600563e-05,-3.073731528859691e-05,-0.00023078302801278749,0.00013134596606385022,0,162,20000.0,20260913
LS,29,0.08422903248303666,0.19091533838133465,2.984633459000179,4782,0.0719442579014485,0.0011729428283167324,9.898143880504507e-08,2.4640443931248978e-05,-2.891779166399498e-05,-0.00020524057665836768,0.0001272340840364277,0,91,20000.0,20260913
LS,30,0.08417888905151524,0.192308026342424,3.0948013340021134,4964,0.06936153948092853,0.0011705646623149054,8.118035168367446e-08,2.3107703067601165e-05,-2.7035728452082554e-05,-0.00019040772643680206,0.00012315978981943093,0,166,20000.0,20260913
LS,31,0.08413166173355617,0.19365173269163427,3.20145224999942,5139,0.06698297751889556,0.0011686088868977467,8.343256536567345e-08,2.1788975010517163e-05,-2.5438342948203475e-05,-0.0001771086459057708,0.0001195822052922023,0,162,20000.0,20260913
LS,32,0.08408689391469833,0.19495470487944386,3.3088547500010463,5313,0.06468551295460842,0.0011666571471987757,9.5709706270257e-08,2.0646562875445552e-05,-2.4121255984160344e-05,-0.00016444296045219694,0.00011639723413103455,0,164,20000.0,20260913
LS,33,0.08404440893560072,0.19622125802303264,3.420207292001578,5489,0.06248668593618441,0.0011647237782708617,9.007175903090262e-08,1.9595756162425204e-05,-2.2889222933317725e-05,-0.00015274431686676336,0.00011334487283601557,0,166,20000.0,20260913
LS,34,0.08400403652768225,0.197436449263412,3.4866204589998233,5592,0.06005344852569303,0.001163020362333671,9.544497576850838e-08,1.8623990217033774e-05,-2.1748417700885608e-05,-0.00013994842607292952,0.00011047083690838461,0,92,20000.0,20260913
LS,35,0.08396542673347229,0.19863157384479135,3.597491042000911,5768,0.059375753813068796,0.001161554878673558,8.840511357750687e-08,1.7775646496658523e-05,-2.083414771100103e-05,-0.000137664212833551,0.00010789568377997566,0,164,20000.0,20260913
LS,36,0.08392845953230602,0.19979960459404345,3.709418459002336,5946,0.057390057631276366,0.0011602365583001854,6.65838133658903e-08,1.702189177287201e-05,-1.9945309396329933e-05,-0.0001277137345797842,0.00010554022690058599,0,165,20000.0,20260913
LS,37,0.08389301944207343,0.20093773675380394,3.7694358750013635,6037,0.05567788157455057,0.0011589994390692234,9.395967444342558e-08,1.633714913407241e-05,-1.9102941094244716e-05,-0.00011956123459890092,0.00010335294191205936,0,84,20000.0,20260913
LS,38,0.08385919901642787,0.2020465774639887,3.828132667000318,6126,0.05420776315033536,0.0011576404100128244,8.016437874064959e-08,1.5587326973074133e-05,-1.8233098679466657e-05,-0.00011310365364257852,0.00010099544140240687,0,82,20000.0,20260913
LS,39,0.08382694599975535,0.20313296083751403,3.8860767090009176,6213,0.053022210358491986,0.0011564674508443237,9.341219808319394e-08,1.4948052662202032e-05,-1.730496400915946e-05,-0.00010831472289248831,9.894024064854147e-05,0,81,20000.0,20260913
LS,40,0.08379636099660395,0.20418689499934328,3.9443530839998857,6301,0.05167890490079063,0.0011555214066232128,9.9429584606606e-08,1.4317913740078008e-05,-1.626708940811598e-05,-0.00010295045743585263,9.684273075434438e-05,0,81,20000.0,20260913
LS,41,0.08376708553534484,0.20521537113137228,4.002398250002443,6389,0.05054408755787989,0.0011545167611428998,8.43560644186068e-08,1.3772755412220061e-05,-1.5502705849088032e-05,-9.845977809382195e-05,9.49929494869837e-05,0,80,20000.0,20260913
LS,42,0.08373901852581968,0.2062258672993839,4.06324479199975,6482,0.04946144402480944,0.0011537147675609075,7.442598706241612e-08,1.3251128964780206e-05,-1.4815880556537503e-05,-9.425471272580282e-05,9.318933689847489e-05,0,85,20000.0,20260913
LS,43,0.08371194047444076,0.20721595627316133,4.1235494169995945,6574,0.04848013309049374,0.0011530087360278184,9.192714774522573e-08,1.278500919720439e-05,-1.4293042180066348e-05,-9.043811384468447e-05,9.154796083869113e-05,0,83,20000.0,20260913
LS,44,0.08368578467757229,0.20818827555659303,4.182585917002143,6664,0.04755689734243661,0.0011523095275813556,9.324268516770194e-08,1.235661005443087e-05,-1.3799186821685856e-05,-8.692712737347879e-05,9.000515995862643e-05,0,82,20000.0,20260913
LS,45,0.0836604159951869,0.2091437963439997,4.244281667000905,6759,0.046703968726569345,0.0011516517897402904,9.402775742212692e-08,1.1963543351421308e-05,-1.3405139027821566e-05,-8.369435235522235e-05,8.856258683843964e-05,0,85,20000.0,20260913
LS,46,0.08363592442755019,0.21007206172479,4.305534125000122,6852,0.04576197987535157,0.0011512613117334114,8.859691765101974e-08,1.1564182865827091e-05,-1.2927384767552223e-05,-8.021637246890109e-05,8.706959812972651e-05,0,85,20000.0,20260913
LS,47,0.08361219545459148,0.21098521980505885,4.366668500002561,6946,0.04498917440095558,0.0011507919526055493,8.827909138272086e-08,1.1185348673950407e-05,-1.2543624289643918e-05,-7.747231770526561e-05,8.566287492691542e-05,0,84,20000.0,20260913
LS,48,0.08358953438068345,0.21187362294486103,4.4268491250004445,7038,0.04392046351147523,0.001150644999253229,9.805484838496622e-08,1.0704327034197607e-05,-1.1956746873137633e-05,-7.378928184511561e-05,8.391513913566203e-05,0,84,20000.0,20260913
LS,49,0.08356766531419046,0.21274161345938042,4.484827416999906,7126,0.04302663744061404,0.0011502970966292912,7.990389577300521e-08,1.0320530588088956e-05,-1.1548535904296268e-05,-7.069550997931701e-05,8.249426652982582e-05,0,80,20000.0,20260913
LS,50,0.08354647730930265,0.21359011374507555,4.543389250000473,7215,0.042273516350470434,0.0011498161715468626,8.876160790187664e-08,9.97611081507285e-06,-1.1211894070850539e-05,-6.816450434385687e-05,8.118814644256754e-05,0,81,20000.0,20260913
LS,51,0.0835259514077726,0.21442027816224715,4.600344167000003,7301,0.04146420692343143,0.0011493029780346186,8.614233130152733e-08,9.65180347244471e-06,-1.0874098055291428e-05,-6.543812125940456e-05,7.994164370296224e-05,0,79,20000.0,20260913
LS,52,0.08350599348127188,0.2152314718813324,4.6586965000024065,7390,0.040631231495937906,0.0011488440400735796,9.941075494283229e-08,9.319943260418099e-06,-1.0637983240021653e-05,-6.258692214311434e-05,7.86830546946999e-05,0,80,20000.0,20260913
LS,53,0.08348660505521026,0.21602764881159472,4.713845292000769,7473,0.03992677137966271,0.0011484524513261916,9.859600906101987e-08,9.033619522344102e-06,-1.035480654200911e-05,-6.031892757856707e-05,7.75373121500283e-05,0,76,20000.0,20260913
LS,54,0.08346775140606992,0.2168120842991205,4.770357792000141,7561,0.03929702325685358,0.0011480916513792292,7.580747031393901e-08,8.774400428409998e-06,-1.0079248711192843e-05,-5.8359152702146624e-05,7.647136897856098e-05,0,80,20000.0,20260913
LS,55,0.08344940584764442,0.21758715236771262,4.8282801669993205,7653,0.03871263411281628,0.001147810495637886,9.173636043285322e-08,8.536812670275337e-06,-9.808745750922829e-06,-5.6587843572136114e-05,7.547318336307765e-05,0,82,20000.0,20260913
LS,56,0.08343151618071717,0.2183529944151528,4.884795042002224,7742,0.03814565430603958,0.0011475634526104577,9.645214846844752e-08,8.317654900640112e-06,-9.572012028647573e-06,-5.4864880194551083e-05,7.453375926155864e-05,0,80,20000.0,20260913
LS,57,0.08341404683854306,0.21909969726046158,4.940249625000433,7830,0.037452107408381924,0.0011474431878924812,8.574324388435621e-08,8.079544275690403e-06,-9.389797900725508e-06,-5.266367529233425e-05,7.348103140080686e-05,0,77,20000.0,20260913
LS,58,0.08339727018525797,0.21981208000988176,4.992187334002665,7910,0.03647765958865479,0.0011477190089390864,8.526883016805658e-08,7.778453073302277e-06,-8.99820020966796e-06,-4.9754329168200115e-05,7.207889909915785e-05,0,74,20000.0,20260913
LS,59,0.08338117430082044,0.220502156586916,5.042613166999217,7988,0.03572614486660019,0.0011478802066284296,8.651720960542222e-08,7.5247451345178876e-06,-8.571139305789473e-06,-4.772198691393431e-05,7.088280384151065e-05,0,70,20000.0,20260913
LS,60,0.08336548148013223,0.22117704191589163,5.094343125001615,8067,0.03515814338236832,0.0011478507711802054,9.729621762508193e-08,7.312339353396205e-06,-8.380481328465067e-06,-4.6111931616548926e-05,6.989844625239478e-05,0,74,20000.0,20260913
LS,61,0.08335018297250257,0.22183765333032074,5.144913416999771,8145,0.034579594305962615,0.0011476437220498926,9.93823736046525e-08,7.1075433687502975e-06,-8.190964262175518e-06,-4.448890948859065e-05,6.894311836397844e-05,0,71,20000.0,20260913
LS,62,0.08333538244694665,0.22247680888508603,5.197336917000939,8226,0.03386450520054975,0.0011474191513014805,8.143740952101284e-08,6.906624579310681e-06,-7.893900977559753e-06,-4.253971006797557e-05,6.801973558278492e-05,0,74,20000.0,20260913
LS,63,0.08332103287416724,0.2231059688445714,5.249760875001812,8307,0.0333536426154289,0.00114712614544463,8.73899464741065e-08,6.711809175064387e-06,-7.637763607248545e-06,-4.1273701006483665e-05,6.707773599937655e-05,0,74,20000.0,20260913
LS,64,0.08330713261941143,0.22372536490056905,5.2994776250016,8383,0.03288323755787824,0.0011466952670697312,7.633866982801618e-08,6.529531499501104e-06,-7.370723254010789e-06,-4.0165110858581794e-05,6.618529904698762e-05,0,71,20000.0,20260913
LS,65,0.08329363819757926,0.2243333087271205,5.3496637499993085,8460,0.03237215045752291,0.0011462913741586377,8.607165206782197e-08,6.364969023709769e-06,-7.129452806044814e-06,-3.890338443005584e-05,6.537943155873962e-05,0,71,20000.0,20260913
LS,66,0.08328040263879774,0.22492946231916774,5.400684542000818,8539,0.0319203995008081,0.0011459392945182563,8.287521494414266e-08,6.217546769604775e-06,-7.01801201421362e-06,-3.771003643303811e-05,6.464921581287988e-05,0,72,20000.0,20260913
LS,67,0.08326745327058074,0.22551692730464132,5.452313792000496,8619,0.03150094769543413,0.0011457511727286835,7.124683258370987e-08,6.0779767673330535e-06,-6.871391452994052e-06,-3.6666117068527064e-05,6.394661529835086e-05,0,73,20000.0,20260913
LS,68,0.0832547763996141,0.2260961519507024,5.500201499999093,8692,0.03115079619460577,0.0011456521473441903,9.457562729237338e-08,5.944407493607737e-06,-6.732463469386958e-06,-3.5841734211244114e-05,6.326041256506719e-05,0,67,20000.0,20260913
LS,69,0.08324236793647972,0.22666667405660104,5.550769334000506,8770,0.030839200760340774,0.0011455967808330866,7.3226680821663e-08,5.815215611569818e-06,-6.593247529417242e-06,-3.514435204246054e-05,6.258802599654907e-05,0,72,20000.0,20260913
LS,70,0.08323021709741812,0.2272308698018755,5.599541416999273,8845,0.030520640873483218,0.0011455718040156795,8.518988439279124e-08,5.6953785470620536e-06,-6.455460514344599e-06,-3.4424636904806314e-05,6.196109176164785e-05,0,68,20000.0,20260913
LS,71,0.08321832032374382,0.22778936710689737,5.649515959001292,8922,0.03019661511317971,0.0011456512183370398,9.946189944054389e-08,5.5827513177245686e-06,-6.314022356528259e-06,-3.369500454037314e-05,6.13644153149384e-05,0,69,20000.0,20260913
LS,72,0.08320667978018881,0.22834087599025585,5.700104750001628,8999,0.02989348260752325,0.001145753548211386,9.890075528268189e-08,5.456900804496389e-06,-6.183642751958555e-06,-3.304047156530099e-05,6.0732691542636795e-05,0,68,20000.0,20260913
LS,73,0.08319528803256242,0.22888734101739702,5.751417875002517,9076,0.029544323528072448,0.0011458181621232136,9.910300213049431e-08,5.344031662238168e-06,-6.0477159640321614e-06,-3.225160501017993e-05,6.01447468082334e-05,0,70,20000.0,20260913
LS,74,0.0831841157214538,0.2294287155055416,5.800296542001888,9149,0.029197184408312978,0.0011458812556783017,9.982019078010503e-08,5.23610301364597e-06,-5.936208089076077e-06,-3.1451467760036895e-05,5.957098718154469e-05,0,66,20000.0,20260913
LS,75,0.08317316541301542,0.2299652379500959,5.850119541999447,9224,0.028812740614893684,0.0011459536493575717,9.421025774827474e-08,5.135086063729307e-06,-5.815222380389977e-06,-3.055839264867558e-05,5.903347971556358e-05,0,67,20000.0,20260913
LS,76,0.08316242212742947,0.23049675584304868,5.901348625000537,9301,0.028506571801801998,0.0011460503737129204,8.650134406481851e-08,5.040303580335647e-06,-5.702982004859976e-06,-2.9887946208613368e-05,5.851861246300769e-05,0,70,20000.0,20260913
LS,77,0.08315186688573693,0.2310234833783233,5.953866667001421,9381,0.028200812715653688,0.0011461332107682584,7.19575018367556e-08,4.946967635497501e-06,-5.6082740532729995e-06,-2.920905019863233e-05,5.800324147979124e-05,0,71,20000.0,20260913
LS,78,0.083141493404252,0.23154620504979398,6.005567709002207,9458,0.027923469732213362,0.0011462171738885478,8.597152077664969e-08,4.859240640515021e-06,-5.51424084785307e-06,-2.8612526609362457e-05,5.751482685334807e-05,0,72,20000.0,20260913
LS,79,0.08313130098781578,0.23206526522296028,6.056969500001287,9536,0.027650941981748917,0.001146306589263917,7.644820567902052e-08,4.774853785991866e-06,-5.4175626539139e-06,-2.803631318767731e-05,5.7040048248323674e-05,0,69,20000.0,20260913
LS,80,0.08312127851683068,0.23257642004130508,6.107888959002594,9612,0.0272997488950213,0.0011463796026566753,9.382862394055638e-08,4.679535908886638e-06,-5.342935074022653e-06,-2.724134350146427e-05,5.650673293593933e-05,0,70,20000.0,20260913
LS,81,0.0831114233855099,0.23308046487958464,6.156283333999454,9683,0.027021741055893212,0.0011464671201126021,9.054138379417068e-08,4.5978515326417016e-06,-5.257279793049676e-06,-2.6653593163810486e-05,5.6052660781151385e-05,0,67,20000.0,20260913
LS,82,0.08310187471010508,0.23357524398373739,6.206471749999764,9758,0.026595428398528326,0.0011463946500791982,7.82586839738171e-08,4.4728937627036455e-06,-5.075781639232108e-06,-2.581716518023495e-05,5.524289955658914e-05,0,68,20000.0,20260913
LS,83,0.08309263150300508,0.2340609194537974,6.255811541999719,9832,0.026270288515229022,0.0011463025615758907,9.517825411228896e-08,4.3562442782950705e-06,-4.886962823893061e-06,-2.5263195833672763e-05,5.4470994102547214e-05,0,66,20000.0,20260913
LS,84,0.08308356506393584,0.2345428223224061,6.305362375002005,9906,0.025955979947418814,0.0011463952564373162,9.973786883353042e-08,4.2693394263371755e-06,-4.797099644244844e-06,-2.461920568229907e-05,5.391776635680165e-05,0,67,20000.0,20260913
LS,85,0.08307465412929428,0.2350218521608783,6.354701250002108,9980,0.025706137269298057,0.0011465364262923322,6.730609808027174e-08,4.190498228364437e-06,-4.72043640694754e-06,-2.412934002384028e-05,5.342392165245446e-05,0,67,20000.0,20260913
LS,86,0.0830658909688561,0.23549820882294076,6.403248209000594,10052,0.02547194847741614,0.0011466865838723167,7.288158264793844e-08,4.118254167757486e-06,-4.644906272948758e-06,-2.367784752362164e-05,5.296927739870899e-05,0,66,20000.0,20260913
LS,87,0.08305728495699839,0.235971707068901,6.451387875000364,10123,0.02523795949979337,0.0011467696918139071,9.50338131868266e-08,4.044308791003201e-06,-4.5617030709660565e-06,-2.3241718127956924e-05,5.249508027140577e-05,0,66,20000.0,20260913
LS,88,0.08304891521538202,0.2364422018787664,6.498582625001291,10192,0.024987149923580754,0.0011468162337847738,9.4984728903528e-08,3.967737976387901e-06,-4.402003638546191e-06,-2.284814144880148e-05,5.200906897766383e-05,0,65,20000.0,20260913
LS,89,0.083040683847643,0.2369078617329745,6.548180583999056,10265,0.024740958826997866,0.001146897820547242,7.436458254349282e-08,3.887498769159023e-06,-4.3438689691914155e-06,-2.237438444494296e-05,5.152294629001711e-05,0,67,20000.0,20260913
LS,90,0.08303261354673841,0.237369941357574,6.597740125002019,10340,0.02451366317998324,0.0011469757862404251,7.489446187815102e-08,3.822261080114079e-06,-4.248039825009553e-06,-2.1975683220491486e-05,5.111220219056659e-05,0,68,20000.0,20260913
LS,91,0.08302468847475472,0.23782234549964631,6.646091209000588,10412,0.024200723725208057,0.0011470790193551773,8.203344566330212e-08,3.7436291667814406e-06,-4.18144281371187e-06,-2.1358679457503662e-05,5.062996754649733e-05,0,66,20000.0,20260913
LS,92,0.08301691832184302,0.23826133898145083,6.69656699999905,10486,0.023877166819879548,0.0011471982554832714,7.646936282249809e-08,3.664606642148644e-06,-4.105546272235037e-06,-2.0735801855516485e-05,5.01510077062167e-05,0,67,20000.0,20260913
LS,93,0.0830092844198638,0.23869383013576942,6.748292500000389,10561,0.023600675003196032,0.0011472379473368654,8.90102320828535e-08,3.596560321829043e-06,-4.0373416581547525e-06,-2.0215691051103675e-05,4.972134539420844e-05,0,68,20000.0,20260913
LS,94,0.08300177610535381,0.23912171102543972,6.7943920840007195,10628,0.023364534718007982,0.0011472692457524423,8.031449002207306e-08,3.5348998873943827e-06,-3.973414620661533e-06,-1.978675961945923e-05,4.9324456526853854e-05,0,62,20000.0,20260913
LS,95,0.08299439955508014,0.2395459806163739,6.846383500000229,10704,0.023154681092550016,0.001147296538376684,6.205077570317802e-08,3.4755435287041156e-06,-3.901006744059389e-06,-1.9430412551221313e-05,4.8937403893435416e-05,0,69,20000.0,20260913
LS,96,0.08298714943555685,0.23996541730300325,6.8943855420002365,10777,0.02295130677487801,0.0011473185767030426,9.023835688562668e-08,3.41963473228621e-06,-3.830484793192953e-06,-1.9088004610433716e-05,4.856363107973729e-05,0,67,20000.0,20260913
LS,97,0.08298001847074722,0.24038196650412424,6.939788250001584,10846,0.022760920319792734,0.0011473538957862699,9.249589304886986e-08,3.3659970478500306e-06,-3.764967760216936e-06,-1.8772009880568642e-05,4.819826500750036e-05,0,62,20000.0,20260913
LS,98,0.08297299950538095,0.24079573335455237,6.986940999999206,10917,0.022579840826757472,0.001147383823227378,9.733475220367945e-08,3.3153678879908063e-06,-3.70359748380507e-06,-1.8473495221814624e-05,4.785464395804772e-05,0,66,20000.0,20260913
LS,99,0.0829660789213815,0.24120515590449185,7.03201829200043,10985,0.022369382136241855,0.001147455824079517,9.946421543279532e-08,3.262652035207122e-06,-3.6579319551802212e-06,-1.809887885840731e-05,4.748766862128067e-05,0,62,20000.0,20260913
LS,100,0.08295925192613388,0.24160699810039662,7.078282541999215,11054,0.022179531839984674,0.0011475678568639701,9.810081371343699e-08,3.2061627147630945e-06,-3.620832539831835e-06,-1.776958638442283e-05,4.7100948090622225e-05,0,64,20000.0,20260913
WLS,0,4.011019687687293,0.4099744530505668,0.0,0,0.0,0.08166881624487421,0.0,0.0,0.0,0.0,0.0,0,0,20000.0,20260913
WLS,1,0.5237702956826397,0.13894118222640667,0.32924279200233286,530,9.722259095354882,0.03151859596209902,9.237362452277069e-08,0.7270635906187961,-2.760185801385859,-1.2388667038558832,0.021180338328205543,0,496,20000.0,20260913
WLS,2,0.1617543628728561,0.12941924158460885,0.6559062090018415,1047,1.6772623668572408,0.012353488094479101,9.763751002630241e-08,0.09908728278280461,-0.26292865002698207,0.22135548044600586,0.008034524697694419,0,495,20000.0,20260913
WLS,3,0.1067218853467838,0.13141704979581803,0.7947348340021563,1271,0.6806454513067681,0.005643787418716233,8.879006867520906e-08,0.01615264917698861,-0.03887982834908087,0.031868566006842604,0.0033596352416501414,0,211,20000.0,20260913
WLS,4,0.0953242942148459,0.13391074583875082,0.897088875000918,1427,0.4287696172441949,0.0030207138779651263,9.32512933714371e-08,0.003913024849031584,-0.007484566282913881,0.0022054218983512345,0.0016825866523398,0,147,20000.0,20260913
WLS,5,0.0913364439211668,0.13681829969837514,0.9953116249998857,1577,0.3469991703571808,0.0018645586173617946,9.202050023092241e-08,0.0016030116571591477,-0.0023848386365144516,-0.0020325709177494936,0.0010556754162991857,0,141,20000.0,20260913
WLS,6,0.08923452647146525,0.13997504443387548,1.0926342500024475,1728,0.29546347611014023,0.0012940318445949248,7.575469857694046e-08,0.0009091732546061354,-0.0011927441950966902,-0.0022630158360528218,0.0007759881900285483,0,140,20000.0,20260913
WLS,7,0.08791825013563627,0.14328689686946106,1.185237584002607,1870,0.256155862773929,0.0009650112491340946,9.20842028247502e-08,0.0005840282100696605,-0.0007322481257621917,-0.001964514965843816,0.0006146181577252266,0,136,20000.0,20260913
WLS,8,0.08703338671819599,0.1463794388937483,1.345760459000303,2133,0.2357846103086755,0.0007880867565299493,6.321432155952363e-08,0.00039815594998420146,-0.00048670746744960215,-0.0018948557054804223,0.0005061958095357475,0,247,20000.0,20260913
WLS,9,0.08641083976949412,0.14935121217441666,1.5031390840013046,2385,0.21822045320579395,0.00064656045724203,8.703780532785638e-08,0.00028338909602805453,-0.0003391578526821408,-0.0017584613611652368,0.0004278932688089126,0,238,20000.0,20260913
WLS,10,0.08595304950947286,0.15239964645614207,1.653658417002589,2626,0.20900568454415333,0.0005321078785986958,9.86956605297298e-08,0.00021087941261785392,-0.00024691084739807427,-0.0017263785485672387,0.00037015025165043,0,231,20000.0,20260913
WLS,11,0.08560278734243884,0.15541468097513825,1.809766624999611,2877,0.1918394193078263,0.0004398338039592139,9.278123321493771e-08,0.00016307288231961692,-0.00018718928472110844,-0.0014898559729841845,0.00032640990843877185,0,234,20000.0,20260913
WLS,12,0.08532487495397958,0.15819914413124148,1.9455546669996693,3092,0.15327359629808812,0.00036545529531652226,9.702187646642091e-08,0.00013052655197416007,-0.00014738583648209053,-0.0008967273776482087,0.0002926628728125211,0,204,20000.0,20260913
WLS,13,0.0850974426495211,0.16081343746089996,2.0262483750011597,3216,0.14158526545961972,0.0003052717094024982,9.218768342339997e-08,0.00010777669299669996,-0.00011965561146139452,-0.0007748870653050634,0.0002662855865936946,0,117,20000.0,20260913
WLS,14,0.08490570757572014,0.16337175477525548,2.1069722499996715,3339,0.13338092314353894,0.0002562838223104967,8.104823227986045e-08,9.159162573602753e-05,-0.0001001434480647776,-0.0006977884591301683,0.000245509973178869,0,118,20000.0,20260913
WLS,15,0.08474002408695397,0.16587596275946162,2.1882580839992443,3463,0.12653684705018187,0.00022325489036967617,9.418294564322803e-08,7.965884985075699e-05,-8.602463891279497e-05,-0.0006348951943038897,0.0002287984975839417,0,117,20000.0,20260913
WLS,16,0.08459488790535931,0.16829709231980086,2.26498945899948,3580,0.12056602533927806,0.00020104420058034814,8.295343698716145e-08,7.002996811658288e-05,-7.51062134791677e-05,-0.000581672141710912,0.00021443634419370075,0,110,20000.0,20260913
WLS,17,0.08446578354000445,0.170665262486081,2.3411768750011106,3697,0.11589053106865983,0.00018357367049460474,9.064044149499894e-08,6.258085182993711e-05,-6.652351352379155e-05,-0.0005424263942139382,0.0002025491162849459,0,110,20000.0,20260913
WLS,18,0.08434970216642149,0.172954056273642,2.417392125000333,3814,0.11031229066438579,0.0001690065814335255,9.863224755215446e-08,5.635846995066729e-05,-5.972290363475934e-05,-0.0004923586999982366,0.00019220574529466532,0,108,20000.0,20260913
WLS,19,0.08424450573790856,0.17515736336029347,2.494879584002774,3933,0.10568422010399822,0.00015677277691490137,7.585392565087857e-08,5.1255983974340216e-05,-5.394044453554576e-05,-0.0004532612904365956,0.00018321453520331394,0,112,20000.0,20260913
WLS,20,0.0841482197231509,0.17730132235637697,2.5700517500008573,4047,0.10150581883799531,0.00014634338888279305,8.898742894645648e-08,4.7013209695257535e-05,-4.927280506239948e-05,-0.00041888554814092786,0.0001753579878088068,0,110,20000.0,20260913
WLS,21,0.08405953284747976,0.17938217093058612,2.646689667002647,4170,0.09756518218732106,0.0001375012873772099,9.902814183433132e-08,4.339169081820089e-05,-4.5295184847477446e-05,-0.00038726136309112023,0.00016835410059508568,0,112,20000.0,20260913
WLS,22,0.08397725706407291,0.18141045630824582,2.7183276249998016,4284,0.0941049170104851,0.00013586070147005952,9.247662372978161e-08,4.034991465873068e-05,-4.192586875209717e-05,-0.0003605109868706684,0.0001621874316416122,0,104,20000.0,20260913
WLS,23,0.08390077684558275,0.18340055067061778,2.79317445900233,4403,0.09112308205744227,0.0001360167440236859,9.581899882420934e-08,3.7512496714160325e-05,-3.896772177388232e-05,-0.0003386905856922076,0.000156444445209729,0,110,20000.0,20260913
WLS,24,0.08382916864360208,0.18535690703610333,2.8649493750017427,4516,0.08849942241131635,0.00013568656042852988,9.455082038149704e-08,3.5204884792011966e-05,-3.640331718396246e-05,-0.00031999918637616104,0.00015148501233450302,0,105,20000.0,20260913
WLS,25,0.08376177160243822,0.18727692196077117,2.933007167001051,4623,0.08595740195860149,0.00013506072302770555,9.069981896773682e-08,3.3164429264670125e-05,-3.423261189730226e-05,-0.0003020367064097686,0.00014701275209897814,0,99,20000.0,20260913
WLS,26,0.08369833349019562,0.1891401498987097,3.0018275000002177,4731,0.08270680798823175,0.00013368764015135657,8.656913480662835e-08,3.1172936245263214e-05,-3.226517599598342e-05,-0.0002785826921375087,0.0001425674728443185,0,101,20000.0,20260913
WLS,27,0.08363965770846221,0.19081352756260545,3.068392749999475,4836,0.07730474730170288,0.00013076892480824332,9.936345670082962e-08,2.874547675070861e-05,-2.9930304989184637e-05,-0.00024012541603559865,0.00013705977804202832,0,96,20000.0,20260913
WLS,28,0.08358488657450124,0.1923722255589731,3.138252459000796,4947,0.07372586257901806,0.00012765389303687633,8.404404572238106e-08,2.6936706081070606e-05,-2.7834427878919444e-05,-0.00021700400669003646,0.00013268614635007992,0,102,20000.0,20260913
WLS,29,0.08353320074087756,0.19387510352044418,3.2041766250004002,5049,0.07128140101550637,0.0001244128333868706,8.263081596520366e-08,2.5476029709204116e-05,-2.6209803914923067e-05,-0.00020236607291299188,0.00012902459094451754,0,97,20000.0,20260913
WLS,30,0.08348414522270721,0.1953348753428523,3.269377084001462,5151,0.06918261433537615,0.00012132447723464082,8.895950574833067e-08,2.420178122426413e-05,-2.485373694483421e-05,-0.00019025618814352352,0.00012570304655146354,0,95,20000.0,20260913
WLS,31,0.08343740076848312,0.19676811662121915,3.3368210840017127,5256,0.06744133609770264,0.00011858802009624674,8.302752753647182e-08,2.3085298312887864e-05,-2.365915591326734e-05,-0.00018067223650807424,0.0001227295685356034,0,99,20000.0,20260913
WLS,32,0.08339277341679041,0.19816690095562892,3.4061944170025527,5366,0.06564681265018632,0.00011615048503429684,7.316964941106093e-08,2.20535162488618e-05,-2.2573835440717822e-05,-0.00017084784886372498,0.00011994646540981485,0,100,20000.0,20260913
WLS,33,0.08335007265003404,0.19953678109409193,3.4723285000000033,5469,0.06398665416894671,0.0001138372541163603,8.624654618786718e-08,2.1099807361239992e-05,-2.1600959398389346e-05,-0.00016201382883044592,0.00011731816310209672,0,97,20000.0,20260913
WLS,34,0.08330932533248313,0.20087614163911222,3.536153084001853,5568,0.06244459583221864,0.00011176188268999857,9.059219678049175e-08,2.0134163255493255e-05,-2.0613154287910136e-05,-0.00015421905988154702,0.00011460182137778282,0,93,20000.0,20260913
WLS,35,0.08327045373554397,0.20218614969912163,3.602018292000139,5671,0.06086915607461761,0.00010963672692291415,9.230265506999458e-08,1.9211116653778616e-05,-1.9660480290036053e-05,-0.00014638111112264728,0.000112046545050269,0,96,20000.0,20260913
WLS,36,0.08323319877435616,0.20346827908756318,3.666216584002541,5770,0.05955578251150923,0.00010764930245687916,9.769840176103833e-08,1.8430379416655058e-05,-1.882458176638242e-05,-0.0001400896003400991,0.00010979958294245097,0,93,20000.0,20260913
WLS,37,0.08319745171926161,0.20472379531990026,3.732987041999877,5872,0.05811197186077962,0.00010573984304477177,8.389832740410946e-08,1.767345576633687e-05,-1.8073599330673148e-05,-0.00013310300858285944,0.00010747841468217978,0,94,20000.0,20260913
WLS,38,0.08316316355506144,0.20595059071968938,3.796655959002237,5969,0.056614631182824275,0.00010384521469523452,9.357870008731838e-08,1.6969970029135904e-05,-1.7318194177343756e-05,-0.00012597265899818628,0.00010529752254605709,0,89,20000.0,20260913
WLS,39,0.08313018316654999,0.20714375133593493,3.8548100000007253,6056,0.05505621807649494,0.00010196829714318325,9.793687737749041e-08,1.631086076458944e-05,-1.666952774329793e-05,-0.00011857896893288129,0.00010323226566327833,0,82,20000.0,20260913
WLS,40,0.08309850886652839,0.20830337140340785,3.917168916999799,6152,0.05374863932670969,0.00010003421623303001,8.961170849116801e-08,1.5677897138477147e-05,-1.59964028845844e-05,-0.00011277151145203598,0.00010119527312638653,0,88,20000.0,20260913
WLS,41,0.08306794203167824,0.2094379851407628,3.978467875000206,6247,0.052608765779013286,9.852878305225229e-05,8.33395144038197e-08,1.5140962227976726e-05,-1.5425872617352036e-05,-0.00010781727698939698,9.943961952393134e-05,0,90,20000.0,20260913
WLS,42,0.08303837623383802,0.2105534305330889,4.040885542002798,6345,0.05165241980452561,9.701560799820204e-05,8.113891053160652e-08,1.465576916946367e-05,-1.4910028672391062e-05,-0.00010383282574292775,9.782242549331328e-05,0,90,20000.0,20260913
WLS,43,0.08300975016749818,0.21165398373552693,4.100808958999551,6438,0.050762277899777046,9.553233454010695e-05,9.851077862863364e-08,1.4188948190136113e-05,-1.4437118150985334e-05,-0.00010021437653886945,9.626782577004057e-05,0,86,20000.0,20260913
WLS,44,0.0829820643391189,0.21273072433321893,4.1575570839995635,6526,0.04980585190068786,9.406317287944612e-05,9.748880694244256e-08,1.3718267404350085e-05,-1.3967560972076165e-05,-9.63453157983813e-05,9.469867475349693e-05,0,81,20000.0,20260913
WLS,45,0.08295524348191288,0.21378741565911005,4.217412834001152,6618,0.048963929880063255,9.246945803825149e-05,7.32786480800724e-08,1.329896959736383e-05,-1.3521887608569926e-05,-9.305246425897621e-05,9.326219216422609e-05,0,88,20000.0,20260913
WLS,46,0.0829293240027172,0.21481163314196178,4.277594084000157,6713,0.04792180441818462,9.093464553088734e-05,9.15885889638318e-08,1.2829371673862443e-05,-1.3090107526100239e-05,-8.890548773905455e-05,9.1643604446311e-05,0,86,20000.0,20260913
WLS,47,0.08290448363000398,0.2158046016196108,4.336898459001532,6805,0.04690496142909057,9.010901008912004e-05,8.354627184740006e-08,1.2293841688719919e-05,-1.2546531020705923e-05,-8.516339762000413e-05,8.983230962075016e-05,0,84,20000.0,20260913
WLS,48,0.08288057300383647,0.21676138802045003,4.397952167000767,6900,0.04577208912129117,8.943954358259034e-05,8.784890389333996e-08,1.183380062032098e-05,-1.2076825551658717e-05,-8.084358095886238e-05,8.816267919284437e-05,0,88,20000.0,20260913
WLS,49,0.08285751430573988,0.21769122060077248,4.456532959000469,6990,0.0446741169281947,8.887315800211066e-05,7.750277130962387e-08,1.1413381128449664e-05,-1.164531696642954e-05,-7.673013806911372e-05,8.669924137450138e-05,0,85,20000.0,20260913
WLS,50,0.08283522647641335,0.2185898335310794,4.514584874999855,7079,0.04373857659165162,8.84093887374158e-05,8.363226994164532e-08,1.1042118692065943e-05,-1.1245710636663828e-05,-7.336532478665491e-05,8.536709303007745e-05,0,83,20000.0,20260913
WLS,51,0.0828135996690135,0.2194720710556782,4.574741374999576,7173,0.04297465572113667,8.794803715671039e-05,9.00674664219824e-08,1.0724401009457925e-05,-1.0902406385893514e-05,-7.071424431765914e-05,8.419569632261093e-05,0,85,20000.0,20260913
WLS,52,0.08279260261432114,0.22033998258611326,4.632016667001153,7262,0.04228728815743805,8.76684502194476e-05,8.319152574811319e-08,1.040159591602543e-05,-1.0595458786556201e-05,-6.841368229315344e-05,8.296970454899656e-05,0,82,20000.0,20260913
WLS,53,0.08277235994097322,0.22118086757072042,4.690862834002473,7354,0.041546465313372354,8.785927327095463e-05,7.97654893691367e-08,1.0024419290576076e-05,-1.0218254059334074e-05,-6.606276565383988e-05,8.15435589666221e-05,0,84,20000.0,20260913
WLS,54,0.08275271239205115,0.22200970321984542,4.748290875002567,7442,0.04096880664750228,8.777270134797842e-05,9.813645099340306e-08,9.745870609921079e-06,-9.901678307039327e-06,-6.427460698394924e-05,8.047896816619534e-05,0,83,20000.0,20260913
WLS,55,0.08273359466476143,0.22282432625703463,4.806055084001855,7531,0.040319675929234126,8.751047716314907e-05,6.699384664420333e-08,9.484074213891401e-06,-9.63365307693664e-06,-6.216608606220948e-05,7.945814686361653e-05,0,83,20000.0,20260913
WLS,56,0.08271497139056,0.2236255571155453,4.862500209001155,7618,0.03975152921384214,8.71833877809748e-05,8.968153934334796e-08,9.23851518599368e-06,-9.384759017158246e-06,-6.038592954051253e-05,7.847924608393748e-05,0,80,20000.0,20260913
WLS,57,0.08269679415531643,0.2244185929326,4.918123958999786,7704,0.03927017439856335,8.693466730452821e-05,9.356035995163869e-08,9.023079033808996e-06,-9.154156205213431e-06,-5.893009462111016e-05,7.761188978909955e-05,0,79,20000.0,20260913
WLS,58,0.08267903887126349,0.2252042293219581,4.975356250000914,7793,0.038796780052128034,8.652502377602729e-05,7.43838113120428e-08,8.813414110262061e-06,-8.94186994922571e-06,-5.750422306771786e-05,7.674634543203797e-05,0,82,20000.0,20260913
WLS,59,0.08266167370087574,0.22598266118598562,5.031419167000422,7880,0.03832749929384203,8.628025352966428e-05,9.505631910734286e-08,8.623042974413311e-06,-8.742127409964749e-06,-5.608468971822219e-05,7.595623589647801e-05,0,80,20000.0,20260913
WLS,60,0.08264467673037061,0.22675509863314866,5.08547983400058,7963,0.0379209690354414,8.594874600250062e-05,9.390810899298561e-08,8.440737715110586e-06,-8.556232788387522e-06,-5.490302412421933e-05,7.51856390880741e-05,0,77,20000.0,20260913
WLS,61,0.08262802721978624,0.22752154052827472,5.14274375000241,8050,0.037519413244649545,8.563283381978725e-05,8.925479804745557e-08,8.268681150362608e-06,-8.380829436299455e-06,-5.373580792676527e-05,7.445168755776625e-05,0,83,20000.0,20260913
WLS,62,0.0826117456344913,0.22828293610355274,5.196421167001972,8132,0.03712915473436875,8.546448356302082e-05,9.828475081804617e-08,8.08504511190139e-06,-8.196540184283683e-06,-5.264712126949049e-05,7.370929390120719e-05,0,77,20000.0,20260913
WLS,63,0.08259592532473264,0.22901715904104272,5.2480498340009945,8211,0.03632808557673026,8.525961237519884e-05,8.89194404187151e-08,7.836696857975425e-06,-7.983612900164594e-06,-5.016618032486284e-05,7.263823842344266e-05,0,72,20000.0,20260913
WLS,64,0.08258056410505432,0.2297271119485743,5.300341334001132,8292,0.03570686589458217,8.518073713544553e-05,8.226598154351112e-08,7.622786523023448e-06,-7.738433151824409e-06,-4.838779392236116e-05,7.173162591680521e-05,0,73,20000.0,20260913
WLS,65,0.08256556742105549,0.2304257562854832,5.352474250001251,8370,0.03521935444001058,8.495728424652544e-05,9.650261335947758e-08,7.446706781165821e-06,-7.549977222624169e-06,-4.702346235972161e-05,7.096652322176982e-05,0,71,20000.0,20260913
WLS,66,0.08255090541966909,0.23111513067299133,5.408045167001546,8452,0.03480568585561394,8.473990937112245e-05,9.453350920517902e-08,7.282072669472045e-06,-7.379928714228814e-06,-4.59097870075807e-05,7.023582094908945e-05,0,76,20000.0,20260913
WLS,67,0.08253655668567629,0.23179772207790258,5.458538834001956,8528,0.03437537465062309,8.437775106155283e-05,9.041942305639012e-08,7.126429195550451e-06,-7.22230479988893e-06,-4.4734585125740566e-05,6.953065633555674e-05,0,68,20000.0,20260913
WLS,68,0.08252249379148245,0.23247425094331722,5.508543833999283,8602,0.033989583325307424,8.406880882152252e-05,9.298139523159824e-08,6.9843453627167874e-06,-7.078548829196154e-06,-4.3701694537561605e-05,6.887565927992278e-05,0,69,20000.0,20260913
WLS,69,0.08250874920799556,0.2331368458003523,5.561437000000296,8682,0.033432661795766906,8.373411619941877e-05,9.624145075109398e-08,6.809107335932657e-06,-6.935476150501202e-06,-4.2142560250612827e-05,6.801848925260628e-05,0,72,20000.0,20260913
WLS,70,0.08249543276152449,0.23377975155271544,5.613581042001897,8759,0.03301097997487854,8.314167384036326e-05,9.023436860318803e-08,6.59573212426392e-06,-6.7207143495309805e-06,-4.116979347402383e-05,6.68800268070398e-05,0,71,20000.0,20260913
WLS,71,0.08248245712378985,0.23441109752088163,5.6681537500007835,8842,0.03254671444335354,8.29584646412019e-05,6.908056182959904e-08,6.435996376443575e-06,-6.539641356711881e-06,-3.998879331821862e-05,6.6057939724228e-05,0,75,20000.0,20260913
WLS,72,0.08246977169612787,0.23503278435134556,5.720387834000576,8923,0.032203474514492306,8.273348279204898e-05,8.870870209819254e-08,6.292737487295591e-06,-6.392690176239299e-06,-3.91677608783041e-05,6.533821131905578e-05,0,73,20000.0,20260913
WLS,73,0.08245734422661606,0.23564963109956916,5.7717599170027825,9002,0.031928839203464766,8.24303099379166e-05,8.961234382016336e-08,6.1681224622722955e-06,-6.259347048016181e-06,-3.85450691322217e-05,6.470953505795333e-05,0,72,20000.0,20260913
WLS,74,0.08244516052715753,0.23626271678704258,5.823589958999946,9082,0.03162310384633795,8.220356491203616e-05,8.154158233987591e-08,6.049068157678106e-06,-6.134631305298707e-06,-3.7817335385282e-05,6.410215600969756e-05,0,73,20000.0,20260913
WLS,75,0.08243320407842696,0.2368721075268013,5.876078000001144,9162,0.031330357502383326,8.191292180829419e-05,9.219309097018264e-08,5.937275405544147e-06,-6.019173317696045e-06,-3.712311633078336e-05,6.35270441580752e-05,0,73,20000.0,20260913
WLS,76,0.08242146024659035,0.23747758198941718,5.925206792002427,9237,0.031035503583447793,8.160301655429899e-05,9.258805410917881e-08,5.832150221729555e-06,-5.911681620351732e-06,-3.641629229730195e-05,6.29816586982334e-05,0,68,20000.0,20260913
WLS,77,0.08240991639379859,0.23808017802468054,5.9755297920019075,9315,0.030795816327337803,8.132223097667567e-05,9.970124154090113e-08,5.7350116588990805e-06,-5.808841129049969e-06,-3.587526237159966e-05,6.247004894577803e-05,0,69,20000.0,20260913
WLS,78,0.08239857755491703,0.2386732038256607,6.027004958999896,9395,0.03045982977085439,8.095617976548424e-05,9.541851316040116e-08,5.629557627725419e-06,-5.709281255370769e-06,-3.5051222601910314e-05,6.190480886896918e-05,0,71,20000.0,20260913
WLS,79,0.08238743884892048,0.23925751135052417,6.076239750000241,9469,0.030191113751174673,8.052771010412608e-05,9.10018965135253e-08,5.53263895392475e-06,-5.606067043847601e-06,-3.443646148027166e-05,6.137867252476333e-05,0,70,20000.0,20260913
WLS,80,0.08237650093340203,0.2398357752853458,6.127001000000746,9547,0.029921815891525084,8.020425316403023e-05,9.939402672697058e-08,5.431869031950945e-06,-5.506046482131425e-06,-3.382783779386091e-05,6.085884648297873e-05,0,71,20000.0,20260913
WLS,81,0.08236575791480584,0.24040720765358167,6.176855459001672,9623,0.02961366478498922,7.985038133547028e-05,9.519722085723795e-08,5.337192529331315e-06,-5.40582607041829e-06,-3.310543850369789e-05,6.036513116958083e-05,0,70,20000.0,20260913
WLS,82,0.08235530040946967,0.24096010021376202,6.224702625000646,9696,0.029044189898812592,7.943367035391785e-05,9.915669710850602e-08,5.1786420334998885e-06,-5.278863306106184e-06,-3.172074300774719e-05,5.954127727499859e-05,0,67,20000.0,20260913
WLS,83,0.08234515484513899,0.2414942312592433,6.273676875000092,9770,0.028398777983757846,7.866207216559303e-05,7.851816893589485e-08,5.025573266249256e-06,-5.119991060289723e-06,-3.0178965217855994e-05,5.862845468985537e-05,0,69,20000.0,20260913
WLS,84,0.08233526123607819,0.24201683574202823,6.323398584001552,9845,0.027966657232350017,7.779214636895545e-05,9.889591730430965e-08,4.910620588958771e-06,-4.982988472570351e-06,-2.9213086776789055e-05,5.794954285308944e-05,0,71,20000.0,20260913
WLS,85,0.0823255641328036,0.24253310752492738,6.372867542002496,9920,0.027624701548881546,7.71633674921184e-05,7.892319743029389e-08,4.816534363576803e-06,-4.880568910991021e-06,-2.8459103508652644e-05,5.7406835822424434e-05,0,70,20000.0,20260913
WLS,86,0.08231604950136193,0.24304393319671147,6.42203900000095,9995,0.027334244935043907,7.664245116496325e-05,9.006768308414789e-08,4.725506050115655e-06,-4.789125391268734e-06,-2.7843415866769824e-05,5.688251360014003e-05,0,69,20000.0,20260913
WLS,87,0.082306705910883,0.2435487307769363,6.471587416999682,10070,0.027065481029587057,7.627097019121311e-05,9.49657969172107e-08,4.641692253904186e-06,-4.701898223145588e-06,-2.728342268922221e-05,5.6401619492473816e-05,0,70,20000.0,20260913
WLS,88,0.08229752689392522,0.2440485181578533,6.520617417001631,10145,0.026830924211890858,7.591153646908663e-05,8.960855070734861e-08,4.562558036044219e-06,-4.6164589173626035e-06,-2.681590774543111e-05,5.594617462989092e-05,0,68,20000.0,20260913
WLS,89,0.0822885225119476,0.24453859158231517,6.5712887500012584,10222,0.026566806536509235,7.558571678470298e-05,8.663604429032643e-08,4.473439756330163e-06,-4.5309422244092075e-06,-2.628537849979239e-05,5.543568304152086e-05,0,70,20000.0,20260913
WLS,90,0.08227967000958201,0.24502349096466397,6.619773083999462,10296,0.026315174145945443,7.527548898643038e-05,8.8134285452251e-08,4.400869322306371e-06,-4.45163303884031e-06,-2.577191715098845e-05,5.501115924301557e-05,0,68,20000.0,20260913
WLS,91,0.08227096792801065,0.2455021077401616,6.667365167002572,10367,0.026027695858514437,7.498691646823556e-05,9.532081636660733e-08,4.323500855135389e-06,-4.378580725643999e-06,-2.5169966013806385e-05,5.454582977997687e-05,0,66,20000.0,20260913
WLS,92,0.08226243918649939,0.24597150050903854,6.714955916999315,10439,0.025716237577144925,7.469217422495221e-05,8.418226132739202e-08,4.235403259886645e-06,-4.293338247748767e-06,-2.4537502244945217e-05,5.3998621228801284e-05,0,67,20000.0,20260913
WLS,93,0.08225405302746801,0.24643650208942003,6.762958958999661,10511,0.025494279753374465,7.434537552875675e-05,9.181999232061723e-08,4.1672545157913864e-06,-4.218904512624893e-06,-2.411175597578156e-05,5.3576145319593154e-05,0,68,20000.0,20260913
WLS,94,0.08224579889294256,0.24689750007521669,6.8099016250016575,10581,0.025245850681676858,7.408702626651796e-05,8.929865913449715e-08,4.101677225544122e-06,-4.15245730761381e-06,-2.361351430663065e-05,5.317564202785809e-05,0,66,20000.0,20260913
WLS,95,0.0822376676426831,0.2473555589125256,6.859693624999636,10657,0.02505728914296323,7.374637837315697e-05,9.641958574558082e-08,4.040987765683579e-06,-4.090262490316312e-06,-2.3262136700242667e-05,5.280103920859184e-05,0,70,20000.0,20260913
WLS,96,0.08222965015977159,0.2478107067990074,6.910337208999408,10735,0.024858259067204732,7.341017283596241e-05,9.10417829986189e-08,3.984906712416254e-06,-4.032576204222648e-06,-2.287916928109793e-05,5.2452973651750016e-05,0,71,20000.0,20260913
WLS,97,0.0822217447514179,0.2482634981858554,6.960396334001416,10811,0.024689035936996163,7.314178837260949e-05,5.92821815813671e-08,3.930683227255742e-06,-3.97472512307282e-06,-2.257201642122771e-05,5.2112459809867304e-05,0,71,20000.0,20260913
WLS,98,0.08221394607025959,0.24871290009692137,7.008120334001433,10883,0.024492341242625126,7.284227987574634e-05,9.120481236580506e-08,3.878245151001193e-06,-3.920436010245249e-06,-2.219505781894617e-05,5.178911226191467e-05,0,66,20000.0,20260913
WLS,99,0.08220629171378249,0.24915439909657072,7.056075167001836,10955,0.02411618313793972,7.240092842333154e-05,9.920256109320499e-08,3.801202616433741e-06,-3.85315386126614e-06,-2.1425157980038738e-05,5.1324261057920864e-05,0,66,20000.0,20260913
WLS,100,0.0821988126394482,0.24958163943319392,7.103026584001782,11025,0.02364796433154914,7.190668414569429e-05,9.125174111897117e-08,3.7128928921805486e-06,-3.7661814393136963e-06,-2.048223651701762e-05,5.0770644615576165e-05,0,64,20000.0,20260913
Poisson,0,4.011019687687293,0.4099744530505668,0.0,0,0.0,0.08166881624487421,0.0,0.0,0.0,0.0,0.0,0,0,20000.0,20260913
Poisson,1,1.341535735654548,0.32638353842320117,0.02452537499993923,26,2.804262986847677,0.04276912827611376,7.632064114894421e-08,0.497624353479843,-2.171859598552909,2.276289407062552,0.018074806296957076,0,24,20000.0,20260913
Poisson,2,0.6268932193459149,0.2760893983325157,0.04682208300073398,50,1.6818400762803771,0.02504054524437966,5.816541680811818e-08,0.11181320671043063,-0.6028293095982014,0.5732132141994939,0.008575541058745738,0,22,20000.0,20260913
Poisson,3,0.38905709335964783,0.2412819942455038,0.06813312499798485,73,1.1302533289162568,0.016159859352601582,7.699773002869947e-08,0.027229882918339273,-0.21060624306792178,0.17396249660995305,0.004236195640031479,0,21,20000.0,20260913
Poisson,4,0.2863466750207815,0.2149863728759946,0.08914433300014935,96,0.8387239697951246,0.011446627390591962,6.705620815344523e-08,0.007357927244793169,-0.09535249109407355,0.06753752346342168,0.002212323202956528,0,20,20000.0,20260913
Poisson,5,0.23024323212595071,0.19422419223890852,0.10908762499821023,117,0.665531674904722,0.008603784473787622,7.504524581462444e-08,0.002358293542755323,-0.053745149352074646,0.03395682237975654,0.001263167055147213,0,19,20000.0,20260913
Poisson,6,0.19486450707404346,0.177451878338438,0.13055358299970976,140,0.5466397542053449,0.006765819013039292,5.552208086847155e-08,0.000949649737811681,-0.03442907531409735,0.02043797400802326,0.0008071333581624022,0,21,20000.0,20260913
Poisson,7,0.17074061730823192,0.1637208015668397,0.15058591599881765,161,0.45877545499438654,0.005484644940224228,7.969977503918119e-08,0.0004800795822892242,-0.023643810183516422,0.013600143860546214,0.0005757485008964841,0,19,20000.0,20260913
Poisson,8,0.15344147199084696,0.15238397689945501,0.1695772909988591,181,0.3923526267639512,0.004547658000985806,9.846185661536912e-08,0.00028795123620918437,-0.017011194081181447,0.009602116130956347,0.00044670866337370875,0,17,20000.0,20260913
Poisson,9,0.1405936416796688,0.14297893358629013,0.18963412499942933,203,0.33991714053141764,0.0038390386588009755,4.050280981719896e-08,0.00019208971554462558,-0.012655740595631175,0.007070647189825367,0.0003645756362315234,0,18,20000.0,20260913
Poisson,10,0.13086920715498773,0.1351590017208454,0.2080125409993343,222,0.2968242218870952,0.0033320062186457176,9.80254805457042e-08,0.00013743749086340615,-0.009586997033816363,0.005319203589737105,0.00030757928036036756,0,16,20000.0,20260913
Poisson,11,0.12334281611965685,0.12865319388715118,0.2274797909994959,243,0.2618833440849071,0.0029066579480445144,8.940423872228094e-08,0.00010281265900935297,-0.007423578376326227,0.004097246739876192,0.00026562977785148063,0,17,20000.0,20260913
Poisson,12,0.1174321085724202,0.123244234135656,0.24682445799771813,264,0.23260078164465248,0.0025234631543682917,6.955609146508737e-08,8.025647070727292e-05,-0.005830451076533209,0.0032055513661514807,0.00023456887711683003,0,17,20000.0,20260913
Poisson,13,0.11271864384234695,0.11875453142981153,0.2652896250001504,283,0.20798294641001142,0.0022099910770138555,5.208318354496446e-08,6.628158381470498e-05,-0.004647183146257642,0.002550619430203768,0.00021339177738216496,0,17,20000.0,20260913
Poisson,14,0.10893767047185651,0.11503927478006852,0.2837888750000275,302,0.18630476437655233,0.001935279817335789,4.4892028299358885e-08,5.6003977940950576e-05,-0.0037249693925503835,0.0020455001090203028,0.00019628488539099567,0,17,20000.0,20260913
Poisson,15,0.10586873757091021,0.11197364055100073,0.30091820799862035,319,0.16790940992900683,0.0017052630862249931,9.972580607695621e-08,4.7203581820139825e-05,-0.003021729319123234,0.0016592544038109374,0.00017947842560272063,0,15,20000.0,20260913
Poisson,16,0.10336185481818325,0.10945858662821757,0.3180683329992462,336,0.15182238527539177,0.0015107400063003975,8.338470077593374e-08,4.1175497573619444e-05,-0.0024657072551569114,0.0013543809191914912,0.00016802558062208096,0,15,20000.0,20260913
Poisson,17,0.10128585338495025,0.10740553202004853,0.3351591249993362,353,0.1381833197028416,0.0013634625802153696,9.222724680171043e-08,3.660920107321047e-05,-0.0020393922321555514,0.0011212699410281125,0.00015886746817128476,0,15,20000.0,20260913
Poisson,18,0.09955406825939651,0.10574171625898211,0.3521183330012718,370,0.12614914895419693,0.0012394851116693268,8.594657373626026e-08,3.260560951403048e-05,-0.0016991795160363943,0.0009361047364603254,0.00015026756273726235,0,15,20000.0,20260913
Poisson,19,0.09808990900361118,0.10440570194924123,0.3685560829981114,386,0.11602494555914601,0.0011356456202812242,9.08684693154047e-08,2.93791252831548e-05,-0.0014347801305040608,0.0007910698561851902,0.00014272998781874192,0,14,20000.0,20260913
Poisson,20,0.09685935343538774,0.10335207225362554,0.3867627910003648,405,0.10607734799928231,0.001044972510282807,6.133595826297064e-08,2.645061123338527e-05,-0.0012041049569869987,0.0006679353802954065,0.0001355693295657446,0,16,20000.0,20260913
Poisson,21,0.0958174146040278,0.10253364271760201,0.40417662500112783,423,0.09765663800589497,0.000957459561777162,6.529893718711793e-08,2.4052300583889477e-05,-0.0010178865307757202,0.000565097884029211,0.00012940008755650206,0,15,20000.0,20260913
Poisson,22,0.09491883838406033,0.1019106470838531,0.4212676659990393,440,0.09074251675546265,0.0008756718657328545,4.494244876425413e-08,2.2068270915222503e-05,-0.0008765079490540145,0.00048686600261170195,0.00012396347158970472,0,15,20000.0,20260913
Poisson,23,0.09413865172618838,0.1014538136820657,0.43759337499795947,456,0.08447853791323323,0.0008008204380944796,5.112619649199398e-08,1.999359780768683e-05,-0.0007601930600665541,0.00042335548947407427,0.00011786496532972851,0,14,20000.0,20260913
Poisson,24,0.09345608783221206,0.10113832755728944,0.453958791000332,472,0.07899559506064949,0.000735976334256688,9.7560117568696e-08,1.8264871751741967e-05,-0.0006642990222262854,0.0003705486920270152,0.0001126882454742258,0,14,20000.0,20260913
Poisson,25,0.09285505888064648,0.10094413887428189,0.47097158299948205,489,0.0741303920224895,0.0006822443965391827,7.06203262379316e-08,1.685874463290832e-05,-0.0005841702069226276,0.00032626320049518103,0.00010828313787893016,0,15,20000.0,20260913
Poisson,26,0.09232088214286983,0.10085286245588367,0.48795650000101887,506,0.06981971681834083,0.0006354369628696981,2.8309972230778756e-08,1.5535188058712702e-05,-0.0005186415497204917,0.0002904370949469774,0.00010385618553135286,0,15,20000.0,20260913
Poisson,27,0.09184652478318953,0.10084926022085135,0.5042103329979,522,0.06574076258748045,0.0005785403221917631,8.066356078559583e-08,1.434341117909203e-05,-0.000460013948500747,0.0002582649664011346,9.943281758885304e-05,0,14,20000.0,20260913
Poisson,28,0.09142163197914646,0.10092006541481258,0.5210922080004821,539,0.062188855338643545,0.0005324227923650404,2.8931872824409805e-08,1.3282446242162699e-05,-0.00041161035780027966,0.0002315201176265277,9.560830624903798e-05,0,15,20000.0,20260913
Poisson,29,0.09103999027472867,0.10105466046645094,0.537360375001299,555,0.05893952701167693,0.0005076665259237289,8.873922618523201e-08,1.2401843715830227e-05,-0.0003692398607061187,0.00020794831219978025,9.233751486576422e-05,0,14,20000.0,20260913
Poisson,30,0.09069543351068203,0.10124315166713067,0.5537457079990418,571,0.05594020917378551,0.0004935987982761099,5.863422750756027e-08,1.1478510083052056e-05,-0.0003330782539600638,0.0001880914139262974,8.872653289512957e-05,0,14,20000.0,20260913
Poisson,31,0.0903823938856593,0.1014774681174035,0.5691058749980584,586,0.05330909079525456,0.00044344411547918094,8.665511347227134e-08,1.0715568825197499e-05,-0.00030232405619826585,0.00017094666695189435,8.569607285004798e-05,0,13,20000.0,20260913
Poisson,32,0.09009824975385697,0.10175110941270442,0.5853752500006522,602,0.050780147240863494,0.000432154480151446,4.886579051146503e-08,9.993383068701623e-06,-0.0002741507487375377,0.00015521296411214418,8.261540244093395e-05,0,14,20000.0,20260913
Poisson,33,0.08983794374612705,0.10205741642003781,0.6010291659986251,617,0.048597977984559546,0.0004262219225515999,8.066233681141319e-08,9.377232304969139e-06,-0.0002509287754220677,0.00014221783452052905,8.001938213066399e-05,0,13,20000.0,20260913
Poisson,34,0.08959788477602774,0.10239136006777412,0.6165886659982789,632,0.04664787563390802,0.0004189165890348384,8.138914227325661e-08,8.816380184923375e-06,-0.00023124258991685922,0.00013125775504148026,7.755270304085246e-05,0,13,20000.0,20260913
Poisson,35,0.08937669151759967,0.10274892639457488,0.6321411249991797,647,0.04476591429781138,0.00041075906403077717,8.237473754412676e-08,8.285764097420367e-06,-0.00021290749432844707,0.00012099390428212937,7.518807717561808e-05,0,13,20000.0,20260913
Poisson,36,0.08917133561321015,0.10312621082342564,0.6477177909982856,662,0.04312829585713058,0.00040174818367999255,5.8998356482545516e-08,7.822698245914075e-06,-0.00019753320615005342,0.00011235340921250268,7.303839855849795e-05,0,13,20000.0,20260913
Poisson,37,0.0889802837674843,0.10352014269848936,0.6645140410000749,679,0.041576805487353416,0.00039247219512097774,3.938915686502143e-08,7.402689153666707e-06,-0.00018364915656878016,0.00010462030799918704,7.100651206359939e-05,0,14,20000.0,20260913
Poisson,38,0.08880273172709531,0.10392822647140469,0.6812267909990624,696,0.0400305798344367,0.0003833999406453279,4.652375586312762e-08,6.981501626912208e-06,-0.0001705705387610858,9.742967429493469e-05,6.886173461647256e-05,0,14,20000.0,20260913
Poisson,39,0.0886372737673584,0.10434793443957775,0.6971347910002805,712,0.038662221895056297,0.0003747196966182464,4.473046194130182e-08,6.6434331373786974e-06,-0.00015881452659826604,9.071958964378026e-05,6.714247580474039e-05,0,13,20000.0,20260913
Poisson,40,0.0884830315597224,0.10477734948815803,0.7131423329992685,728,0.037250318106113234,0.0003659250155916429,5.645170622844579e-08,6.265832612329844e-06,-0.00014797637502548725,8.486289768567311e-05,6.51490812293577e-05,0,13,20000.0,20260913
Poisson,41,0.08833968710875263,0.10521471974409159,0.7299218330008443,745,0.03594692748574023,0.0003570392867328098,4.479585028934472e-08,5.95318476341294e-06,-0.0001373912662051272,7.87353711865118e-05,6.342991645259261e-05,0,14,20000.0,20260913
Poisson,42,0.08820498052816945,0.10565828346338325,0.7466368749992398,762,0.0348318390913441,0.00034808274427330964,4.8312222983819134e-08,5.667020879993086e-06,-0.00012903955969908006,7.404372985891271e-05,6.183910165831049e-05,0,14,20000.0,20260913
Poisson,43,0.08807797843741969,0.10610671808859518,0.762585874999786,778,0.03381837380805834,0.0003391428029401334,5.1297562302353585e-08,5.409045085490849e-06,-0.00012159304566806141,6.981797039869154e-05,6.0379928942196514e-05,0,13,20000.0,20260913
Poisson,44,0.08795799162872071,0.10655892816841826,0.7785484999985783,794,0.032858078053935674,0.0003304670202119144,4.430060603267559e-08,5.157840242701806e-06,-0.00011482896845836177,6.600414402904492e-05,5.8908471811355866e-05,0,13,20000.0,20260913
Poisson,45,0.08784490048632942,0.10701379882357749,0.7946064999996452,810,0.03188109707746743,0.0003222874273305721,7.017711895798324e-08,4.919056797495531e-06,-0.00010817208559064524,6.22709248481438e-05,5.744704977167144e-05,0,13,20000.0,20260913
Poisson,46,0.08773808767154681,0.10747043871874129,0.8106369579982129,826,0.030982852997006673,0.00031575074094163634,2.988233405855454e-08,4.710214404201435e-06,-0.00010210260037816425,5.8815955790907905e-05,5.6182146499656446e-05,0,13,20000.0,20260913
Poisson,47,0.08763681360955666,0.10792824714977604,0.826023207999242,841,0.030144632300533884,0.0003085559976558251,5.608214159125917e-08,4.5147160134743636e-06,-9.675934598079665e-05,5.5839119163428005e-05,5.4991346211866897e-05,0,12,20000.0,20260913
Poisson,48,0.0875408312449624,0.1083867028602186,0.8413900409977941,856,0.02934573050745422,0.00030109820159055525,5.1757901642006655e-08,4.338160972543632e-06,-9.164420362126353e-05,5.2923769643459425e-05,5.388355308393584e-05,0,12,20000.0,20260913
Poisson,49,0.08744946840434512,0.1088451777223079,0.8567557079986727,871,0.02862027318539781,0.00029380932298542716,5.030626049218503e-08,4.168372810752786e-06,-8.719446780549068e-05,5.040683875694168e-05,5.282593609923543e-05,0,12,20000.0,20260913
Poisson,50,0.08736240426971828,0.10930305949027144,0.8719847909997043,886,0.02793736853745804,0.00028646826102549674,4.8121878065362535e-08,4.004855427455764e-06,-8.305927919700896e-05,4.803930658694774e-05,5.178529574810216e-05,0,12,20000.0,20260913
Poisson,51,0.08727929447880058,0.10975997556281272,0.8873176249981043,901,0.027285474696106995,0.00027909747320870146,5.6557892641735614e-08,3.854217629713669e-06,-7.925557329286855e-05,4.588493444810945e-05,5.0783163478619305e-05,0,12,20000.0,20260913
Poisson,52,0.08719982983627377,0.11021559438711362,0.9026558750010736,916,0.026678772035620434,0.0002382708523393653,6.28903130785375e-08,3.711668471942307e-06,-7.575297405194312e-05,4.38767986603807e-05,4.981802550150107e-05,0,12,20000.0,20260913
Poisson,53,0.0871243567048058,0.1106697066170664,0.917420416000823,930,0.025997716464421967,0.0002347186420314999,9.369111618690037e-08,3.5313170023671223e-06,-7.19418144645866e-05,4.167906839974412e-05,4.85010853128013e-05,0,11,20000.0,20260913
Poisson,54,0.08705219111359233,0.11112168319045115,0.9325802079983987,945,0.02540851095781948,0.00023100110062118057,3.751415235426364e-08,3.4001741598067515e-06,-6.876541705454262e-05,3.988596975878448e-05,4.759370231730037e-05,0,12,20000.0,20260913
Poisson,55,0.08698303602037263,0.11157126182646394,0.9472283329996571,959,0.024875650150883784,0.00022723306298780068,5.0718187053283674e-08,3.284915201889747e-06,-6.58701780164047e-05,3.821519469823893e-05,4.6777054956956625e-05,0,11,20000.0,20260913
Poisson,56,0.08691662239437985,0.11201828862287083,0.9618735410003865,973,0.02437169211437457,0.00022355920155013505,4.440335436026772e-08,3.174538035748885e-06,-6.323908795685729e-05,3.671465716689328e-05,4.596840687199135e-05,0,11,20000.0,20260913
Poisson,57,0.08685278101525318,0.1124626022679536,0.9770489580005233,988,0.0238927320224868,0.00022006894610200085,3.742499492091506e-08,3.069864767435966e-06,-6.077151436083279e-05,3.529824695175123e-05,4.51932227976438e-05,0,12,20000.0,20260913
Poisson,58,0.08679131853698434,0.1129040948276753,0.9924161249982717,1003,0.02344022626960196,0.000216656587178511,4.267958072584251e-08,2.9725328306296138e-06,-5.8489945435600774e-05,3.399026789033255e-05,4.44587052049727e-05,0,12,20000.0,20260913
Poisson,59,0.08673214340252766,0.113342633534217,1.0076112499991723,1018,0.02298988593035159,0.00021332062694894135,6.541855487593753e-08,2.8745354974001025e-06,-5.630059896345151e-05,3.274839170214765e-05,4.3698384845922315e-05,0,12,20000.0,20260913
Poisson,60,0.08667514677303075,0.1137779409223516,1.022244125000725,1032,0.02256229251811681,0.00021001076782438632,5.6179688930822714e-08,2.787076999726985e-06,-5.4209552494816026e-05,3.154377731326304e-05,4.302275974130589e-05,0,11,20000.0,20260913
Poisson,61,0.08662024584488272,0.11420745140522395,1.0369862910010852,1046,0.022142232219631578,0.00020668999026985993,5.26393990789905e-08,2.6980474682464473e-06,-5.220288068018314e-05,3.0387005764622733e-05,4.2355168633134715e-05,0,11,20000.0,20260913
Poisson,62,0.08656725265594617,0.11463167526429215,1.0516688329989847,1060,0.021751892102192204,0.00020346056761282036,9.695365106560587e-08,2.6122785479964815e-06,-5.0380910389732895e-05,2.933594843527756e-05,4.169744226042456e-05,0,11,20000.0,20260913
Poisson,63,0.08651601165592544,0.11505239895834356,1.0664220830003615,1074,0.021386731910489773,0.0002002810729156216,4.4879072113989126e-08,2.5367717215117818e-06,-4.870422830105373e-05,2.837138493016888e-05,4.108830044448276e-05,0,11,20000.0,20260913
Poisson,64,0.0864666158237875,0.11546978481588882,1.081120374998136,1088,0.02098837393005077,0.00019724471874365637,4.1869013455943975e-08,2.469568195729502e-06,-4.6926263942521015e-05,2.7370240126567773e-05,4.052088880080748e-05,0,11,20000.0,20260913
Poisson,65,0.0864188032396635,0.11588394290727007,1.095793083000899,1102,0.020644879623719026,0.00019423374278016854,6.602541831514154e-08,2.400160121877386e-06,-4.54124239984413e-05,2.650203139010102e-05,3.995001220936957e-05,0,11,20000.0,20260913
Poisson,66,0.0863725496712758,0.11629476842680377,1.1103604579984676,1116,0.020303141253221968,0.0001912436947349628,7.199084574032865e-08,2.331540323411998e-06,-4.3922028062549636e-05,2.5642691150279935e-05,3.938511341340483e-05,0,11,20000.0,20260913
Poisson,67,0.08632771282229257,0.11670225037892343,1.1249017500012997,1130,0.019989428014919493,0.00018833407678680057,7.185473639297419e-08,2.269988843591337e-06,-4.2566860142556754e-05,2.485798736505495e-05,3.885760280962762e-05,0,11,20000.0,20260913
Poisson,68,0.08628446653286946,0.11710280571212209,1.1395549580010993,1144,0.019613564095590334,0.000185494456853279,7.885816602607281e-08,2.199825374071481e-06,-4.104646405093446e-05,2.401169459651575e-05,3.8265069273859605e-05,0,11,20000.0,20260913
Poisson,69,0.08624260952508254,0.11749920300854798,1.1542277910011762,1158,0.019296447601257205,0.00018272369375149877,7.101359237609026e-08,2.142620568806382e-06,-3.97143872138892e-05,2.323936328551301e-05,3.7764578973167504e-05,0,11,20000.0,20260913
Poisson,70,0.08620200833653745,0.11789218885312712,1.1688428749985178,1172,0.01900693188074316,0.00018002955001856453,7.455454905148465e-08,2.0909085377874456e-06,-3.851028000850951e-05,2.2538015569136885e-05,3.7301273590504175e-05,0,11,20000.0,20260913
Poisson,71,0.0861626140366687,0.1182817108906045,1.1833985410012247,1186,0.01871397458145069,0.00017748490252511437,7.237628027169839e-08,2.03777588890713e-06,-3.735652397696102e-05,2.188365763699385e-05,3.6832242374242274e-05,0,11,20000.0,20260913
Poisson,72,0.08612432974511083,0.11866783177579708,1.1980113749996235,1200,0.018450786397683782,0.00017494234575750025,6.469644862168345e-08,1.988748573023969e-06,-3.629554298538127e-05,2.1262715623213083e-05,3.6389823258016635e-05,0,11,20000.0,20260913
Poisson,73,0.08608707250277416,0.11905064022884543,1.2126610829982383,1214,0.018198643121532448,0.000172423474606727,6.819038112076676e-08,1.9419120430562533e-06,-3.531533029113649e-05,2.069771176343236e-05,3.595665696745162e-05,0,11,20000.0,20260913
Poisson,74,0.08605106630120203,0.11942531187639117,1.226658249997854,1227,0.017890294799935914,0.00015920428333907286,7.664267050110324e-08,1.8750724997576366e-06,-3.413112907542496e-05,2.0003069170694496e-05,3.5350249013468915e-05,0,10,20000.0,20260913
Poisson,75,0.0860160297998256,0.1197965440612351,1.2406173329982266,1240,0.01764642053923865,0.00015685923666152577,8.989073959452692e-08,1.831443287366143e-06,-3.320505808687363e-05,1.946669348404548e-05,3.493699732098432e-05,0,10,20000.0,20260913
Poisson,76,0.08598193819812766,0.12016449359410064,1.2545764579990646,1253,0.01740070355433303,0.00015455354110642457,7.600295692343455e-08,1.7901911803207428e-06,-3.230141051713193e-05,1.8952377488652544e-05,3.453425113941588e-05,0,10,20000.0,20260913
Poisson,77,0.08594873597436697,0.12052924049915167,1.2692453329982527,1267,0.017172293852200975,0.00015230100184124252,5.703988333556098e-08,1.7498810942238575e-06,-3.145234266653008e-05,1.845783995336963e-05,3.4138702569250604e-05,0,11,20000.0,20260913
Poisson,78,0.08591635522634301,0.12089089868403778,1.2838254159978533,1281,0.016958747251947737,0.00015011646643676654,5.2627468558914944e-08,1.7110807882882154e-06,-3.066966723171328e-05,1.800079260618849e-05,3.3755875421838994e-05,0,11,20000.0,20260913
Poisson,79,0.08588475267358558,0.12124950022851617,1.298352290999901,1295,0.01675349939025484,0.00014866972726844404,6.539442287748858e-08,1.672920373537471e-06,-2.9929632385534977e-05,1.7568565666465273e-05,3.337488509145204e-05,0,11,20000.0,20260913
Poisson,80,0.0858540574368189,0.12160502055404639,1.313204082998709,1309,0.016501626695734864,0.0001475728983426956,4.0023463636720304e-08,1.626155787776344e-06,-2.9069080982591532e-05,1.7080052586417364e-05,3.292342488907418e-05,0,11,20000.0,20260913
Poisson,81,0.08582414085328492,0.12195747662174079,1.3278017080010613,1323,0.016297196080027835,0.00014639247890710166,7.738470539868995e-08,1.590693794024715e-06,-2.8325889738841503e-05,1.663665353043224e-05,3.256344947300233e-05,0,11,20000.0,20260913
Poisson,82,0.08579497212544107,0.12230472232519192,1.3417039160012791,1336,0.016084018677224074,0.00014515016573795743,9.554085898045065e-08,1.5548795507958356e-06,-2.7613848293851983e-05,1.6233945003386075e-05,3.2207248267809284e-05,0,10,20000.0,20260913
Poisson,83,0.08576652272111628,0.12264705033272785,1.3555940830010513,1349,0.015888252799911462,0.00014394582842757687,8.06038176524862e-08,1.5230614369550817e-06,-2.6926342894840095e-05,1.5827575473100982e-05,3.188068101566633e-05,0,10,20000.0,20260913
Poisson,84,0.08573870054347713,0.12298649517002058,1.3702138749977166,1363,0.015711169483738793,0.00014275484806507773,8.363938047107277e-08,1.492717565613337e-06,-2.632946006308744e-05,1.5480135311811927e-05,3.156460180681935e-05,0,11,20000.0,20260913
Poisson,85,0.08571155407001939,0.12332302910535681,1.3848263750005572,1377,0.015511890917391509,0.00014156738407836497,8.244537637082394e-08,1.4619701904103733e-06,-2.5684503267312152e-05,1.511553546608436e-05,3.1245628117700515e-05,0,11,20000.0,20260913
Poisson,86,0.08568499930514074,0.1236567404388285,1.399383707997913,1391,0.01534489535571077,0.00014043677754495813,7.606215516017313e-08,1.4342356671881305e-06,-2.5120529217652387e-05,1.478147420475891e-05,3.094924882885597e-05,0,11,20000.0,20260913
Poisson,87,0.08565900728622389,0.12398770508645737,1.4139164580010402,1405,0.015180337033478864,0.00013937534176828263,8.04372651075648e-08,1.406349655656975e-06,-2.4585669259448387e-05,1.4469887294356158e-05,3.06427298867058e-05,0,11,20000.0,20260913
Poisson,88,0.08563354134036534,0.12431600221586918,1.428452541000297,1419,0.01502572294874395,0.0001383263656679146,7.88462331039448e-08,1.380358625600427e-06,-2.4085587231909804e-05,1.4177328351926029e-05,3.0358756105153246e-05,0,11,20000.0,20260913
Poisson,89,0.08560858498990963,0.12464170900192842,1.442943333000585,1433,0.014872502952091266,0.00013727942873080964,8.340704797340069e-08,1.356008991274639e-06,-2.360034146363206e-05,1.3896783252714478e-05,3.008770704746408e-05,0,11,20000.0,20260913
Poisson,90,0.08558411378448977,0.12496489971150804,1.4575825829997484,1447,0.014726960359155172,0.00013623852770821478,7.34229041182535e-08,1.3323790684760099e-06,-2.313882635229878e-05,1.3627037348853418e-05,2.9823245769196114e-05,0,11,20000.0,20260913
Poisson,91,0.08556010393049143,0.12528564814405577,1.47205083299923,1461,0.014586940576348323,0.0001352060550799785,7.731550015599635e-08,1.3094991387399171e-06,-2.2700354857052176e-05,1.3370912229439915e-05,2.9567078177491082e-05,0,11,20000.0,20260913
Poisson,92,0.08553653426506928,0.12560403504897655,1.486051290998148,1474,0.014452333746424162,0.00013417849084430895,9.126836180507113e-08,1.287530014733509e-06,-2.2282135404317103e-05,1.3126167886247467e-05,2.931859505611311e-05,0,10,20000.0,20260913
Poisson,93,0.08551339259686838,0.12592010667425813,1.5006152499991003,1488,0.01431985892669306,0.00013317224293538292,7.328827970605632e-08,1.265735668048393e-06,-2.1875932543039073e-05,1.2888750216882142e-05,2.906888321289709e-05,0,11,20000.0,20260913
Poisson,94,0.08549065748396174,0.12623394565031915,1.5145663330004027,1501,0.014193180618368767,0.00013217075548693674,9.257123807811913e-08,1.245331339046896e-06,-2.1489781561186013e-05,1.266279410335638e-05,2.883428850885604e-05,0,10,20000.0,20260913
Poisson,95,0.08546831253873673,0.12654560339295887,1.5285235000010289,1514,0.014070715080352266,0.0001311863153367372,9.831702063831883e-08,1.2255973926693693e-06,-2.111934783484737e-05,1.2445694081394208e-05,2.8606372097778957e-05,0,10,20000.0,20260913
Poisson,96,0.08544634331953826,0.12685512954106076,1.5422343749996799,1527,0.013951570723521788,0.0001302167179669411,9.962042435405283e-08,1.2064957287120116e-06,-2.0762723466248567e-05,1.2236902915790107e-05,2.8383820504696327e-05,0,10,20000.0,20260913
Poisson,97,0.08542473647227211,0.12716255453119493,1.5566818330007663,1541,0.013835598479420626,0.00012926262306577348,3.1980546544010955e-08,1.1877051323835662e-06,-2.0419142133324897e-05,1.2035658001966156e-05,2.8163626818379493e-05,0,11,20000.0,20260913
Poisson,98,0.08540347755916651,0.1274679558214272,1.5711671249991923,1555,0.013723473434970592,0.00012832826457580818,3.1173075657711414e-08,1.1699096989951206e-06,-2.0089003410272387e-05,1.1842226949584062e-05,2.795315492804006e-05,0,11,20000.0,20260913
Poisson,99,0.08538255309285162,0.1277714050269668,1.5854659159995208,1568,0.01361491551598261,0.00012741243441532295,9.874589973187178e-08,1.1530548184147938e-06,-1.977141149259014e-05,1.165617008952777e-05,2.7752074371274406e-05,0,10,20000.0,20260913
Poisson,100,0.08536195743975315,0.12807291151080208,1.5995394159981515,1581,0.013506347783757276,0.00012650893779019752,9.791628552376371e-08,1.1364705149212093e-06,-1.9459182582606665e-05,1.1474581575672197e-05,2.7552725229321993e-05,0,10,20000.0,20260913
SIRT,0,3.976167415520907,0.41024070157959003,0.0,0,0.0,0.0820728978665518,0.0,0.0,0.0,0.0,0.0,0,0,20000.0,20260914
SIRT,1,1.9623104694808164,0.3826933330071018,0.0020827499974984676,1,1.792255959305473,0.049925868155175905,nan,0.41078031103741,-1.6030766350026753,1.8532478748567913,0.01719266131468922,0,1,20000.0,20260914
SIRT,2,1.3833206348554503,0.36955017281287,0.003589459000068018,2,0.964649272498223,0.03977790829220928,nan,0.09069645387680507,-0.48829338074856615,0.5324624236787986,0.007919825311603526,0,1,20000.0,20260914
SIRT,3,1.1537422292539194,0.3611187975855658,0.004989749999367632,3,0.572479941946733,0.03493771328183664,nan,0.026063657079968824,-0.20351474852156073,0.21319174140496414,0.004194712979254346,0,1,20000.0,20260914
SIRT,4,1.0349879674523381,0.35447311795057407,0.006389958998624934,4,0.37615577061428473,0.03201850870864423,nan,0.0090421247691013,-0.10971213703247734,0.11167960361326001,0.0024786096914521756,0,1,20000.0,20260914
SIRT,5,0.9604343321361611,0.3486466467377469,0.007814333999704104,5,0.2754386913109507,0.02985306858582636,nan,0.0037467076359318954,-0.07080692768024578,0.07076031168262252,0.001610997683624643,0,1,20000.0,20260914
SIRT,6,0.9053016941940164,0.3432800581136162,0.009178500000416534,6,0.22329077588301133,0.02820301673294891,nan,0.0017219868052722822,-0.053410651136876174,0.05263969941242288,0.001102277159423766,0,1,20000.0,20260914
SIRT,7,0.8603444860897518,0.33822604438087733,0.0106060840007558,7,0.19476116900287005,0.02688260386847135,nan,0.0009258113443503263,-0.044031396759906256,0.0430606124566964,0.0008121997506990672,0,1,20000.0,20260914
SIRT,8,0.8216231109703888,0.33341463098301394,0.012050334000377916,8,0.17741216419714123,0.025778677177972623,nan,0.0005762199029346469,-0.03814515521643152,0.03714762131910735,0.0006384003923429778,0,1,20000.0,20260914
SIRT,9,0.7872420516892629,0.3288067321074373,0.013479458997608162,9,0.16532900743742868,0.024795991113283983,nan,0.0004004291587918863,-0.03398063012234078,0.03301437524611363,0.0005276332821572445,0,1,20000.0,20260914
SIRT,10,0.7561584350869629,0.32437694784040494,0.014897083998221206,10,0.1559806273302256,0.023926867850167472,nan,0.00029979257334340786,-0.0307838240289473,0.029867118797183432,0.0004531349227404888,0,1,20000.0,20260914
SIRT,11,0.7276800493845214,0.3201068163604077,0.01637124999979278,11,0.14826952160010248,0.02314254041282091,nan,0.00023335366843742195,-0.02824503203400635,0.027379193150665383,0.00039873256586270826,0,1,20000.0,20260914
SIRT,12,0.7014166704308487,0.3159819688551542,0.017769666999811307,12,0.1416523186291151,0.02240693387892258,nan,0.0001864749969102259,-0.02607690395676125,0.025260109985022483,0.00035647402137841896,0,1,20000.0,20260914
SIRT,13,0.6770261426832302,0.31199075399602055,0.019184124997991603,13,0.13588364328815142,0.02170483833847399,nan,0.00015138086999799298,-0.024239146877622804,0.02346730952195533,0.0003209144941257161,0,1,20000.0,20260914
SIRT,14,0.6543589845397364,0.30812346844644845,0.02060154199716635,14,0.13059407797491254,0.021021518980891798,nan,0.0001231397694190234,-0.022544018374074618,0.02181441748338797,0.0002891515503719065,0,1,20000.0,20260914
SIRT,15,0.633115688360632,0.30437168164501327,0.02198820899866405,15,0.12594087960185865,0.02037445345106701,nan,0.00010249248680181142,-0.021140803692300706,0.020450240921359872,0.0002644671517106541,0,1,20000.0,20260914
SIRT,16,0.6131574900789352,0.30072830810156914,0.02337045899912482,16,0.12167611487667092,0.01975778772046531,nan,8.61507796534522e-05,-0.019872047502042748,0.01921794443512283,0.00024343312910046975,0,1,20000.0,20260914
SIRT,17,0.5944127983171916,0.297187084474701,0.024833125000441214,17,0.11770069684306063,0.01915956579633021,nan,7.316922731915123e-05,-0.018671522534426777,0.018052019059876433,0.00022473906091998927,0,1,20000.0,20260914
SIRT,18,0.5766979795917274,0.29374234765484275,0.026192334000370465,18,0.11412785603502791,0.018588772445561015,nan,6.302822299124043e-05,-0.017651790502472328,0.017063560349306606,0.00020935389486465635,0,1,20000.0,20260914
SIRT,19,0.5599608555833114,0.2903891670498711,0.027647791997878812,19,0.110669647469313,0.01803945713267625,nan,5.431855618078627e-05,-0.01668280545223734,0.016124735464866882,0.00019515491067453362,0,1,20000.0,20260914
SIRT,20,0.5440917733189221,0.2871228995987312,0.029028041997662513,20,0.10755096568478394,0.01751405440757518,nan,4.745120204370402e-05,-0.015821631062339227,0.015290721753402844,0.00018325179487583757,0,1,20000.0,20260914
SIRT,21,0.5290312316836495,0.2839394877442896,0.03041470899916021,21,0.10459179412584792,0.01700475129071128,nan,4.1791580880412544e-05,-0.015018750054397557,0.014513569465349407,0.00017255333655388671,0,1,20000.0,20260914
SIRT,22,0.5147103399335,0.280835198982313,0.03180079199955799,22,0.10184827287650122,0.016512259244839,nan,3.725069468350936e-05,-0.014283641055467507,0.013802238215753188,0.0001637166827010756,0,1,20000.0,20260914
SIRT,23,0.5010825385357502,0.2778066508261249,0.033208541997737484,23,0.09919255678347047,0.016038811242800446,nan,3.325201678223885e-05,-0.013594549380967555,0.013135843231687672,0.0001556487712011375,0,1,20000.0,20260914
SIRT,24,0.4880985556884466,0.27485063767645457,0.034631167000043206,24,0.09671077114601005,0.01558173991648748,nan,3.0002593918881315e-05,-0.012953980253381422,0.012516334184520824,0.00014824176231607208,0,1,20000.0,20260914
SIRT,25,0.4757389429254554,0.2719642007091574,0.03607291699881898,25,0.09431547530035984,0.015139215393216016,nan,2.7107716568829016e-05,-0.012332505046422722,0.011914842318934606,0.0001413508949481146,0,1,20000.0,20260914
SIRT,26,0.46392944649362783,0.26914457029704913,0.037548416999925394,26,0.09210231598425352,0.014712398452186403,nan,2.4598583359366927e-05,-0.01178489784847164,0.011385354601344384,0.0001349915007680846,0,1,20000.0,20260914
SIRT,27,0.4526334850882373,0.2663892653129431,0.039027209000778385,27,0.09000533960871251,0.014301402013033725,nan,2.2402147758319828e-05,-0.011273559257633155,0.010890913347486536,0.00012881461954611907,0,1,20000.0,20260914
SIRT,28,0.441822996050189,0.26369597784135435,0.04037979200074915,28,0.08792768503471003,0.01393459829248914,nan,2.045644902311977e-05,-0.010790032589023446,0.010423925148270162,0.00012326335397350668,0,1,20000.0,20260914
SIRT,29,0.4315141118271649,0.26106239576289536,0.041774124998482876,29,0.08588117170202228,0.01362148667749661,nan,1.8652244685894454e-05,-0.010290231978337965,0.00994010544037845,0.00011721256928525789,0,1,20000.0,20260914
SIRT,30,0.4216325926267664,0.25848627416747666,0.04315774999849964,30,0.08400066765573734,0.013322042361315256,nan,1.7119805172560078e-05,-0.009864399395215762,0.009528713592068054,0.00011283649941981021,0,1,20000.0,20260914
SIRT,31,0.41214395601575715,0.255965644447374,0.04457016699961969,31,0.08224780378859531,0.013034871463102615,nan,1.588408622825501e-05,-0.009472752524789256,0.009150401549606875,0.00010927909674303128,0,1,20000.0,20260914
SIRT,32,0.40302471615222124,0.2534987195095312,0.045953875000122935,32,0.08056784273524459,0.012756669296749547,nan,1.4717459533368555e-05,-0.009104522404000573,0.008794680999385355,0.00010537778885666584,0,1,20000.0,20260914
SIRT,33,0.3942791977903749,0.25108380375286155,0.04734149999785586,33,0.07889017899057921,0.012483478000491299,nan,1.3637413926648867e-05,-0.0087318809479197,0.008434335344788057,0.00010148762005028705,0,1,20000.0,20260914
SIRT,34,0.38587281714158556,0.24871920599143166,0.04875574999823584,34,0.07730241701190942,0.012215695830111097,nan,1.263293698419067e-05,-0.008393747711804258,0.00810759746499519,9.787568738829863e-05,0,1,20000.0,20260914
SIRT,35,0.377796403412055,0.2464033679132903,0.05014666699935333,35,0.07576390800936539,0.011949849273356898,nan,1.1784216257812679e-05,-0.008064629513277006,0.007789405241687973,9.46087605645301e-05,0,1,20000.0,20260914
SIRT,36,0.37002558895740567,0.24413479571092847,0.051546333997976035,36,0.07428986785978584,0.011752007993114181,nan,1.1049488722926424e-05,-0.007759764965922841,0.007494865231318111,9.193486737097656e-05,0,1,20000.0,20260914
SIRT,37,0.36255028544810125,0.24191204980620123,0.052967166997405,37,0.07284906873762588,0.011604360328066847,nan,1.0280276391748682e-05,-0.0074650232329148,0.007209954168507454,8.864036481012657e-05,0,1,20000.0,20260914
SIRT,38,0.35536765150156224,0.23973373617635196,0.05436462500074413,38,0.07143414770179457,0.01145957090538614,nan,9.60399371419794e-06,-0.007173029952829694,0.006927492073644918,8.554007670643516e-05,0,1,20000.0,20260914
SIRT,39,0.348488789536276,0.23759845581431022,0.05575587500061374,39,0.06997235932675488,0.011320419754643585,nan,8.883305313008588e-06,-0.0068699786599686645,0.006634055411798629,8.196300917062596e-05,0,1,20000.0,20260914
SIRT,40,0.34186176521548184,0.23550478140843517,0.057142792000377085,40,0.06859419332085492,0.011178830615124622,nan,8.377832811129437e-06,-0.006618646487982021,0.006391766152927209,7.969253484048697e-05,0,1,20000.0,20260914
SIRT,41,0.33546345502826524,0.23345148917933373,0.05853095899874461,41,0.06735834855953717,0.01103643579643023,nan,7.946083742335494e-06,-0.006390364103466671,0.006171452831183188,7.780955975207146e-05,0,1,20000.0,20260914
SIRT,42,0.3292889648556008,0.23143747361386893,0.05991599999833852,42,0.06612632724852834,0.010893620048896616,nan,7.527081980537453e-06,-0.006166963090694423,0.005955855614895498,7.574687720476631e-05,0,1,20000.0,20260914
SIRT,43,0.3233375920902704,0.22946162053170938,0.061327999999775784,43,0.06492082109738628,0.010753474813337965,nan,7.128077023668769e-06,-0.005944244688304193,0.005740637114732423,7.362629111333045e-05,0,1,20000.0,20260914
SIRT,44,0.3175835415027414,0.22752286343199596,0.06271441699936986,44,0.0637961011804036,0.010613779722391154,nan,6.721144542163787e-06,-0.0057473294429840815,0.0055505534612380215,7.147369043165552e-05,0,1,20000.0,20260914
SIRT,45,0.3120196529704346,0.22562024413034978,0.06409599999824422,45,0.06270528884078413,0.010473684157361895,nan,6.37422964017096e-06,-0.005557514302666874,0.005367290869876463,6.957498313215598e-05,0,1,20000.0,20260914
SIRT,46,0.3066571321635689,0.2237528312212822,0.0654745419997198,46,0.061619182293050384,0.010336026132594326,nan,5.99999426151189e-06,-0.005356520812602383,0.005172674625542514,6.727760325363464e-05,0,1,20000.0,20260914
SIRT,47,0.3014678774006119,0.22191970280517176,0.06685704199844622,47,0.06058669765041984,0.01020291724996272,nan,5.69503682537934e-06,-0.00518355972613287,0.005005717366347783,6.564255999001677e-05,0,1,20000.0,20260914
SIRT,48,0.29646074136386913,0.2201199831408495,0.06824204199801898,48,0.059547464844088835,0.010081718427404745,nan,5.4118313472703804e-06,-0.0050017242053975505,0.004829841008274899,6.420009221771192e-05,0,1,20000.0,20260914
SIRT,49,0.29160757146754424,0.21835277640360395,0.06964562500070315,49,0.05859238372279464,0.009957655161737375,nan,5.189847968714422e-06,-0.004847980048355603,0.0046815165248089334,6.298100085697883e-05,0,1,20000.0,20260914
SIRT,50,0.2869059163534202,0.21661731464127915,0.07103316699794959,50,0.057627189060962494,0.00983214101194277,nan,4.93856572892662e-06,-0.004696716548391751,0.004535610468170619,6.146879854222199e-05,0,1,20000.0,20260914
SIRT,51,0.28235796990255885,0.21491280832896006,0.07243408399881446,51,0.056671321403197875,0.009707998740216679,nan,4.743214218537744e-06,-0.00454320323664228,0.004387364517382145,6.03982375635239e-05,0,1,20000.0,20260914
SIRT,52,0.2779456889071076,0.21323851263541643,0.07382237499768962,52,0.055798126070129746,0.009582962710409492,nan,4.5371409417056635e-06,-0.004407743854505308,0.004256609451804363,5.909089196077629e-05,0,1,20000.0,20260914
SIRT,53,0.27366465753992253,0.2115937624155458,0.07520274999842513,53,0.054944978686272315,0.009457974527072173,nan,4.3667558946322615e-06,-0.0042766646112944225,0.004130083833043305,5.804207879299628e-05,0,1,20000.0,20260914
SIRT,54,0.26951244783302586,0.20997790422564216,0.07659158399837906,54,0.054088152273998574,0.009334781768561838,nan,4.183321103477413e-06,-0.00414802638579248,0.004005933296075907,5.679646046057037e-05,0,1,20000.0,20260914
SIRT,55,0.2654891240918398,0.2083902653329878,0.07799466699725599,55,0.05321680920202719,0.009213740323807925,nan,4.033223076629697e-06,-0.004019290518112642,0.0038817223021038317,5.572058742301581e-05,0,1,20000.0,20260914
SIRT,56,0.2615873395296766,0.20683016607289265,0.0793752499994298,56,0.05238970306533283,0.00909436177666004,nan,3.868002571869935e-06,-0.0038979165595887416,0.0037645505127994815,5.467717049970831e-05,0,1,20000.0,20260914
SIRT,57,0.2577983331562411,0.205296977287762,0.08076445899860119,57,0.05161600863506933,0.008974574259460525,nan,3.7295509573332983e-06,-0.0037852768224784436,0.0036557957560647107,5.3708994942524976e-05,0,1,20000.0,20260914
SIRT,58,0.2541292750938799,0.2037901039006345,0.08215979200031143,58,0.05082339170751286,0.008855485693823802,nan,3.5936354720742845e-06,-0.0036654644268856854,0.0035399072051284656,5.260377846217727e-05,0,1,20000.0,20260914
SIRT,59,0.2505645091644917,0.20230895950766029,0.0835403339988261,59,0.05008514280739566,0.008736848980308439,nan,3.465349252612106e-06,-0.003561300580133917,0.003439339852886342,5.1614575175501354e-05,0,1,20000.0,20260914
SIRT,60,0.24710618268409193,0.20085300964082783,0.08492504199966788,60,0.04934846520526472,0.008621293504859911,nan,3.354166630587884e-06,-0.0034549723137693826,0.003336562929493998,5.08557442908972e-05,0,1,20000.0,20260914
SIRT,61,0.24374743838846735,0.1994217149660157,0.08630595899740001,61,0.04860609661376721,0.008507757090707023,nan,3.22979500596505e-06,-0.0033555145006209782,0.0032406166642232337,4.985265973716527e-05,0,1,20000.0,20260914
SIRT,62,0.24048500663937583,0.19801455188789438,0.08768620899718371,62,0.0479139210026907,0.008395396748648233,nan,3.136568394653151e-06,-0.0032592951806909823,0.003147644557798917,4.915338774367025e-05,0,1,20000.0,20260914
SIRT,63,0.23731275242028796,0.1966310324975592,0.08907154199914658,63,0.047233051341741945,0.008283104206407913,nan,3.0238614534975368e-06,-0.0031692303576382488,0.0030607061621352907,4.825303364301115e-05,0,1,20000.0,20260914
SIRT,64,0.23422976185621683,0.19527067507423054,0.09045379199960735,64,0.04655823166668815,0.008171703631138024,nan,2.9328560166978506e-06,-0.003080057708060751,0.0029746071172746806,4.762539797122679e-05,0,1,20000.0,20260914
SIRT,65,0.23122954092183173,0.19393302303255058,0.09183691699945484,65,0.04592139009448579,0.008073674236010017,nan,2.8425681302831673e-06,-0.0029973783662528607,0.002894782230974598,4.6923543268843985e-05,0,1,20000.0,20260914
SIRT,66,0.22831254468772286,0.19261763226914289,0.09321849999832921,66,0.045281423960652704,0.00799655622096463,nan,2.749125352569525e-06,-0.002914247108754669,0.0028144758663136574,4.61023729875571e-05,0,1,20000.0,20260914
SIRT,67,0.2254809007407848,0.19132405017443507,0.09461308399841073,67,0.04461446339095403,0.007919539091238692,nan,2.628440277734154e-06,-0.0028290155066568994,0.002732121429754912,4.4933933761082987e-05,0,1,20000.0,20260914
SIRT,68,0.22272760507438275,0.1900517968629481,0.09599995899770875,68,0.0439955757398426,0.007842104893650923,nan,2.5580905944319975e-06,-0.002750737575811283,0.00265651513216805,4.442373434216562e-05,0,1,20000.0,20260914
SIRT,69,0.22005001738687202,0.18880043532608384,0.09738133399878279,69,0.0433948941227321,0.007766081710910057,nan,2.4557316180053437e-06,-0.0026751319558941888,0.0025834318457145676,4.336705507290497e-05,0,1,20000.0,20260914
SIRT,70,0.21745032718821047,0.18756954213312785,0.09869858399906661,70,0.042771529489876094,0.007690121766931646,nan,2.344260627264906e-06,-0.002597345938036274,0.0025082200119163804,4.221955001211283e-05,0,1,20000.0,20260914
SIRT,71,0.2149182779892007,0.1863586890769697,0.10007466699971701,71,0.04219334129449757,0.00761312284798842,nan,2.2813685521690696e-06,-0.002529767830459874,0.002443035296530064,4.1673453906297754e-05,0,1,20000.0,20260914
SIRT,72,0.2124499429493868,0.18516751060275952,0.10145716699844343,72,0.04164176667500503,0.007536020746257586,nan,2.216086949098798e-06,-0.002466118952860273,0.0023816332032231403,4.1050172542796336e-05,0,1,20000.0,20260914
SIRT,73,0.2100445980905809,0.18399565193296866,0.10283966699716984,73,0.04110152458171156,0.0074594674755696444,nan,2.1662692036094767e-06,-0.0024031785896050394,0.002320878092658839,4.0567150144740424e-05,0,1,20000.0,20260914
SIRT,74,0.20769844287440756,0.18284276678806227,0.10422037500029546,74,0.04058100283792228,0.00738297694524387,nan,2.1070158179865206e-06,-0.002344048200349832,0.0022638143266067727,3.999951106753124e-05,0,1,20000.0,20260914
SIRT,75,0.20541257408421448,0.18170852390795983,0.10559975000069244,75,0.040052709823682024,0.007309150239181034,nan,2.046713993836947e-06,-0.0022838220762006712,0.0022056578119820703,3.9414932275271364e-05,0,1,20000.0,20260914
SIRT,76,0.20318942584699357,0.18059257701997614,0.10697808400072972,76,0.039532794753660935,0.007246350224239856,nan,1.9831985091195828e-06,-0.0022211650387154434,0.0021450061441691637,3.869460501809415e-05,0,1,20000.0,20260914
SIRT,77,0.20102142147267663,0.1794945853097808,0.10837474999789265,77,0.039039323455047945,0.007185549610556485,nan,1.925891551423192e-06,-0.002166078482765866,0.002091800935525547,3.808282657474005e-05,0,1,20000.0,20260914
SIRT,78,0.1989080629183007,0.17841424324517519,0.10975491699718987,78,0.03854524883060428,0.007124282134354299,nan,1.8691791608630364e-06,-0.002111489375218388,0.0020390717440052558,3.744538547899814e-05,0,1,20000.0,20260914
SIRT,79,0.19685086184761372,0.1773512285796077,0.11114754200025345,79,0.038049617643280145,0.007063237539874738,nan,1.825577905566088e-06,-0.00205537549277283,0.0019848124005470017,3.697758634502088e-05,0,1,20000.0,20260914
SIRT,80,0.19484311977997082,0.17630522294395437,0.11252629199952935,80,0.037575844973056424,0.007001539771574993,nan,1.781316058369245e-06,-0.0020059607515869673,0.0019371448613709397,3.649856102493796e-05,0,1,20000.0,20260914
SIRT,81,0.19288339438374086,0.1752759279954733,0.11391174999880604,81,0.03711945731288245,0.006939685097406696,nan,1.7373490444861966e-06,-0.0019579880471852617,0.0018908326906698159,3.6022552912972583e-05,0,1,20000.0,20260914
SIRT,82,0.19097085450380247,0.17426306060018984,0.11525574999905075,82,0.03667184793457612,0.006878531348838339,nan,1.6927398582969669e-06,-0.0019108471400823945,0.001845298658391557,3.5533538654780536e-05,0,1,20000.0,20260914
SIRT,83,0.18910345026702338,0.17326634339790875,0.11663920899809455,83,0.03623281623191043,0.006817513155954779,nan,1.6484029510427902e-06,-0.0018657558338278286,0.0018017633881743159,3.501305129355945e-05,0,1,20000.0,20260914
SIRT,84,0.18727990565352423,0.1722855062224974,0.1180209999984072,84,0.035804102917156355,0.0067566126301658305,nan,1.6080720097696142e-06,-0.0018219365414890568,0.0017594479242140344,3.4535567738153575e-05,0,1,20000.0,20260914
SIRT,85,0.1854986209056647,0.17132028463325136,0.11941637500058278,85,0.03538188452947932,0.006695917577088787,nan,1.567528744433162e-06,-0.0017797172191197656,0.001718690860216648,3.406738074192098e-05,0,1,20000.0,20260914
SIRT,86,0.18375908679371122,0.17037042519165674,0.12079983399962657,86,0.034966950217551945,0.006636258401852087,nan,1.5271285632014678e-06,-0.0017380069833893344,0.0016783997315776512,3.3572312808039945e-05,0,1,20000.0,20260914
SIRT,87,0.18205891663404206,0.1694356814262391,0.12218170899723191,87,0.034562683496322785,0.006576508874613955,nan,1.4927940789248541e-06,-0.001698677365588539,0.0016404412051458184,3.318629271389269e-05,0,1,20000.0,20260914
SIRT,88,0.18039824229115994,0.168515811084425,0.12356262499815784,88,0.034148516187052405,0.006517078314468457,nan,1.4545671788948852e-06,-0.001659219775699858,0.0016023682849932435,3.27792589136265e-05,0,1,20000.0,20260914
SIRT,89,0.17878066491755787,0.16761054596707042,0.12495462500010035,89,0.033705240904965454,0.006458756288013177,nan,1.4301225425417607e-06,-0.0016161472510650811,0.0015607752103789872,3.2624891689623037e-05,0,1,20000.0,20260914
SIRT,90,0.17720024427998768,0.1667196068545168,0.12633158400058164,90,0.03329685042458927,0.006400515257741843,nan,1.3980072196164575e-06,-0.0015790226303391446,0.0015249866251603166,3.221126925790132e-05,0,1,20000.0,20260914
SIRT,91,0.17565513860977047,0.1658427521606879,0.12772579199736356,91,0.03291367428717246,0.00634222622822613,nan,1.3696437369107777e-06,-0.0015437360264900417,0.0014909401724631022,3.186930442760753e-05,0,1,20000.0,20260914
SIRT,92,0.17414423845724775,0.16497975770530424,0.12910445899979095,92,0.03254239448977157,0.006284200696119453,nan,1.3400143864019527e-06,-0.001509560138131904,0.0014579497805663304,3.151654276637123e-05,0,1,20000.0,20260914
SIRT,93,0.17266831722618362,0.16413040530935633,0.13048150000031455,93,0.03216020178038211,0.00622994413537151,nan,1.3181792130685828e-06,-0.0014746030518511387,0.0014242073021363865,3.127744459499412e-05,0,1,20000.0,20260914
SIRT,94,0.17122815095066143,0.16329446456122668,0.13187295899842866,94,0.03178722956606395,0.006179035985141109,nan,1.2980505713672477e-06,-0.0014388682249581067,0.0013896448773478985,3.1070343178885285e-05,0,1,20000.0,20260914
SIRT,95,0.16981896374537403,0.16247170396512872,0.13326633399992716,95,0.0314358324078726,0.0061275382302791405,nan,1.271078872010768e-06,-0.0014079161264107783,0.0013597766273286116,3.073107244737409e-05,0,1,20000.0,20260914
SIRT,96,0.16844040887179526,0.1616619223880002,0.1346651669991843,96,0.031087334555183612,0.006076098863478673,nan,1.24727606639292e-06,-0.0013773075975162528,0.0013302337550914732,3.0440982288159426e-05,0,1,20000.0,20260914
SIRT,97,0.16709319607869272,0.16086491114689042,0.13606774999789195,97,0.03070566699546775,0.006024636315743208,nan,1.2223361015083059e-06,-0.0013459904569958284,0.0013000708938207144,3.016357702494295e-05,0,1,20000.0,20260914
SIRT,98,0.16577740975222774,0.160080429995572,0.1374524589991779,98,0.030344337725011397,0.005973526019852013,nan,1.203516918083454e-06,-0.0013145828095455765,0.0012697473848665018,2.9965207314323744e-05,0,1,20000.0,20260914
SIRT,99,0.16449083532576347,0.1593082601079604,0.13883083399923635,99,0.030009101015325838,0.005922880425937726,nan,1.1827062570876165e-06,-0.0012853917202081849,0.0012415471192768637,2.970249619736792e-05,0,1,20000.0,20260914
SIRT,100,0.1632349212542218,0.15854820629361202,0.14020970899946406,100,0.029637123635619204,0.00587312462994765,nan,1.1475556840679517e-06,-0.0012547665158623923,0.0012119961166720372,2.921525213654075e-05,0,1,20000.0,20260914
LS,0,3.976167415520907,0.41024070157959003,0.0,0,0.0,0.0820728978665518,0.0,0.0,0.0,0.0,0.0,0,0,20000.0,20260914
LS,1,0.5384311038299311,0.15020304859671074,0.26848604200131376,433,9.868655670769218,0.02772321670475387,8.471956282872154e-08,0.7047148322658152,-2.7330214794251604,-1.4317819257192972,0.020830888909659066,0,403,20000.0,20260914
LS,2,0.1697578827233422,0.14341170337424344,0.4238047500002722,685,1.7361138226929824,0.011923885183042137,9.306533743605788e-08,0.10111305634525722,-0.26756016476133093,0.21796866083930685,0.008150285149376824,0,228,20000.0,20260914
LS,3,0.11259288403258119,0.14421484058417242,0.5119562500003667,823,0.6993156373517052,0.00550051212745979,8.367113064243372e-08,0.016913036988110877,-0.04025196170264996,0.03271288065852991,0.0034624742222975663,0,128,20000.0,20260914
LS,4,0.10017632377128992,0.1443761240269985,0.6477405830009957,1043,0.6660193924873306,0.0029167392219622778,9.901751125734811e-08,0.004316635660279225,-0.00809992460101013,-0.009762531297168371,0.0017760889888540153,0,201,20000.0,20260914
LS,5,0.09561025440549598,0.14743743684350366,0.7817097080005624,1259,0.5899574955162936,0.0017787590375993969,9.868838609054539e-08,0.0018422274754778905,-0.002723841890319641,-0.012836422959998938,0.001137127871207818,0,202,20000.0,20260914
LS,6,0.09318879469782919,0.15002399763248553,0.8973007080021489,1445,0.3116930586293782,0.0015227514405496874,9.354812250553174e-08,0.0010407073136695516,-0.0013807523939927979,-0.0024361684322200625,0.0008359241471184813,0,170,20000.0,20260914
LS,7,0.09169984448287269,0.1526327546783649,0.972992458002409,1562,0.2589687424853736,0.0014342112778878131,9.775541357613759e-08,0.0006547088766798994,-0.0008342413382791959,-0.0018642902642662879,0.0006552206956367772,0,107,20000.0,20260914
LS,8,0.09072717323839753,0.15539933048921592,1.0488084580028953,1679,0.22454422150652098,0.0013639868242725443,9.328748131677389e-08,0.00043450064310695174,-0.0005381706013657308,-0.0015483341261233216,0.0005317165138311084,0,108,20000.0,20260914
LS,9,0.09006238242005968,0.15808038279097675,1.1295460000001185,1800,0.19577678405090285,0.001308677393885601,9.824098848621239e-08,0.0003001520949721461,-0.00036463872337015477,-0.001251636640327838,0.0004425237321881426,0,113,20000.0,20260914
LS,10,0.0895856445377311,0.1606574102566212,1.2220395830008783,1944,0.17391061626175525,0.0012658990725792638,9.262624914889602e-08,0.00021693597888762213,-0.00025980190344008635,-0.0010355072400985983,0.00037727419689599927,0,132,20000.0,20260914
LS,11,0.08922635890683982,0.16315306996519827,1.3239768750026997,2104,0.15789623112239376,0.0012307962416769221,8.495354643220084e-08,0.00016392704390161362,-0.00019535858699146717,-0.0008872753592415348,0.00032877770409589887,0,147,20000.0,20260914
LS,12,0.08894582789342945,0.1655741193232945,1.4308665420030593,2272,0.14554472104102653,0.0012018775257895062,9.172713967017669e-08,0.00012880602616316392,-0.00015172498725063348,-0.0007786322777351411,0.0002918075579001883,0,155,20000.0,20260914
LS,13,0.08871948789609589,0.1678951574066583,1.545801708001818,2454,0.13522853692539036,0.0011832908431093153,7.490504865189443e-08,0.00010416769673909033,-0.00012217230059635104,-0.0006879978626155282,0.0002624569151423483,0,168,20000.0,20260914
LS,14,0.08853275897878511,0.17008848843284377,1.6102865000029851,2551,0.12679855541721727,0.0011904705649605357,8.2338062771458e-08,8.637569006568519e-05,-0.0001003532272401271,-0.0006171647654838758,0.00023910255962510544,0,91,20000.0,20260914
LS,15,0.08837432666899182,0.17213185727576014,1.6760632080004143,2651,0.11751509262924714,0.0011943131222934434,9.465109346757608e-08,7.317308977066532e-05,-8.525922001609354e-05,-0.0005320575399897385,0.00022006168221238843,0,92,20000.0,20260914
LS,16,0.08823712675374792,0.17403811416024068,1.7410194580006646,2750,0.10972749530542986,0.0011961758845755797,9.145667564779309e-08,6.312336250235647e-05,-7.407655274997231e-05,-0.0004648062460562575,0.00020418366164788013,0,90,20000.0,20260914
LS,17,0.08811573660751451,0.17588053160182285,1.8060387920013454,2846,0.10406746317193105,0.0011986428116062984,8.634231814722123e-08,5.566082919568969e-05,-6.5729317029911e-05,-0.00042011169831864805,0.0001914576706413221,0,91,20000.0,20260914
LS,18,0.08800682992548918,0.17766219747670878,1.8700994170030754,2945,0.09930258211287109,0.001201213555290782,9.826826231896701e-08,4.9763862632093034e-05,-5.9142819395768167e-05,-0.00038414345868884427,0.00018076297315385804,0,89,20000.0,20260914
LS,19,0.08790791597226735,0.17937539956267748,1.957073625002522,3077,0.09497520532334591,0.0012029227582310016,8.195811391263514e-08,4.497885782181922e-05,-5.393509539836092e-05,-0.00035210052808875875,0.00017170841001094774,0,120,20000.0,20260914
LS,20,0.08781740296054592,0.18102811610869046,2.026869125002122,3185,0.09113292196044565,0.0012042633703328875,8.604725165891901e-08,4.10179801914802e-05,-4.949503152412361e-05,-0.000324747461531004,0.00016380599485740435,0,98,20000.0,20260914
LS,21,0.08773451757709437,0.18258944809577463,2.0897783750006056,3282,0.08653559686201771,0.0012057187250281859,9.012309855274198e-08,3.740470588653415e-05,-4.548067756851794e-05,-0.00029153509276172944,0.0001563855740728513,0,90,20000.0,20260914
LS,22,0.08765866202990034,0.18394469811395955,2.196310082999844,3453,0.08165611174807601,0.0012077147871887611,9.39295817330177e-08,3.385750076363529e-05,-4.199804642313427e-05,-0.000257530482096688,0.00014909628855098016,0,160,20000.0,20260914
LS,23,0.08758912654098958,0.1852582524038294,2.2599504999998317,3552,0.07721028634845438,0.001209251291521338,9.737890405585017e-08,3.11073008741885e-05,-3.842818804608085e-05,-0.00022853592698974753,0.00014303389900925111,0,90,20000.0,20260914
LS,24,0.08752466955826725,0.18651942658293919,2.334863542000676,3668,0.07411736409994406,0.0012103942555493235,9.964538147743848e-08,2.887120350368919e-05,-3.558577921859235e-05,-0.00021021220033385924,0.00013790000788002545,0,107,20000.0,20260914
LS,25,0.08746454183293376,0.1877458881985035,2.4006028330004483,3769,0.07157111629448862,0.0012114453666832686,9.937903192346395e-08,2.698257999125797e-05,-3.3145145334986364e-05,-0.00019599350904846597,0.00013338837376852597,0,93,20000.0,20260914
LS,26,0.08740812950857677,0.18891350497131473,2.5037881250027567,3934,0.06993036016636094,0.0012125939482215025,7.973995647317375e-08,2.5376879748160252e-05,-3.10354446166247e-05,-0.00018810043929285667,0.00012939013964777883,0,156,20000.0,20260914
LS,27,0.08735474144919987,0.19009470124002986,2.5640403750003316,4028,0.06759809794530496,0.001213736741570584,9.477134360678289e-08,2.3985981404271413e-05,-2.9402077963541046e-05,-0.0001750870829142584,0.0001258092383772451,0,85,20000.0,20260914
LS,28,0.08730434584048295,0.1912383999499781,2.626699374999589,4126,0.06570374899775665,0.0012148608251061441,8.927705202122235e-08,2.2649528590031357e-05,-2.7746080129357114e-05,-0.00016545352290109157,0.000122361044074565,0,89,20000.0,20260914
LS,29,0.08725687626003906,0.19235705710901663,2.6866807920014253,4219,0.06412612175640575,0.0012163593792379724,9.787180902500554e-08,2.1471604137530592e-05,-2.5997976314531758e-05,-0.00015813839413197307,0.00011918808221374593,0,85,20000.0,20260914
LS,30,0.08721155711695198,0.19343206847316552,2.794756500003132,4394,0.0631296009380548,0.0012177489584552805,8.661434299359152e-08,2.0461357719947247e-05,-2.485778536466523e-05,-0.0001539481826428305,0.00011637190814753951,0,162,20000.0,20260914
LS,31,0.0871685823940925,0.19450901126081857,2.851685458001157,4482,0.06083655901440699,0.0012187580738267526,9.628478924711947e-08,1.9294416611016547e-05,-2.368030625148602e-05,-0.00014207962277618943,0.00011306708776889463,0,81,20000.0,20260914
LS,32,0.08712860531596403,0.195523633925797,2.9122871670006134,4576,0.0590701586015133,0.0012196393411263852,9.501592695511408e-08,1.8150131318821198e-05,-2.1826946805664738e-05,-0.00013448710373192428,0.00010979760994891472,0,86,20000.0,20260914
LS,33,0.0870905815297807,0.19646612202079944,3.0158955000006245,4741,0.058212013257534306,0.0012209174693984318,9.542293794176625e-08,1.7291512192625153e-05,-2.0732273987172428e-05,-0.0001314081381914426,0.00010721760008871589,0,158,20000.0,20260914
LS,34,0.08705442574790825,0.19739732632008006,3.0780028750014026,4837,0.05608404909715229,0.0012226221049580555,9.032240321716499e-08,1.647330498287128e-05,-1.9682476889644428e-05,-0.0001211152462841377,0.00010475289789967006,0,89,20000.0,20260914
LS,35,0.08701980742368716,0.1982634547850566,3.18407204200048,5007,0.055421238708077844,0.0012242832888067147,9.126334504411199e-08,1.5739317236790923e-05,-1.8879006984944897e-05,-0.00011895736077579275,0.00010250261654809024,0,161,20000.0,20260914
LS,36,0.08698666595669903,0.19913757057368284,3.238435250001203,5089,0.053329180393808025,0.0012260237758310402,9.532853505266435e-08,1.50413673054067e-05,-1.8100099680391162e-05,-0.00010905860708563676,0.00010022692189327263,0,78,20000.0,20260914
LS,37,0.08695499831920593,0.1999900567297406,3.29668841700186,5179,0.05183973659516784,0.0012276440547374253,8.209214860195953e-08,1.440121204086906e-05,-1.7266425452858213e-05,-0.00010270027701972013,9.806813682063319e-05,0,83,20000.0,20260914
LS,38,0.08692463593279219,0.20082634653760845,3.3520783330022823,5263,0.05076762328317875,0.0012289264307829555,8.82719739647571e-08,1.3873243307833322e-05,-1.6489143105208846e-05,-9.850519227739733e-05,9.628858709284925e-05,0,79,20000.0,20260914
LS,39,0.08689536972913034,0.20165156791008515,3.407855292000022,5349,0.04989613211355735,0.0012300807831593498,9.675108237938245e-08,1.33978489510993e-05,-1.5868354710453773e-05,-9.521499633282715e-05,9.465311636370161e-05,0,78,20000.0,20260914
LS,40,0.08686709939376391,0.20246941544469466,3.4648015000020678,5438,0.049132772844426464,0.0012311782631395996,8.41476526776574e-08,1.296950163261579e-05,-1.530083373527736e-05,-9.243113300267454e-05,9.314893334032284e-05,0,79,20000.0,20260914
LS,41,0.08684011114330778,0.20326294074780937,3.521001042001444,5524,0.047805492031560405,0.0012315311022770218,9.037430173204373e-08,1.2429455951374556e-05,-1.455879450835479e-05,-8.728000296284566e-05,9.12495928622166e-05,0,79,20000.0,20260914
LS,42,0.0868139813534389,0.20404745920043638,3.585261583000829,5623,0.046928837479201714,0.0012323459476824272,9.916372735612307e-08,1.201225195826632e-05,-1.4117537909280082e-05,-8.3985999488588e-05,8.97283276592422e-05,0,93,20000.0,20260914
LS,43,0.08678866545713322,0.20479050867051513,3.691699292001431,5796,0.04714594259836599,0.0012332978319506427,8.675450552187e-08,1.1634692630189476e-05,-1.3681203669637414e-05,-8.582109886874062e-05,8.832601260224924e-05,0,159,20000.0,20260914
LS,44,0.08676452783365614,0.2055538576854754,3.7531193329996313,5892,0.04552408306049776,0.001233751833600838,9.39320821654702e-08,1.1184100838690213e-05,-1.2953522641681931e-05,-7.948448344787204e-05,8.656852416566252e-05,0,87,20000.0,20260914
LS,45,0.08674118903777993,0.2062761132805215,3.8557066670000495,6057,0.04582169953517921,0.0012346005691372425,8.340025208039042e-08,1.0823276906004876e-05,-1.2515518972637774e-05,-8.164261153840221e-05,8.515316925187603e-05,0,155,20000.0,20260914
LS,46,0.08671857665080729,0.20702272831519147,3.9145318750015576,6149,0.04430842043885668,0.0012356801375142975,9.279402495321861e-08,1.0506549553703729e-05,-1.2105837421270278e-05,-7.554941911668495e-05,8.391000034872618e-05,0,82,20000.0,20260914
LS,47,0.08669660062024194,0.20773672069999566,4.017695333001029,6315,0.04447065255728078,0.0012368825056536653,8.544077789473536e-08,1.0216151174697277e-05,-1.175987938292934e-05,-7.69059163781704e-05,8.275394209056086e-05,0,155,20000.0,20260914
LS,48,0.08667558171380249,0.20846945443595877,4.077235458000359,6408,0.04321629672234525,0.0012381168354050757,8.830690237730978e-08,9.926340364001033e-06,-1.1092566077451132e-05,-7.23635086802405e-05,8.159495820296102e-05,0,83,20000.0,20260914
LS,49,0.08665534158016525,0.20915761339162608,4.1777924170019105,6569,0.04307311811403953,0.0012389318279149434,8.749989270845174e-08,9.597223420868181e-06,-1.0642910212897877e-05,-7.252454156605516e-05,8.027979759828806e-05,0,151,20000.0,20260914
LS,50,0.08663597157922354,0.20984875904997785,4.235601333002705,6658,0.04153136235215909,0.0012398092653582448,9.948397349837545e-08,9.29498501685483e-06,-1.0075015931960216e-05,-6.687270199960716e-05,7.904201958385096e-05,0,82,20000.0,20260914
LS,51,0.08661717799854687,0.21050730856651484,4.332798208000895,6814,0.04162959700195445,0.0012407588700143457,9.763198805030797e-08,9.038861190581387e-06,-9.754719485183739e-06,-6.785758665059415e-05,7.796802967727279e-05,0,146,20000.0,20260914
LS,52,0.08659885423464861,0.21118410902500345,4.389902124999935,6902,0.04047551134108351,0.0012415938386914618,9.663362416275431e-08,8.806523081946176e-06,-9.517240812297177e-06,-6.358958701784425e-05,7.697652346250766e-05,0,81,20000.0,20260914
LS,53,0.0865809376212018,0.21183103897628264,4.49358066700006,7070,0.04050499139953012,0.001242323678431759,8.224228216525963e-08,8.561310356947666e-06,-9.355303089641864e-06,-6.411610296698652e-05,7.595991619933708e-05,0,156,20000.0,20260914
LS,54,0.08656349514366994,0.21249206802521078,4.547895167001116,7153,0.039253516983549154,0.0012429599161252873,9.535252873233229e-08,8.328529407713423e-06,-9.113948124682913e-06,-5.959945224703531e-05,7.498974199410609e-05,0,77,20000.0,20260914
LS,55,0.08654654265328375,0.21314731241104126,4.619622707999952,7265,0.038706963164048834,0.0012436769168142434,9.809454639809778e-08,8.109701542744022e-06,-8.842788842856744e-06,-5.795895948296105e-05,7.40431192934765e-05,0,106,20000.0,20260914
LS,56,0.0865300506033172,0.21377078255396834,4.718791582999984,7423,0.03915624442300127,0.0012443798211238181,7.583538797985198e-08,7.896950860597657e-06,-8.59509911067696e-06,-6.016852389913929e-05,7.309562059584827e-05,0,150,20000.0,20260914
LS,57,0.08651403911604214,0.21441051572840894,4.777451875001134,7512,0.037535298041700374,0.0012445664848099156,9.967502828709926e-08,7.67524869287482e-06,-8.336238577494165e-06,-5.443344267889995e-05,7.211142206953303e-05,0,82,20000.0,20260914
LS,58,0.08649841592177114,0.21502060273211157,4.879273875001672,7675,0.03790857978499396,0.0012448025926375447,9.749564561575037e-08,7.489433673158761e-06,-8.133760601584897e-06,-5.6229826794768195e-05,7.126746310958831e-05,0,153,20000.0,20260914
LS,59,0.08648317413494579,0.21564922864544434,4.93286179200004,7757,0.036468494865689934,0.0012449198965222893,9.92834976312379e-08,7.30193803275073e-06,-7.939848790298197e-06,-5.125576906308861e-05,7.041038443912592e-05,0,75,20000.0,20260914
LS,60,0.08646832799767505,0.21624121179574796,5.033010792001733,7918,0.03660966874276637,0.0012451176763794902,9.052966018644605e-08,7.114323839558082e-06,-7.731813429584806e-06,-5.216725500201888e-05,6.954030748745678e-05,0,151,20000.0,20260914
LS,61,0.08645391984891808,0.21684734217946602,5.086996875001205,8001,0.0350620739438331,0.0012452218333643542,9.486079067193365e-08,6.915648219969918e-06,-7.4925005407833645e-06,-4.7059302705168506e-05,6.860807213936313e-05,0,76,20000.0,20260914
LS,62,0.08643992003031296,0.21744722146847897,5.1368534169996565,8075,0.034527690796890505,0.0012453504007491466,9.73251497442672e-08,6.742203383018561e-06,-7.257615219173908e-06,-4.560825298316896e-05,6.777920663742099e-05,0,71,20000.0,20260914
LS,63,0.086426256229052,0.2180425315447368,5.188146958000289,8153,0.03409346830123881,0.0012454650347862345,8.908245723947736e-08,6.587866856530503e-06,-7.075934402654434e-06,-4.445442777942134e-05,6.703445653710522e-05,0,71,20000.0,20260914
LS,64,0.08641289669645927,0.21863337656419368,5.243821125000977,8238,0.03368366070601824,0.001245559429148446,9.717343096515768e-08,6.442928630978598e-06,-6.916603963406856e-06,-4.3369917335169615e-05,6.632442296736756e-05,0,79,20000.0,20260914
LS,65,0.08639982294260992,0.2192187473467363,5.299504042002809,8324,0.03329200809434849,0.001245613742852385,9.62123513691361e-08,6.303271880145e-06,-6.770481974316086e-06,-4.2344136298361886e-05,6.563498637268508e-05,0,78,20000.0,20260914
LS,66,0.08638701082523197,0.2197718160101436,5.3972278330002155,8481,0.03376414095257215,0.0012456315463338064,9.859678528267249e-08,6.1451724500921265e-06,-6.666944923758888e-06,-4.418874333530248e-05,6.485545744942192e-05,0,147,20000.0,20260914
LS,67,0.08637453326802695,0.22034135087399054,5.448290625001391,8559,0.03227159783702362,0.0012455347724108726,9.220724390403331e-08,5.9909028759772186e-06,-6.486654323692525e-06,-3.95952441427143e-05,6.408090443456057e-05,0,71,20000.0,20260914
LS,68,0.08636241199922093,0.2209040719275717,5.50062891700145,8639,0.0317536195377346,0.0012455165479027643,9.02914491881399e-08,5.849990148205133e-06,-6.27127865856375e-06,-3.829334888133709e-05,6.338351214284007e-05,0,73,20000.0,20260914
LS,69,0.08635060341229588,0.22145970629744452,5.555316292000498,8723,0.0312812726230932,0.001245451135209023,9.469032429223441e-08,5.710032171521437e-06,-6.098554753287795e-06,-3.711731392096174e-05,6.268622029360912e-05,0,77,20000.0,20260914
LS,70,0.08633905645414452,0.22200940069209815,5.620173292001709,8824,0.030980795268044814,0.0012453611621907142,9.985244806117756e-08,5.584605728191887e-06,-5.962352423313287e-06,-3.644352562067431e-05,6.205112676490508e-05,0,93,20000.0,20260914
LS,71,0.0863277131991623,0.22252961032850144,5.7191402080025,8983,0.03205334755679743,0.001245256447364127,8.186980331945868e-08,5.469544407347617e-06,-5.8737105736196464e-06,-4.002759949761582e-05,6.14567686124032e-05,0,149,20000.0,20260914
LS,72,0.0863165747212329,0.22306624650392143,5.775357250000525,9068,0.030172271061432016,0.0012451349646082459,8.863874796483076e-08,5.341285654540827e-06,-5.797192275282016e-06,-3.4379819120828136e-05,6.07892788125067e-05,0,77,20000.0,20260914
LS,73,0.08630565666084296,0.22359684200749186,5.830673333002778,9152,0.02980191777355324,0.0012449677425460585,9.851212249837086e-08,5.2289414371443855e-06,-5.689118948213372e-06,-3.3489654759139726e-05,6.0194480508366074e-05,0,75,20000.0,20260914
LS,74,0.08629498268088648,0.22409267248576842,5.93380050000269,9315,0.0304156127537884,0.0012447825322848692,7.430885707636851e-08,5.085140109812207e-06,-5.5888398527938536e-06,-3.5581495002941005e-05,5.9441452373996405e-05,0,151,20000.0,20260914
LS,75,0.08628460024197158,0.22460105696611463,5.991017542000918,9402,0.028823916849093016,0.0012445044134338176,8.965318789751461e-08,4.960318647120846e-06,-5.42212026453274e-06,-3.1158470211277645e-05,5.876175862904559e-05,0,78,20000.0,20260914
LS,76,0.08627446806380788,0.22510233956766654,6.050396542003,9491,0.028468354979762002,0.0012442524754937567,9.632803346959577e-08,4.8566528429349e-06,-5.275525321507349e-06,-3.039018359898496e-05,5.81842214735947e-05,0,83,20000.0,20260914
LS,77,0.08626452686930952,0.22557817491155904,6.152318250002281,9652,0.029307440400305387,0.0012440042400111257,8.804174946990049e-08,4.758046833274106e-06,-5.1831476639952055e-06,-3.300510864251134e-05,5.7626545429993204e-05,0,150,20000.0,20260914
LS,78,0.08625479200348746,0.22606985823028916,6.203918375002104,9728,0.02787233446825002,0.001243657217636018,9.116331658831015e-08,4.662348055541963e-06,-5.07251776879433e-06,-2.9108485613435734e-05,5.708552450527138e-05,0,72,20000.0,20260914
LS,79,0.08624523395894097,0.2265359840048699,6.298255500001687,9875,0.02843549539530918,0.0012434004297540069,9.81547984314781e-08,4.57152659101764e-06,-4.986517952270397e-06,-3.087082537234814e-05,5.657022800216336e-05,0,140,20000.0,20260914
LS,80,0.08623586685081042,0.2270143717410203,6.351097583003138,9954,0.027252348517633227,0.0012431826656304037,9.412696291558759e-08,4.486611923705915e-06,-4.880496207498835e-06,-2.7767416855771e-05,5.607871840763699e-05,0,73,20000.0,20260914
LS,81,0.08622667777023867,0.22748672439442563,6.417970417001925,10057,0.027017130303590084,0.0012430579228735405,9.733156621423803e-08,4.400559708850781e-06,-4.788520863985364e-06,-2.7307185920307898e-05,5.5568945425195915e-05,0,94,20000.0,20260914
LS,82,0.08621763303754308,0.22792224359413057,6.51894883299974,10218,0.027900780456602294,0.0012430925161620984,9.622586406646141e-08,4.294014130683488e-06,-4.750718567256401e-06,-2.9877944808791545e-05,5.494909834030016e-05,0,150,20000.0,20260914
LS,83,0.08620871689600444,0.2283704117140982,6.567725542001426,10292,0.026376495267803137,0.0012429873068814429,9.898035835418123e-08,4.207508438920513e-06,-4.708633098883469e-06,-2.586983359198244e-05,5.442591327229336e-05,0,69,20000.0,20260914
LS,84,0.08620004591670195,0.22881589048425827,6.624287417002051,10380,0.026118743292995187,0.0012430299795981512,9.7627847212733e-08,4.1273919652600705e-06,-4.543587336610084e-06,-2.543845825778044e-05,5.3928940444246325e-05,0,81,20000.0,20260914
LS,85,0.0861915432823534,0.2292408075974306,6.723785333000706,10541,0.02708448666708555,0.0012429344633595983,8.946833480713094e-08,4.053952336778548e-06,-4.44868200941654e-06,-2.817583655242339e-05,5.346779581827478e-05,0,149,20000.0,20260914
LS,86,0.08618314305932229,0.2296820896346748,6.774436916999548,10618,0.02561725299454141,0.0012427991772451903,9.850725934181474e-08,3.9786223172139485e-06,-4.42160071805674e-06,-2.4411959518203953e-05,5.299665974843853e-05,0,71,20000.0,20260914
LS,87,0.08617486453396275,0.23012116675361208,6.840281042001152,10723,0.025405486898952005,0.0012425855165976959,9.75671742863956e-08,3.9109032142251356e-06,-4.367622146230746e-06,-2.399341286910699e-05,5.257245534687369e-05,0,93,20000.0,20260914
LS,88,0.08616669874771495,0.23053854848217548,6.936224500001117,10877,0.026681197729202032,0.0012424241441089969,7.95780302827436e-08,3.846727192617077e-06,-4.319059051702794e-06,-2.742852936543139e-05,5.216537162079461e-05,0,145,20000.0,20260914
LS,89,0.08615867948305322,0.23097314258197812,6.986978208002256,10955,0.02495367369131522,0.001242185773252674,9.568073379895792e-08,3.782678475969553e-06,-4.236586184482018e-06,-2.3115026872910775e-05,5.175222048431877e-05,0,70,20000.0,20260914
LS,90,0.08615078375334613,0.2313875482369382,7.084590250000474,11113,0.025902491444866897,0.001241987983735022,9.699300764311745e-08,3.720113804029502e-06,-4.1756159025569426e-06,-2.5651223445475964e-05,5.135900009361682e-05,0,145,20000.0,20260914
LS,91,0.08614303956232251,0.2318109087486696,7.134077458002139,11188,0.024307886624391418,0.0012416283118657214,9.971303032566462e-08,3.632455352274246e-06,-4.111735670021963e-06,-2.17994765835958e-05,5.07313241502144e-05,0,69,20000.0,20260914
LS,92,0.08613548045117675,0.23222062082271186,7.200065750002977,11291,0.02391143206250973,0.001241198162571751,9.653754827917736e-08,3.5376382309929346e-06,-4.021472920580914e-06,-2.1028718018237453e-05,5.006431348216706e-05,0,95,20000.0,20260914
LS,93,0.08612809494231194,0.23260684385517683,7.28894795800079,11433,0.025166911864183083,0.001240795137698853,9.838694296242218e-08,3.466449117109667e-06,-3.9190597410535425e-06,-2.4283163774167917e-05,4.956689346723393e-05,0,132,20000.0,20260914
LS,94,0.08612092730858864,0.23299621815401703,7.341564708000078,11513,0.02307664540370983,0.001240495525907777,9.61406689933354e-08,3.346045632792764e-06,-3.821588092530657e-06,-1.9458944431129675e-05,4.8741454348792835e-05,0,74,20000.0,20260914
LS,95,0.0861140223721975,0.23336580683944413,7.392955167000764,11591,0.022489803340052437,0.0012403835453810293,9.914204871670616e-08,3.21412980187061e-06,-3.6908065859024183e-06,-1.838462632256449e-05,4.7784640407466005e-05,0,72,20000.0,20260914
LS,96,0.08610746437756596,0.23370301528436818,7.484045042001526,11738,0.023711933263352712,0.0012407398584538118,9.677233278665795e-08,3.0779071272794623e-06,-3.4800875060539472e-06,-2.155479432275047e-05,4.673848223677721e-05,0,135,20000.0,20260914
LS,97,0.08610117419784578,0.23405158798523243,7.539798583002266,11824,0.02153382134360198,0.0012408105513072208,9.826605268180921e-08,2.990587418032589e-06,-3.2995923047915347e-06,-1.6895093362733092e-05,4.6074630883204754e-05,0,79,20000.0,20260914
LS,98,0.08609502931610605,0.23437951371393445,7.635018250002759,11977,0.02277808578999981,0.0012406949051900653,9.537494656630112e-08,2.916847334780346e-06,-3.2280344072038447e-06,-1.9797177873093188e-05,4.551867738998822e-05,0,144,20000.0,20260914
LS,99,0.08608904912464369,0.2347193736922807,7.685495375000755,12055,0.02096070201272243,0.0012405384504535256,9.169618538690672e-08,2.849165753426046e-06,-3.1310257043840225e-06,-1.59873599809448e-05,4.500110884408138e-05,0,69,20000.0,20260914
LS,100,0.08608317174911012,0.23504105850252183,7.779713125000853,12206,0.022247743838331096,0.0012403290167196687,8.652882251201859e-08,2.7896450022125103e-06,-3.087730536474016e-06,-1.8870729761236033e-05,4.454828047435306e-05,0,142,20000.0,20260914
WLS,0,3.976167415520907,0.41024070157959003,0.0,0,0.0,0.0820728978665518,0.0,0.0,0.0,0.0,0.0,0,0,20000.0,20260914
WLS,1,0.5223719327723416,0.13859493775560094,0.35560924999663257,566,9.756210859284868,0.031318121538743346,9.28942016863409e-08,0.7177322250741016,-2.7360632576744655,-1.3053870337928348,0.021059287108352132,0,535,20000.0,20260914
WLS,2,0.16442055037846567,0.13111962865791602,0.5464034579999861,873,1.5727791894174685,0.012246067833897046,9.36262742801523e-08,0.09816026106195555,-0.25979112133191457,0.23426966346064243,0.008013816662114266,0,292,20000.0,20260914
WLS,3,0.10973866694072668,0.13234806289410891,0.713496958000178,1141,0.7211254243257544,0.005497253248360323,9.565657792611138e-08,0.01611383215061939,-0.03856805128712342,0.028680789557289026,0.003370945330330066,0,258,20000.0,20260914
WLS,4,0.09828854157617734,0.13566857214307498,0.9481541659988579,1526,0.605615655792013,0.0029042043952333435,9.40057782890377e-08,0.0039534732623490885,-0.007496652102198758,-0.006888390762470161,0.0017046000114104038,0,362,20000.0,20260914
WLS,5,0.09423339395512877,0.14030217093066302,1.1143087499985995,1795,0.44193398475929235,0.0017669082364782645,9.467931849676725e-08,0.0016333442533372285,-0.002421803367716693,-0.005710134723212754,0.0010771279039525476,0,247,20000.0,20260914
WLS,6,0.09210446908481695,0.14372097490033714,1.206959207996988,1939,0.2833742471400965,0.0012037496878401746,9.527278927033203e-08,0.0009190563999477153,-0.001209868470363239,-0.0018861233267990123,0.0007886053612070386,0,134,20000.0,20260914
WLS,7,0.09077924353688473,0.14701890047654706,1.3591564579983242,2180,0.247363319744978,0.0008841556686764598,9.606186465748381e-08,0.0005872886159343013,-0.0007379369319937558,-0.0017342050498305845,0.0006220312969135161,0,230,20000.0,20260914
WLS,8,0.08989495653491647,0.15021134020479668,1.5071292909997283,2414,0.22135822764297955,0.0006782305412422352,9.309851544447304e-08,0.00039687458087251444,-0.0004874124210965139,-0.0015656862452938015,0.0005091715890081187,0,224,20000.0,20260914
WLS,9,0.08928049224506723,0.15329086428668262,1.6552091659978032,2647,0.193303835116509,0.0005352221220166789,7.46094410860901e-08,0.0002785858217195797,-0.00033587846813044794,-0.0012538543436882881,0.00042663294232018643,0,223,20000.0,20260914
WLS,10,0.0888342387742271,0.15629806903844415,1.8079014999966603,2890,0.1740181803542454,0.0004419676681844191,9.658133628436533e-08,0.0002047950215337928,-0.00024145844930928396,-0.001067862883849996,0.0003661245884240729,0,229,20000.0,20260914
WLS,11,0.08849651160563131,0.15915001690239217,1.9648036660000798,3141,0.16360448702481967,0.00037268964363189897,9.606984146152212e-08,0.00015666575041238274,-0.00018106141818404823,-0.0010005942401369334,0.000320417524605908,0,236,20000.0,20260914
WLS,12,0.08823111244769917,0.16187310259618806,2.11724454099749,3388,0.15265682585454124,0.0003170788906193171,8.717810016068156e-08,0.00012433846999702517,-0.00014106068792439522,-0.0008998061660670474,0.0002856105249981613,0,234,20000.0,20260914
WLS,13,0.08801545176750435,0.1644552093727925,2.2573696250001376,3615,0.14123017200255666,0.00027858506035201253,9.847023573825839e-08,0.00010191533899661466,-0.00011374534120044672,-0.0007816373939987635,0.00025851781783591465,0,216,20000.0,20260914
WLS,14,0.08783555368997215,0.1669112213758956,2.397096540997154,3841,0.13188713998384075,0.00024757390251745607,9.602164921177924e-08,8.551897504177337e-05,-9.437910249194188e-05,-0.0006898128071236595,0.00023656522742591355,0,215,20000.0,20260914
WLS,15,0.08768244900587431,0.16922478359168894,2.5305038329970557,4055,0.12170699330825631,0.00022269041993114885,8.855473225028125e-08,7.3292567091109e-05,-7.981211700831561e-05,-0.0005875249269089622,0.00021872367815779534,0,207,20000.0,20260914
WLS,16,0.08754912341975936,0.17143905036709595,2.6648643749977055,4274,0.11577399228123111,0.00020194522151463596,9.536563553142489e-08,6.420713007890504e-05,-6.911845603185167e-05,-0.0005368552783217764,0.0002043953073430587,0,205,20000.0,20260914
WLS,17,0.08743103118586501,0.17357007999309787,2.801733415999479,4497,0.1095303565442888,0.00018480141278937393,9.406584077424555e-08,5.713044547907763e-05,-6.0961788420467064e-05,-0.000481752716341603,0.00019249894064403918,0,209,20000.0,20260914
WLS,18,0.08732576705400848,0.1755491430652343,2.9273092499970517,4700,0.1014658367375446,0.00016944540628175065,9.899557557097679e-08,5.093093392167022e-05,-5.433319794035204e-05,-0.00040950166938596934,0.0001817624330456028,0,192,20000.0,20260914
WLS,19,0.08723173862313138,0.1773414355462795,3.0594569579989184,4912,0.09510903463640036,0.00016424269511207322,8.974798040459603e-08,4.561050752935498e-05,-4.8417923336329033e-05,-0.0003582579925963063,0.00017230992824593977,0,200,20000.0,20260914
WLS,20,0.08714652617534666,0.1790607914579443,3.1854352499976812,5110,0.08959854752498222,0.00016292203136219338,9.880098358470918e-08,4.149150943128411e-05,-4.3720938353695216e-05,-0.0003161825381445978,0.00016446823167903484,0,190,20000.0,20260914
WLS,21,0.08706912191264662,0.1806878795090525,3.311463415997423,5312,0.08496268500018175,0.0001610085969900546,9.123835394494631e-08,3.773678362856463e-05,-3.9667479069864784e-05,-0.000283528629421974,0.00015691431835807034,0,188,20000.0,20260914
WLS,22,0.08699794771923997,0.1822694332746015,3.3786935409989383,5413,0.0806816410011204,0.00015838946321080702,8.933076961681317e-08,3.4789595300847044e-05,-3.638459810828876e-05,-0.0002543021663250246,0.00015068861160491862,0,96,20000.0,20260914
WLS,23,0.08693210509712383,0.18380893084788963,3.451908999999432,5525,0.07782507613278934,0.00015548354192019106,9.564151012610703e-08,3.22558516486966e-05,-3.3586770469136685e-05,-0.00023699450163759,0.00014514517588929543,0,105,20000.0,20260914
WLS,24,0.08687069033335487,0.18530846172959944,3.5317961250002554,5648,0.07535076196476057,0.0001524543487994283,9.471506486177197e-08,3.0139067518132616e-05,-3.127569624240494e-05,-0.00022247210266453988,0.00014031017758213093,0,116,20000.0,20260914
WLS,25,0.08681322790998533,0.18675137352121232,3.6535575829984737,5843,0.07374321341806678,0.0001497154865150022,8.787735740113142e-08,2.8213896770037937e-05,-2.924852659881077e-05,-0.00021444065289158524,0.00013584984963623423,0,178,20000.0,20260914
WLS,26,0.08675920071119847,0.18815356412966763,3.721194749999995,5945,0.07116674077143487,0.00014695011645159755,9.82082508381302e-08,2.6565951653432185e-05,-2.7461247136019142e-05,-0.00019920805081457036,0.00013187680255503839,0,98,20000.0,20260914
WLS,27,0.0867082606872159,0.18951320027704283,3.8396835409985215,6133,0.0699482031707002,0.00014376315124434575,9.888883138054099e-08,2.5061449823789768e-05,-2.5878574159819934e-05,-0.00019369753235791247,0.00012817952874382175,0,178,20000.0,20260914
WLS,28,0.08666005850210692,0.1908404543239615,3.9141640409980027,6249,0.06740407309566161,0.00014050335606530885,9.952690911854443e-08,2.3751097200084766e-05,-2.4451087909041327e-05,-0.0001789632683852838,0.0001248218806842978,0,103,20000.0,20260914
WLS,29,0.0866142942582426,0.1921347269895397,4.036132833000011,6444,0.067051563493482,0.00013758238673651803,9.911302393254282e-08,2.2560253363378154e-05,-2.3203990497932363e-05,-0.0001790313644817011,0.00012169128981416125,0,181,20000.0,20260914
WLS,30,0.08657121834499838,0.19335686674955618,4.155035665997275,6637,0.0642132892760481,0.00012890512744161476,9.607411365142074e-08,2.11449934112068e-05,-2.193091983326137e-05,-0.00016309141273825175,0.00011803598087840154,0,181,20000.0,20260914
WLS,31,0.08653102068396973,0.19449743487804538,4.27173324999967,6825,0.06220956499516205,0.00010629263177988717,9.849934138711314e-08,1.9786809642308102e-05,-2.0410851393163553e-05,-0.0001533038378157104,0.00011437891913224396,0,178,20000.0,20260914
WLS,32,0.08649289291927291,0.1955968161096188,4.390146249999816,7015,0.0605802656201713,9.651550277044033e-05,8.460753026681676e-08,1.8814207780064665e-05,-1.9313556910062e-05,-0.00014537066443370676,0.00011153951314047974,0,181,20000.0,20260914
WLS,33,0.08645649981658944,0.1966684438380095,4.507612082998094,7204,0.0595535829728231,9.449366168074117e-05,8.692500294141664e-08,1.798097764618434e-05,-1.841212504339426e-05,-0.00014093835956157776,0.00010904236113526844,0,180,20000.0,20260914
WLS,34,0.08642194836590762,0.19769170101595152,4.571694999998726,7303,0.05606175391603984,9.349199290520276e-05,9.131231640273529e-08,1.6989006542102973e-05,-1.7562444137631307e-05,-0.00012259456192531147,0.00010592970127143512,0,93,20000.0,20260914
WLS,35,0.08638945138776727,0.19866058026067243,4.640841707998334,7410,0.054170785770847774,9.243854751872712e-05,9.957863352173575e-08,1.6033558643645185e-05,-1.6463419495375355e-05,-0.00011422672341120086,0.000102843410576558,0,102,20000.0,20260914
WLS,36,0.0863584395864155,0.19960555188645324,4.752956582997285,7591,0.05382197538698774,9.144356546303216e-05,9.737442823787292e-08,1.5330495289510144e-05,-1.5681306066397878e-05,-0.00011382845037610166,0.00010059493593082054,0,171,20000.0,20260914
WLS,37,0.08632873923613911,0.20052440163882512,4.824240374997316,7702,0.05166284085340938,9.040714005141012e-05,9.036064354890759e-08,1.4693985397061554e-05,-1.500636487647023e-05,-0.00010375210597585042,9.85602933308842e-05,0,104,20000.0,20260914
WLS,38,0.08630021479492081,0.20142722910068936,4.941110374998971,7884,0.05218400292367226,8.932372755124084e-05,9.772989420017701e-08,1.4122550076345398e-05,-1.440189113990148e-05,-0.00010763406683859174,9.669352873194157e-05,0,171,20000.0,20260914
WLS,39,0.08627273298084152,0.20230797641790113,5.010563040999841,7988,0.04992357167072818,8.822305325425409e-05,9.979330615086445e-08,1.3616528197127409e-05,-1.386528588655987e-05,-9.713633633883073e-05,9.499234415746586e-05,0,96,20000.0,20260914
WLS,40,0.08624623687097695,0.2031632475032488,5.125026707999496,8167,0.05087420620311137,8.724058664901849e-05,8.639676789028756e-08,1.3132007859533668e-05,-1.336410200259007e-05,-0.00010291313297525816,9.338250678701289e-05,0,168,20000.0,20260914
WLS,41,0.08622065048370771,0.2039940051114623,5.199762000000192,8283,0.04830302655107936,8.633000428783285e-05,9.979095248840255e-08,1.2689852321039188e-05,-1.289653494586991e-05,-9.107273143047533e-05,9.186201501492203e-05,0,110,20000.0,20260914
WLS,42,0.08619592676283527,0.20482053176031573,5.309163791000174,8458,0.04915092227875955,8.532494584737405e-05,9.713967880128517e-08,1.2245531544439571e-05,-1.247818932935208e-05,-9.606693717019763e-05,9.032538948398293e-05,0,165,20000.0,20260914
WLS,43,0.0861721705585988,0.2056073368172178,5.392782874998375,8586,0.04623294840938389,8.421818519762068e-05,9.787648062591773e-08,1.1767512020509392e-05,-1.1988692216475139e-05,-8.311807169476289e-05,8.865404688227242e-05,0,122,20000.0,20260914
WLS,44,0.08614921199133074,0.2063907554058632,5.5079938329981815,8768,0.047283805974677594,8.31548272996123e-05,7.976569791602946e-08,1.1385041588890948e-05,-1.1573525680273633e-05,-8.882934810449239e-05,8.727479727005272e-05,0,172,20000.0,20260914
WLS,45,0.08612696728742195,0.20716191036854814,5.6214392080000835,8944,0.046003087386741526,8.222865208349516e-05,9.739757540100169e-08,1.1036812398331914e-05,-1.1207891513575729e-05,-8.356949854681192e-05,8.59807229981444e-05,0,168,20000.0,20260914
WLS,46,0.08610538073828847,0.20791470119870323,5.690591582999332,9048,0.04413060725958708,8.170751129284839e-05,9.384255064393232e-08,1.0713462924398781e-05,-1.0873086207300114e-05,-7.578897572151723e-05,8.476283335493359e-05,0,95,20000.0,20260914
WLS,47,0.08608440313256545,0.20867125083602425,5.804776540997409,9224,0.0448501820734641,8.112455399141858e-05,8.349384649155063e-08,1.0414262977600392e-05,-1.0563342745077837e-05,-7.959933587812526e-05,8.362008100707514e-05,0,168,20000.0,20260914
WLS,48,0.08606401213954502,0.20940991793680372,5.867701125000167,9320,0.0429217958141863,8.063524855662848e-05,9.805408515345274e-08,1.012175360760114e-05,-1.0269239416023659e-05,-7.172303477531012e-05,8.247210638091794e-05,0,88,20000.0,20260914
WLS,49,0.0860442444052267,0.210138859753426,5.932151624998369,9418,0.04225896235344115,7.99653458372925e-05,8.009497313782541e-08,9.81243590780087e-06,-9.95529840726424e-06,-6.952326064115947e-05,8.125846591203821e-05,0,91,20000.0,20260914
WLS,50,0.08602502224116555,0.21086001348183148,5.99648008299846,9515,0.04163636456383845,7.933373098998455e-05,9.495167142959233e-08,9.547362070796664e-06,-9.674801988895837e-06,-6.745717864349027e-05,8.019737574481462e-05,0,92,20000.0,20260914
WLS,51,0.08600640839481517,0.21156437045693172,6.062686415996723,9619,0.04084876938301958,7.852863068291964e-05,9.718113783282448e-08,9.23703389780966e-06,-9.376812457299181e-06,-6.481725165497657e-05,7.895703813192666e-05,0,94,20000.0,20260914
WLS,52,0.08598831976643063,0.2122706046329915,6.175025832999381,9798,0.04181030682384011,7.784146233529019e-05,7.7661135915347e-08,8.988435523244487e-06,-9.10019285299818e-06,-6.931645945064428e-05,7.793564586003476e-05,0,168,20000.0,20260914
WLS,53,0.08597071939525883,0.21294877625108294,6.241833500000212,9901,0.03950219798029091,7.735175819674311e-05,8.79280565984209e-08,8.743154001426107e-06,-8.857217176162686e-06,-6.042081109189682e-05,7.693309681016231e-05,0,94,20000.0,20260914
WLS,54,0.08595360466721327,0.2136137200730952,6.3151295829993614,10013,0.03879035600640268,7.684094925797496e-05,9.727376054723717e-08,8.50203209892516e-06,-8.612695944786412e-06,-5.811985790962e-05,7.593204973987902e-05,0,107,20000.0,20260914
WLS,55,0.08593694441486979,0.21428572382685213,6.429322541000147,10191,0.04011046583604966,7.638772263305321e-05,9.34416871599984e-08,8.27846076677336e-06,-8.381791576592043e-06,-6.378222113576423e-05,7.498082059968345e-05,0,166,20000.0,20260914
WLS,56,0.08592070333238071,0.21493724962748867,6.493796290997125,10285,0.03771209533001795,7.602905810816647e-05,9.285958292811691e-08,8.073164680443531e-06,-8.167917810694617e-06,-5.486902421993291e-05,7.408935253262206e-05,0,87,20000.0,20260914
WLS,57,0.0859048497692663,0.21559870465751318,6.610123999998905,10463,0.03896428097682619,7.561324242558293e-05,8.555297208270949e-08,7.883250153868693e-06,-7.970312957994512e-06,-6.005719648764054e-05,7.325884330084288e-05,0,167,20000.0,20260914
WLS,58,0.0858893684023393,0.2162398777526266,6.67420299999867,10559,0.03675699017056832,7.524247725471106e-05,9.761761288518154e-08,7.698564304316316e-06,-7.782802625453289e-06,-5.207244939296239e-05,7.243628560438295e-05,0,87,20000.0,20260914
WLS,59,0.08587423420929106,0.21689078385154337,6.784871207997639,10728,0.03795555386494662,7.487155814101596e-05,9.139286666049395e-08,7.5276973236135175e-06,-7.606495723311324e-06,-5.689701041151305e-05,7.167221263518939e-05,0,160,20000.0,20260914
WLS,60,0.08585947019024573,0.2175157711830262,6.852195040999504,10832,0.03572287649440783,7.448689119031918e-05,8.912603156309441e-08,7.336199832348998e-06,-7.427819209797186e-06,-4.904217620640057e-05,7.08492675424924e-05,0,94,20000.0,20260914
WLS,61,0.08584506552609844,0.218149928987147,6.958377749997453,11002,0.036923601359855306,7.410026384890407e-05,8.66118676532887e-08,7.1621755606999805e-06,-7.242488592396057e-06,-5.376295272178707e-05,7.008374051263704e-05,0,160,20000.0,20260914
WLS,62,0.0858309927880305,0.21876272832841842,7.020908082999085,11099,0.034735670134989884,7.37336297484515e-05,9.88485284734798e-08,6.995699763503853e-06,-7.077038304561058e-06,-4.625560091839745e-05,6.933581099781089e-05,0,90,20000.0,20260914
WLS,63,0.08581724223488493,0.2193832658067227,7.129053124997881,11275,0.035903411272343595,7.32949159901376e-05,8.311165327497918e-08,6.834767442320254e-06,-6.9157857014026045e-06,-5.070219390398852e-05,6.860588150381327e-05,0,161,20000.0,20260914
WLS,64,0.0858038072324076,0.21997873720748976,7.189155624997511,11367,0.033721226577590725,7.286752393220615e-05,9.434966123602005e-08,6.679345558585666e-06,-6.75565691794254e-06,-4.342105361753058e-05,6.787734733581537e-05,0,87,20000.0,20260914
WLS,65,0.08579065257115058,0.2205703639012724,7.251608874998055,11464,0.03330578092442094,7.247624876390797e-05,9.847788945289078e-08,6.54358853467942e-06,-6.6110727251829745e-06,-4.2309090892253404e-05,6.723513939613351e-05,0,90,20000.0,20260914
WLS,66,0.0857777630129935,0.22117498155424195,7.3578811249972205,11634,0.03475810269958901,7.213929896039151e-05,8.980582268633312e-08,6.413832902860581e-06,-6.475725255718756e-06,-4.751672700668069e-05,6.661483819484373e-05,0,162,20000.0,20260914
WLS,67,0.08576512855438657,0.22175885977745574,7.426360957997531,11738,0.03257739391869183,7.185429585708499e-05,9.413175007735644e-08,6.28746481294196e-06,-6.34699378854082e-06,-4.042987111975327e-05,6.599643473838625e-05,0,99,20000.0,20260914
WLS,68,0.08575273755816093,0.22235520846925974,7.535632457998872,11905,0.033883895043537664,7.151915767389687e-05,9.689372605100016e-08,6.1671727737509144e-06,-6.2238234591795685e-06,-4.501492094042916e-05,6.540569421865362e-05,0,157,20000.0,20260914
WLS,69,0.08574058183435218,0.22292998569741238,7.593594250000024,11994,0.03184593475312203,7.128047957031947e-05,9.005028193965841e-08,6.049335505950672e-06,-6.106388299392184e-06,-3.855245420625642e-05,6.481759265422042e-05,0,82,20000.0,20260914
WLS,70,0.08572866533387571,0.22351725589848276,7.699968582997826,12164,0.0334905141076195,7.094577861452055e-05,9.286662577907013e-08,5.931934399811188e-06,-5.9845660745545845e-06,-4.416422628316652e-05,6.423222516182982e-05,0,162,20000.0,20260914
WLS,71,0.0857170513526521,0.22406994805535785,7.759901124998578,12258,0.030875247906663583,7.055165447128684e-05,8.58224664310949e-08,5.771041992500345e-06,-5.842939229134254e-06,-3.60500654412868e-05,6.344172249760546e-05,0,84,20000.0,20260914
WLS,72,0.085705697061193,0.22463663784926244,7.8658305409990135,12428,0.03231864570862043,7.018424794464784e-05,7.990358354984844e-08,5.64936508317165e-06,-5.704926377975621e-06,-4.087045156286845e-05,6.282805316343286e-05,0,161,20000.0,20260914
WLS,73,0.08569463323190454,0.22517638485561597,7.922583457999281,12515,0.03014843648404229,6.967820673935249e-05,9.974668976915208e-08,5.4894543970215995e-06,-5.574374889055591e-06,-3.438258183315367e-05,6.196353494753041e-05,0,81,20000.0,20260914
WLS,74,0.08568397276006616,0.22569706601854747,7.979110540996771,12601,0.029800372640058716,6.921252267559536e-05,8.643570474709156e-08,5.28867910533193e-06,-5.371792736340321e-06,-3.374263863593453e-05,6.086893143596587e-05,0,81,20000.0,20260914
WLS,75,0.08567360161099771,0.22620563811900896,8.035902915999031,12687,0.02940479386084535,6.926126141379381e-05,9.302340434009581e-08,5.156553506878923e-06,-5.214595560817234e-06,-3.2860946031493256e-05,6.0141058671059566e-05,0,82,20000.0,20260914
WLS,76,0.08566348798998703,0.22670240194766736,8.091639040998416,12770,0.02904128295358137,6.94587337050682e-05,9.017514728081255e-08,5.030066573500381e-06,-5.083554436893068e-06,-3.205618476881933e-05,5.943266564503222e-05,0,78,20000.0,20260914
WLS,77,0.08565359501744081,0.22719189079122415,8.149100999999064,12857,0.028661592838255256,6.953534355071689e-05,9.407013658872904e-08,4.920852678237545e-06,-4.972119870795625e-06,-3.1181372655074684e-05,5.8823546930848785e-05,0,80,20000.0,20260914
WLS,78,0.08564390694332857,0.22767661137716722,8.203922165997938,12940,0.028308227166736293,6.958312457822338e-05,9.6749220074403e-08,4.8232894218333675e-06,-4.864784684813883e-06,-3.0379712153939405e-05,5.82723179033807e-05,0,75,20000.0,20260914
WLS,79,0.08563441261964042,0.22815791445200911,8.259208874998876,13023,0.0280145203402101,6.956789379865379e-05,9.640748818039447e-08,4.7274770530735315e-06,-4.766846641811655e-06,-2.974634380644388e-05,5.7722687011576e-05,0,76,20000.0,20260914
WLS,80,0.0856251112477113,0.22863532238488893,8.323639415997604,13113,0.02769104080331986,6.952055308162478e-05,9.89723218449305e-08,4.631148276504367e-06,-4.6702236505805765e-06,-2.9038315109440537e-05,5.715438030908203e-05,0,82,20000.0,20260914
WLS,81,0.08561598751619937,0.22910931419060054,8.380831208000018,13201,0.02739793072418602,6.94752535622549e-05,8.47947524053178e-08,4.5440195198256515e-06,-4.579711993008008e-06,-2.840859888643069e-05,5.663685569217153e-05,0,80,20000.0,20260914
WLS,82,0.08560703331741686,0.2295802543994252,8.43675833299858,13285,0.027097462685640426,6.943756652629988e-05,9.425315044637755e-08,4.458523564572459e-06,-4.495675216048791e-06,-2.7759425417473956e-05,5.6124103117548856e-05,0,78,20000.0,20260914
WLS,83,0.08559824116379805,0.23004869867029026,8.496172040999227,13375,0.026845181931359957,6.938533451365804e-05,9.902330918300002e-08,4.3775050360035695e-06,-4.414648584878064e-06,-2.7241036027585055e-05,5.563306520760744e-05,0,82,20000.0,20260914
WLS,84,0.08558959506493863,0.2305358872079302,8.601750082998478,13541,0.028990154185518594,6.930591607230645e-05,8.289049539202659e-08,4.306737258883029e-06,-4.339361599332121e-06,-3.337535312558537e-05,5.5207893446006084e-05,0,157,20000.0,20260914
WLS,85,0.085581096724171,0.2309986462998899,8.65711412499877,13624,0.026367790356169495,6.929187677377172e-05,9.264356802851502e-08,4.23419798968703e-06,-4.2641427779818095e-06,-2.6264677645713243e-05,5.476125143167515e-05,0,77,20000.0,20260914
WLS,86,0.08557276908208986,0.23145430983272225,8.71501645799799,13712,0.025914341522168625,6.944718075374705e-05,9.376483006910975e-08,4.142719012169192e-06,-4.184923068395255e-06,-2.525001274523897e-05,5.414956768611988e-05,0,81,20000.0,20260914
WLS,87,0.08556461594926738,0.23192343446122216,8.81998745799865,13878,0.027754743980225295,6.955721838970333e-05,7.757954182630952e-08,4.058993909143142e-06,-4.094138918725281e-06,-3.036315784792052e-05,5.3602583522293845e-05,0,156,20000.0,20260914
WLS,88,0.08555660866588868,0.23236698464758213,8.871242540997628,13955,0.025258024424567378,6.954047961333094e-05,9.467458633608937e-08,3.98771663525995e-06,-4.019566741215134e-06,-2.3891106512902284e-05,5.313735459147385e-05,0,70,20000.0,20260914
WLS,89,0.0855487326473212,0.23280765421418298,8.927280124997196,14040,0.02504291924347812,6.954359296199868e-05,9.785182831400076e-08,3.924308536222723e-06,-3.951710033547399e-06,-2.3481371644283572e-05,5.2727659928816676e-05,0,77,20000.0,20260914
WLS,90,0.08554099046335718,0.23324625811676092,8.994361957997171,14144,0.024808339757472476,6.959065095243054e-05,9.855475594571313e-08,3.856298569565131e-06,-3.885885391429601e-06,-2.303050211209376e-05,5.229500775075241e-05,0,94,20000.0,20260914
WLS,91,0.08553339100145158,0.23369840211447962,9.095256374999735,14306,0.026782061086357965,6.958482314203648e-05,8.022767848302087e-08,3.781508392900107e-06,-3.8179535186425015e-06,-2.826447789606247e-05,5.182471865112067e-05,0,155,20000.0,20260914
WLS,92,0.08552592378303928,0.2341265912047824,9.14604770799997,14383,0.02428987314119803,6.956975800416846e-05,9.975157346482204e-08,3.7184369541633506e-06,-3.7487814555956596e-06,-2.2032678448475427e-05,5.141287558739314e-05,0,71,20000.0,20260914
WLS,93,0.0855185774279221,0.234570670102663,9.246825457998057,14544,0.025958149932581456,6.956990407795284e-05,7.966242836267367e-08,3.6589482443021124e-06,-3.6874068782088654e-06,-2.634492227894186e-05,5.103463250124431e-05,0,153,20000.0,20260914
WLS,94,0.08551137198159188,0.23498972770374948,9.299873500000103,14624,0.023696527357909638,6.941804059016782e-05,9.681003095370048e-08,3.5805614672758208e-06,-3.6248848543313213e-06,-2.0870824110988976e-05,5.052623429297227e-05,0,76,20000.0,20260914
WLS,95,0.08550434945809395,0.2353981464042456,9.354233457997907,14706,0.023333961844694495,6.905418171143612e-05,9.522759550827715e-08,3.4880509531897946e-06,-3.5344725458814543e-06,-2.0201165270548066e-05,4.993995127907529e-05,0,78,20000.0,20260914
WLS,96,0.08549748002897718,0.23582003236081164,9.45852908300003,14874,0.02536152968648029,6.897002346767877e-05,9.957875025374848e-08,3.4146154335321208e-06,-3.45481368352982e-06,-2.5290930285148472e-05,4.94717401395137e-05,0,156,20000.0,20260914
WLS,97,0.0854907595074341,0.23621080825116403,9.514784540999244,14955,0.02272274107903985,6.902027226941441e-05,8.772306981161206e-08,3.3394609193297543e-06,-3.381060625231777e-06,-1.9095626564166032e-05,4.898965212873423e-05,0,76,20000.0,20260914
WLS,98,0.08548417690234225,0.2366161439595548,9.619675999998435,15123,0.024763340800307884,6.90588409312093e-05,9.792244825526465e-08,3.272906105282708e-06,-3.309698987258819e-06,-2.4078547287766933e-05,4.8571317005353804e-05,0,158,20000.0,20260914
WLS,99,0.0854777227530402,0.23699453773496315,9.671857915996952,15202,0.022267979037810713,6.913219283796284e-05,9.633732200649031e-08,3.209967073220467e-06,-3.24418222840554e-06,-1.833899521937296e-05,4.8150008183969125e-05,0,73,20000.0,20260914
WLS,100,0.08547138241184535,0.2373695525329529,9.72538720800003,15284,0.022048012844989518,6.91766034866852e-05,9.912357817437539e-08,3.153793220041258e-06,-3.1865479746278666e-06,-1.7965402325783537e-05,4.777218983072223e-05,0,75,20000.0,20260914
Poisson,0,3.976167415520907,0.41024070157959003,0.0,0,0.0,0.0820728978665518,0.0,0.0,0.0,0.0,0.0,0,0,20000.0,20260914
Poisson,1,1.3396114658709208,0.32664897005605636,0.023804165997717064,25,2.7897570040579094,0.04348859367943385,8.388099134292587e-08,0.49106077758398226,-2.145495172065999,2.2474187425654777,0.017975486539150442,0,23,20000.0,20260914
Poisson,2,0.6310484845598415,0.27617290836443814,0.046250583000073675,49,1.67903403291782,0.025741350095817565,8.947519738555613e-08,0.1104918922111071,-0.5980710890999759,0.5676052171262653,0.00853940463105474,0,22,20000.0,20260914
Poisson,3,0.3940565596858465,0.24120764713228335,0.06845699999757926,73,1.131131113137664,0.0165441501264304,6.589559303771253e-08,0.02695834412090282,-0.2100335807530939,0.17301904511859245,0.004225690227330865,0,22,20000.0,20260914
Poisson,4,0.29109022034501575,0.21482817653834058,0.08890037499804748,95,0.8412389372390483,0.011385563536401867,6.65487130039168e-08,0.00730041802933845,-0.09566592131149194,0.06758219186447659,0.002209687887445057,0,19,20000.0,20260914
Poisson,5,0.23469683126545574,0.194037366615319,0.10898233300031279,116,0.6677726014298428,0.008578874821854703,4.4210960821363917e-08,0.0023446631426330944,-0.054048725936923094,0.034097376718541024,0.001262542844677367,0,19,20000.0,20260914
Poisson,6,0.19904404339173193,0.17728710772252165,0.12968699999692035,138,0.5489960253910227,0.006753662361192556,5.439003524151389e-08,0.0009546461812052777,-0.03469814169251807,0.020582956078966787,0.0008119015585526401,0,20,20000.0,20260914
Poisson,7,0.17466405359519044,0.16361738955474123,0.1497177909986931,159,0.46154014310497643,0.005510241020106542,5.568103667505093e-08,0.0004903314000493538,-0.023889658396494356,0.013729024611673383,0.0005856834664149305,0,19,20000.0,20260914
Poisson,8,0.15710588612428636,0.15237840006647063,0.16923404099725303,180,0.39510707426604363,0.004651885203971894,9.585367876600165e-08,0.0002944817650166873,-0.017263685705884164,0.009752687464150433,0.0004547088868746474,0,17,20000.0,20260914
Poisson,9,0.14413378481055367,0.14309929700856824,0.19011641599718132,202,0.3413666172825785,0.003986582945162394,7.34951217746182e-08,0.00019542027857254873,-0.012776681035162184,0.007145542943985171,0.000370259199865602,0,17,20000.0,20260914
Poisson,10,0.13433725027718152,0.1354205621713063,0.21030166600030498,224,0.2976480787871621,0.0034391148744017585,3.3273184215731975e-08,0.00014305114928870816,-0.009653483384083412,0.005366815593087715,0.00031720870993707433,0,18,20000.0,20260914
Poisson,11,0.12677543107217076,0.12905742021286953,0.2302097079991654,246,0.2622540051968208,0.0029909299551996206,5.919435002365789e-08,0.00010997267930450918,-0.007451846525707145,0.004122961042922051,0.00027822869126871284,0,17,20000.0,20260914
Poisson,12,0.12082777843410177,0.12378932594988291,0.2490491659991676,266,0.23305288591625659,0.002615274394049915,8.576125225159392e-08,8.787162977846905e-05,-0.005859781008287661,0.0032319702563742125,0.00024832889222962734,0,16,20000.0,20260914
Poisson,13,0.1160790767567284,0.11943914102119872,0.26772254099705606,286,0.20840831006861632,0.002302871998797854,7.593190962768784e-08,7.166412708677155e-05,-0.004677037550281047,0.0025770004920905335,0.00022389857882893445,0,16,20000.0,20260914
Poisson,14,0.11227107408323322,0.11586307879984176,0.28570687499814085,305,0.18670824273617811,0.0020432268881267574,6.74405979153277e-08,6.027529344528934e-05,-0.0037477273800513174,0.0020650042782136002,0.00020599005517212641,0,15,20000.0,20260914
Poisson,15,0.10920035879675392,0.11293634589849318,0.3036245829971449,323,0.16775120234793972,0.001816156893723366,8.592762878945265e-08,5.0142768165100236e-05,-0.0030205725183192525,0.0016636919920203293,0.0001869707581202848,0,16,20000.0,20260914
Poisson,16,0.10668101484596655,0.11055223870027645,0.32143858299968997,341,0.15216723530505377,0.0016285180992285232,7.736745056451588e-08,4.289396372734765e-05,-0.0024764499870582293,0.0013616005757681926,0.00017255180451391922,0,16,20000.0,20260914
Poisson,17,0.10460754067301507,0.10862581520592544,0.33937737499945797,359,0.1378651287908899,0.0014447470102309545,7.569388792063453e-08,3.840705403434238e-05,-0.0020350671189183524,0.0011231344861250452,0.0001636813943888738,0,16,20000.0,20260914
Poisson,18,0.10287449890484195,0.1070809187956123,0.3564932079971186,376,0.1260924284933465,0.0013175300526433477,9.013152380301888e-08,3.464591071384193e-05,-0.00169839585745596,0.0009380767420056418,0.00015596069070302607,0,15,20000.0,20260914
Poisson,19,0.101407818089557,0.10585732060007101,0.3735359159982181,393,0.11601477203822759,0.0012212229167896595,8.532150690341287e-08,3.069555522092342e-05,-0.0014359852600659214,0.0007937094487308529,0.00014645859614565034,0,15,20000.0,20260914
Poisson,20,0.10016107881538117,0.1049062595398491,0.39073124999777065,410,0.10698557698102654,0.0011328972753490581,6.921643674970973e-08,2.718600145023016e-05,-0.0012195532727313988,0.0006744435900776737,0.0001370656624985127,0,15,20000.0,20260914
Poisson,21,0.09908757605066452,0.10418396522021299,0.40792495799905737,427,0.09928364139503262,0.0010527071474547558,6.914907520823473e-08,2.4581845234109483e-05,-0.0010489209194780606,0.0005806406922837694,0.00013019328191306697,0,15,20000.0,20260914
Poisson,22,0.09815863861938558,0.10365569724562233,0.42489724999904865,444,0.09233309288130603,0.0009794517717531363,6.814122810314604e-08,2.2259284290556226e-05,-0.0009066781469900016,0.0005026674292275535,0.00012366191189500507,0,15,20000.0,20260914
Poisson,23,0.09734635758618763,0.10329192135236473,0.4419469999993453,461,0.0863224100433762,0.0009121100059820091,5.572285100588449e-08,2.044106039177459e-05,-0.0007918399728012116,0.00043970310941310363,0.00011849339053139893,0,15,20000.0,20260914
Poisson,24,0.09663306442255595,0.1030684252081544,0.458976874997461,478,0.0808502749343576,0.0008511948997718094,6.835844347523734e-08,1.8735951421525845e-05,-0.0006945572122063931,0.00038645481578362067,0.00011335495945967551,0,15,20000.0,20260914
Poisson,25,0.0960012045931124,0.10296458253522373,0.476517374998366,496,0.07607118113195487,0.0007956584066667186,6.135131938276325e-08,1.7236793607288232e-05,-0.0006146230358445191,0.0003425185995030197,0.00010864452613430476,0,15,20000.0,20260914
Poisson,26,0.09544159274632129,0.10296236467515923,0.49409299999751966,514,0.07156483187349941,0.0007432971595661029,4.907449417521819e-08,1.5750945037007542e-05,-0.0005438609017543363,0.0003035355887369991,0.00010366262092774267,0,15,20000.0,20260914
Poisson,27,0.09494188267705811,0.10304529394257421,0.5104857909973362,530,0.06759267035113004,0.00069539502300403,6.558578475827231e-08,1.4638095798704945e-05,-0.0004850719734633781,0.0002712716150033523,9.983382200074738e-05,0,14,20000.0,20260914
Poisson,28,0.09449569128577114,0.10320136332362095,0.5278401659998053,547,0.06376691122138439,0.0006435604734751714,4.2104822031599314e-08,1.3736582873144815e-05,-0.00043245480841627997,0.00024288044295117764,9.67281365116641e-05,0,15,20000.0,20260914
Poisson,29,0.09409881573528188,0.10341894301924753,0.5446226249987376,564,0.06006370298759405,0.0005942342216701575,6.32698441753072e-08,1.2774902124596616e-05,-0.00038410064836562216,0.00021649312966016054,9.308564352323169e-05,0,14,20000.0,20260914
Poisson,30,0.09373994929233699,0.10368686104018987,0.5613847079985135,581,0.05714765228244815,0.0005572964026408891,5.790227027292999e-08,1.1959264157977461e-05,-0.0003469071787807094,0.00019557373487510838,9.004814806587118e-05,0,14,20000.0,20260914
Poisson,31,0.09341338789607899,0.10399782468290718,0.5771586249975371,596,0.054461699044463914,0.0005286840663838078,7.143113665787539e-08,1.1159142723866245e-05,-0.0003154022535375672,0.00017825756311751353,8.685365748861615e-05,0,13,20000.0,20260914
Poisson,32,0.09311635240057234,0.10434501930189599,0.5935383750002075,612,0.05189872308134822,0.0005017248010621071,5.942722549083165e-08,1.0389434142989413e-05,-0.0002866460613649207,0.0001623616226329273,8.361635274494593e-05,0,14,20000.0,20260914
Poisson,33,0.09284574941403949,0.1047226242919549,0.6099509159976151,628,0.04954095669929488,0.0004766017393912205,5.3613481716670225e-08,9.683139878341801e-06,-0.0002609198466547592,0.00014788766699877967,8.060151761731144e-05,0,14,20000.0,20260914
Poisson,34,0.0925978877034247,0.10512558156486354,0.6256108749985287,643,0.04735844362414874,0.00045359092367963346,6.690852515427398e-08,9.01203242307218e-06,-0.00023884967818936972,0.0001357206014897075,7.765823304422306e-05,0,13,20000.0,20260914
Poisson,35,0.09237088422850293,0.10554901221723698,0.6419454999995651,659,0.04533421172715018,0.0004340196958052295,4.910665428294488e-08,8.451064028739627e-06,-0.00021855241089259177,0.00012424393727566795,7.5139329200293e-05,0,14,20000.0,20260914
Poisson,36,0.09216079359856134,0.10598949220549109,0.6576933750002354,674,0.043609837608481604,0.0004166737331382323,9.570720087226316e-08,8.010294503504033e-06,-0.0002020803354430999,0.00011499973312967428,7.311788545435338e-05,0,13,20000.0,20260914
Poisson,37,0.09196567136017016,0.10644432353493491,0.6733384159997513,689,0.04200287254572091,0.0004033656327007094,6.056042935059395e-08,7.600598846654622e-06,-0.0001875216395415877,0.00010691017328658393,7.119608114598333e-05,0,13,20000.0,20260914
Poisson,38,0.09178354931351562,0.10691105301521635,0.6889762909995625,704,0.040572703794972034,0.00039419737890693284,7.326705703685529e-08,7.23260323310586e-06,-0.00017488944342094957,9.981483199280732e-05,6.943695293411319e-05,0,13,20000.0,20260914
Poisson,39,0.09161320726624278,0.10738735937344225,0.7055379999983415,721,0.039210428469813804,0.00038534404911555264,5.2330692212144763e-08,6.869818763293921e-06,-0.0001634722285067134,9.346916223352305e-05,6.762759056512654e-05,0,13,20000.0,20260914
Poisson,40,0.09145382466187374,0.10787123872716171,0.7215859579991957,737,0.037921670325782655,0.000376823524485172,5.1033021308306706e-08,6.541762907125512e-06,-0.00015284084146025657,8.747995035417325e-05,6.597343880821505e-05,0,13,20000.0,20260914
Poisson,41,0.09130392727372734,0.10836121484615388,0.7376550409971969,753,0.03676338621188254,0.00036869370801824425,6.708666982703406e-08,6.2446965945511845e-06,-0.00014365269155726206,8.23200598581982e-05,6.445637824284271e-05,0,13,20000.0,20260914
Poisson,42,0.09116338732599427,0.10885656650254932,0.7542980409998563,770,0.03553594787305249,0.0003607284897756407,4.323355125449371e-08,5.901006832936026e-06,-0.00013463894089056977,7.739976817125247e-05,6.256126428269868e-05,0,14,20000.0,20260914
Poisson,43,0.09103266303136491,0.10935551934117013,0.7704400829970837,786,0.03427921236655735,0.0003525285018535288,6.362796703271922e-08,5.605496760415435e-06,-0.00012511879787771018,7.197107460578438e-05,6.0951799516169835e-05,0,13,20000.0,20260914
Poisson,44,0.09090941821745094,0.10985618489556365,0.7865548749978188,802,0.03328213359437418,0.00034498409126462607,5.7994704799630835e-08,5.3675758536263195e-06,-0.00011787723805617228,6.785979308428393e-05,5.9640762317625825e-05,0,13,20000.0,20260914
Poisson,45,0.09079280510955824,0.11035787918734385,0.802606499997637,818,0.032364743416199056,0.00033786913674590044,9.262502657015112e-08,5.1423374526657685e-06,-0.0001114707704392773,6.423927707287629e-05,5.837371318153404e-05,0,13,20000.0,20260914
Poisson,46,0.09068224956055929,0.11085976487483817,0.819249749998562,835,0.031503421136425215,0.0003310868793855875,4.1049339501636256e-08,4.9307305161709975e-06,-0.00010562481848961474,6.0932271834007546e-05,5.7157577639560955e-05,0,14,20000.0,20260914
Poisson,47,0.09057725846742776,0.11136130248267197,0.8352823329987586,851,0.03068882869267904,0.00032454665388303625,9.85539298649234e-08,4.7333893239984034e-06,-0.0001002577038003792,5.790088280509897e-05,5.600357398516674e-05,0,13,20000.0,20260914
Poisson,48,0.09047760383583062,0.11186166664367128,0.851484666000033,867,0.029886883343638586,0.00031831654093028485,7.772747413947715e-08,4.538868321462576e-06,-9.511576327316787e-05,5.49933417973272e-05,5.484020664765731e-05,0,13,20000.0,20260914
Poisson,49,0.09038276101141339,0.11236021829391625,0.8675044999981765,883,0.0291489082776266,0.00031239893346551607,7.844564010359841e-08,4.370209103511484e-06,-9.047261531817205e-05,5.235988172835226e-05,5.379211781503351e-05,0,13,20000.0,20260914
Poisson,50,0.090292278242059,0.11285678309292108,0.8835232499986887,899,0.028464219327165037,0.00030671021438873297,8.005019858916929e-08,4.206864822163039e-06,-8.62759045314561e-05,4.997218025914081e-05,5.2770487030364176e-05,0,13,20000.0,20260914
Poisson,51,0.09020596885873879,0.11335117140507533,0.8995240410004044,915,0.027784295504364745,0.00030124550442762863,6.40853933737192e-08,4.06441375915592e-06,-8.224496956433593e-05,4.7711029486522386e-05,5.192344503696031e-05,0,13,20000.0,20260914
Poisson,52,0.09012341659644679,0.11384298575035577,0.9155738329973246,931,0.027167723600086204,0.00029597762284018026,5.1342470802439146e-08,3.922338999378008e-06,-7.862992328809134e-05,4.564800201145926e-05,5.100954373447962e-05,0,13,20000.0,20260914
Poisson,53,0.09004432300920874,0.1143320534544309,0.9315638329971989,947,0.02658661400930312,0.0002908508077565247,5.5653908828549246e-08,3.788131171305607e-06,-7.530545607089162e-05,4.3751185014068514e-05,5.012892409137741e-05,0,13,20000.0,20260914
Poisson,54,0.08996845687332757,0.11481819803712796,0.9468979579978622,962,0.026031797237929682,0.0002858207834166472,9.448106867687339e-08,3.660281207621512e-06,-7.220585466303521e-05,4.198341250934102e-05,4.927791774890973e-05,0,12,20000.0,20260914
Poisson,55,0.08989575084119283,0.11530105445653525,0.9623196659995301,977,0.025469091473374592,0.00028082487761477956,6.561539685258038e-08,3.527982363932021e-06,-6.917804977774209e-05,4.027230111077503e-05,4.836717766761096e-05,0,12,20000.0,20260914
Poisson,56,0.08982608603972235,0.11578034649410099,0.9776590000001306,992,0.02492023582891665,0.0002757978459838981,5.0725791475858726e-08,3.4016411041418075e-06,-6.626316036741527e-05,3.8613893782043207e-05,4.746888872407288e-05,0,12,20000.0,20260914
Poisson,57,0.089759417348108,0.11625583668590825,0.9930681659971015,1007,0.024381673938236738,0.00027060253671895286,3.342226946169115e-08,3.2820651353819315e-06,-6.338662648016419e-05,3.6945390412830326e-05,4.6606642467892486e-05,0,12,20000.0,20260914
Poisson,58,0.08969528040152457,0.11672755783615567,1.0082631659970502,1022,0.023910790130258812,0.0002657145570956075,6.629004437425938e-08,3.17685572058159e-06,-6.0960090858453755e-05,3.555065235076494e-05,4.58457832652472e-05,0,12,20000.0,20260914
Poisson,59,0.08963350979780361,0.11719548540791423,1.0235880829968664,1037,0.02346123929065539,0.0002610232774522256,7.103215566418405e-08,3.0752735142865625e-06,-5.869533021000895e-05,3.4249116268281275e-05,4.509346599302356e-05,0,12,20000.0,20260914
Poisson,60,0.08957402388726983,0.11765953501332921,1.0389367499992659,1052,0.023018634878781506,0.00025640497048919926,7.241311445020676e-08,2.9709755048038488e-06,-5.651493502980889e-05,3.299303294965245e-05,4.42962356140756e-05,0,12,20000.0,20260914
Poisson,61,0.08951675948513106,0.11811974138198432,1.054146957998455,1067,0.02258701144166465,0.00025186443204875113,3.802888853116342e-08,2.867808870287525e-06,-5.439659327285986e-05,3.175574784547356e-05,4.3488125998501e-05,0,12,20000.0,20260914
Poisson,62,0.08946151796349015,0.11857602891184521,1.068846999998641,1081,0.02217780097728317,0.00024749961398615975,9.175004532437515e-08,2.780296245321519e-06,-5.2461225388329926e-05,3.064877883150945e-05,4.282292564481509e-05,0,11,20000.0,20260914
Poisson,63,0.08940855339751397,0.11902827930574338,1.0841206249970128,1096,0.02170021500589737,0.00024280411342938253,6.529328118650026e-08,2.688525721678168e-06,-5.0276040257524925e-05,2.9419599411076476e-05,4.21359791787817e-05,0,12,20000.0,20260914
Poisson,64,0.08935742227659975,0.11947646508983609,1.0986712079975405,1110,0.021322513397951236,0.00023839660962740797,7.344840567756976e-08,2.6140874064289882e-06,-4.8517033511100304e-05,2.839864203392851e-05,4.155142628413755e-05,0,11,20000.0,20260914
Poisson,65,0.08930798854725694,0.11992060973480724,1.1131529579979542,1124,0.02096298643133884,0.00023427279817471452,6.331750972236047e-08,2.5417035310000775e-06,-4.689202580531365e-05,2.7461389336785058e-05,4.096702604162604e-05,0,11,20000.0,20260914
Poisson,66,0.0892601791836579,0.12036078349972282,1.1271335829987947,1137,0.02060966977402506,0.0002303480871370871,8.62637244537594e-08,2.470394886363327e-06,-4.5338968709002416e-05,2.6571439189317537e-05,4.0392737288141864e-05,0,10,20000.0,20260914
Poisson,67,0.08921392540657834,0.12079699686203625,1.1417249999976775,1151,0.02026973189083264,0.00022670437742514465,6.774241538816674e-08,2.4038507042678956e-06,-4.384992638030301e-05,2.5710675533251577e-05,3.98400096984273e-05,0,11,20000.0,20260914
Poisson,68,0.08916914454094485,0.1212293254865986,1.1563672079973912,1165,0.019937324488440263,0.00022324129542002194,7.075158438301405e-08,2.3317462610978146e-06,-4.244911937708676e-05,2.4906020245621716e-05,3.9236647686497224e-05,0,11,20000.0,20260914
Poisson,69,0.08912579913740568,0.1216576645400645,1.1717428749980172,1180,0.019617970213378196,0.0002200532111511656,4.309736636484995e-08,2.2677491265767325e-06,-4.107765440780616e-05,2.410216577452478e-05,3.8708129157172183e-05,0,12,20000.0,20260914
Poisson,70,0.0890837510749886,0.12208210180844332,1.1864984999992885,1194,0.019320169274381942,0.0002170335233551546,4.814588891277523e-08,2.2053381644849076e-06,-3.9842724256145626e-05,2.338461537753577e-05,3.817931818321404e-05,0,11,20000.0,20260914
Poisson,71,0.08904290183526768,0.12250264346577372,1.2011228329974983,1208,0.019042965732489512,0.00021411250744629744,5.057906114212975e-08,2.148293234314334e-06,-3.8700946485783377e-05,2.271751252648076e-05,3.768276670372982e-05,0,11,20000.0,20260914
Poisson,72,0.08900322850787479,0.12291926255682996,1.2157259159976093,1222,0.01875950385972692,0.00021123667678641823,5.6932214198677936e-08,2.0929803424893692e-06,-3.758034704540064e-05,2.2077378139739074e-05,3.719812487521857e-05,0,11,20000.0,20260914
Poisson,73,0.08896467635556787,0.12333194654953902,1.2304302499978803,1236,0.018494585829854242,0.00020841999353781032,5.6927296292548404e-08,2.042185179569954e-06,-3.650996712932368e-05,2.1449667056022067e-05,3.6746635372217415e-05,0,11,20000.0,20260914
Poisson,74,0.08892714542304879,0.12374083900298384,1.2450108329976501,1250,0.01824672585124815,0.00020570395808590725,8.943756513324775e-08,1.9939656091395757e-06,-3.553696691332705e-05,2.0883782304553304e-05,3.6312816048222066e-05,0,11,20000.0,20260914
Poisson,75,0.08889063359516053,0.12414591592418843,1.2596599159987818,1264,0.017995820739713002,0.00020223539371485392,7.618031671053059e-08,1.9419610509735917e-06,-3.456986683655453e-05,2.0319349683466675e-05,3.583870718055644e-05,0,11,20000.0,20260914
Poisson,76,0.08885532948869641,0.12454359112978514,1.2742322079975565,1278,0.017666012492647043,0.00019893268838332053,6.420156489030608e-08,1.88787077917791e-06,-3.341623568488083e-05,1.9699706594597122e-05,3.5373260963553455e-05,0,11,20000.0,20260914
Poisson,77,0.08882109428678232,0.12493562334395608,1.2892597909994947,1293,0.01741353540246504,0.0001959118995186913,3.725465214144167e-08,1.8421032260611972e-06,-3.239309868496546e-05,1.9073641153444964e-05,3.49537200543877e-05,0,11,20000.0,20260914
Poisson,78,0.08878773134541233,0.12532390122437465,1.303100707998965,1306,0.017190345122094306,0.00019307658218451,9.774584976494414e-08,1.8006265802116352e-06,-3.156231479199527e-05,1.8587543099155387e-05,3.45662639105744e-05,0,10,20000.0,20260914
Poisson,79,0.08875520395541217,0.12570844979459278,1.3176439579983708,1320,0.016972716929006954,0.00019033151545353027,7.667934305773013e-08,1.759660445117777e-06,-3.0767729559220394e-05,1.812373400255162e-05,3.417893963965566e-05,0,11,20000.0,20260914
Poisson,80,0.08872352953759396,0.12608935096186136,1.332243999997445,1334,0.016745407958278617,0.00018774666789000868,7.78266759674982e-08,1.7207813796965783e-06,-2.9953636432413412e-05,1.765398343374697e-05,3.380707609670527e-05,0,11,20000.0,20260914
Poisson,81,0.08869260123959405,0.12646673147032605,1.3469282909973117,1348,0.01654668967006068,0.0001852733599547253,7.975860162626623e-08,1.6836616414405155e-06,-2.9244636364119775e-05,1.723865104805128e-05,3.3447352075717566e-05,0,11,20000.0,20260914
Poisson,82,0.0886623932581773,0.1268407256779339,1.3614582079972024,1362,0.016351415190811423,0.0001828876949239353,8.372051145905979e-08,1.6466643772973548e-06,-2.8561317040096314e-05,1.6839542479628925e-05,3.3079871815593255e-05,0,11,20000.0,20260914
Poisson,83,0.08863287370466509,0.12721142253507012,1.3754198329988867,1375,0.01616490160531174,0.00018057856248659732,9.0346380992886e-08,1.6119327112782327e-06,-2.7907620794332822e-05,1.645435131674341e-05,3.2732393244757976e-05,0,10,20000.0,20260914
Poisson,84,0.08860400279863667,0.12757886025194756,1.389354540999193,1388,0.01598587168706557,0.00017835025350510005,9.194082454057112e-08,1.5791893332910873e-06,-2.7291716692911263e-05,1.6093501348653012e-05,3.2403883377202674e-05,0,10,20000.0,20260914
Poisson,85,0.08857575162280447,0.1279431090932663,1.4031961250002496,1401,0.01581297719716148,0.00017619369103936814,8.003179011983186e-08,1.5476057019651956e-06,-2.670357013331095e-05,1.5748663440305486e-05,3.20839510780738e-05,0,10,20000.0,20260914
Poisson,86,0.08854809375683047,0.12830424485251457,1.4170620829972904,1414,0.015645623909103668,0.00017409887600223657,7.348256795925315e-08,1.517043863622903e-06,-2.614082211463293e-05,1.54185885987454e-05,3.1771702487889736e-05,0,10,20000.0,20260914
Poisson,87,0.08852100803875433,0.1286623371682841,1.4309648329981428,1427,0.015482953427932813,0.00017202963528145483,7.607212008693489e-08,1.4873253200207787e-06,-2.5598392757171422e-05,1.5099625733559533e-05,3.14664393066201e-05,0,10,20000.0,20260914
Poisson,88,0.08849446950935362,0.12901739296339146,1.444920165999065,1440,0.015324779507958646,0.0001700244902235913,7.758938501912837e-08,1.4588646464403085e-06,-2.5079664756268384e-05,1.4796086052332869e-05,3.117033544286192e-05,0,10,20000.0,20260914
Poisson,89,0.08846858832511693,0.12936662812142327,1.4587342079976224,1453,0.015133092093235073,0.00016793410837248184,7.875416437599047e-08,1.4250965852316467e-06,-2.4456087650735005e-05,1.4430660421570142e-05,3.084551743248645e-05,0,10,20000.0,20260914
Poisson,90,0.08844321503736151,0.1297129426075255,1.4725962499978777,1466,0.01498397823680318,0.00016591539926721902,7.073145451614882e-08,1.3986218885780627e-06,-2.3974665863997496e-05,1.4147307565376232e-05,3.056475328352209e-05,0,10,20000.0,20260914
Poisson,91,0.08841840346849415,0.13005465094882943,1.4865990830003284,1479,0.014808679185178836,0.0001640239048542211,7.372832540530015e-08,1.3678640948478809e-06,-2.3443704773459918e-05,1.3846719906878137e-05,3.025538941482554e-05,0,10,20000.0,20260914
Poisson,92,0.08839410648105747,0.13039260596723382,1.500459040998976,1492,0.014662018908555478,0.00016222307314539626,7.439515533741979e-08,1.3415197598602265e-06,-2.2955467681366944e-05,1.3548247512939153e-05,2.9976604281908484e-05,0,10,20000.0,20260914
Poisson,93,0.08837029701495239,0.13072694994336934,1.5143188330002886,1505,0.014507224174398408,0.00016037930567876154,7.501944707319894e-08,1.3165195004505189e-06,-2.249294660173568e-05,1.328648844277224e-05,2.9707915833341312e-05,0,10,20000.0,20260914
Poisson,94,0.08834697640853702,0.1310572584249032,1.5281181659993308,1518,0.014361548500589271,0.00015845096327899683,7.465147490689811e-08,1.2932760599462366e-06,-2.2027330354851914e-05,1.3007902648630696e-05,2.9452467232383983e-05,0,10,20000.0,20260914
Poisson,95,0.08832408081870008,0.1313849325561961,1.542025915998238,1531,0.014230140926107767,0.00015659346413851203,7.649563508762257e-08,1.2708436318159978e-06,-2.1624746204697105e-05,1.2770744298093816e-05,2.9203272912362168e-05,0,10,20000.0,20260914
Poisson,96,0.08830159313655493,0.13171004591913807,1.556005415997788,1544,0.014102832709471103,0.0001547921498422899,7.510285938383364e-08,1.2492448022603721e-06,-2.1238437335746992e-05,1.2543187623581112e-05,2.8961211594644295e-05,0,10,20000.0,20260914
Poisson,97,0.08827952226868956,0.13203256850441913,1.5698908749982365,1557,0.013968075577956379,0.00015302737146127368,7.52989277380401e-08,1.2279075515395658e-06,-2.0842960319535747e-05,1.2315511097800748e-05,2.8721383271063058e-05,0,10,20000.0,20260914
Poisson,98,0.08825784385930169,0.13235258200390215,1.583859708000091,1570,0.013845441320366195,0.00015132099372361783,7.488805930255414e-08,1.2075854435681657e-06,-2.0470823943414495e-05,1.2093597120082843e-05,2.848900676887955e-05,0,10,20000.0,20260914
Poisson,99,0.08823653368630624,0.13267017384462867,1.5977895409996563,1583,0.013727581353468108,0.00014965093056709333,7.550735216335533e-08,1.1876699217874145e-06,-2.012250307349724e-05,1.188784850464364e-05,2.8260389835341187e-05,0,10,20000.0,20260914
Poisson,100,0.08821557722794804,0.1329853989669013,1.6116948329981824,1596,0.013613088479951988,0.00014802447530100167,7.601283144611473e-08,1.1685279169697144e-06,-1.978793044114741e-05,1.1690649460051068e-05,2.803718793557454e-05,0,10,20000.0,20260914
SIRT,0,6.300791468244728,0.41931033361812986,0.0,0,0.0,0.08765492612599911,0.0,0.0,0.0,0.0,0.0,0,0,1000.0,20260910
SIRT,1,4.2592774641848665,0.3926643732863569,0.001988083000469487,1,1.7967683649191195,0.05525395481279805,nan,0.40874228006739655,-1.632771723992463,1.8800951762011548,0.017112269384352223,0,1,1000.0,20260910
SIRT,2,3.645312884727478,0.38020008206254835,0.003426958002819447,2,0.9782897574938311,0.044557105206088826,nan,0.09136489329318244,-0.5225996861642033,0.5661120369765216,0.007958775922535714,0,1,1000.0,20260910
SIRT,3,3.3898419675713423,0.3725000435905704,0.004872000001341803,3,0.5932912396196037,0.03915033111545997,nan,0.026909097849548737,-0.2285618193065888,0.23787119240566748,0.004277910420325026,0,1,1000.0,20260910
SIRT,4,3.252279691526732,0.3666694937895352,0.006307542000286048,4,0.4044846696404791,0.03577388096783525,nan,0.009481357409819985,-0.12808091863479115,0.12938188364590186,0.002546857252942443,0,1,1000.0,20260910
SIRT,5,3.1610070367748624,0.36173087242974933,0.007729375000053551,5,0.31268221377820365,0.03334507296006088,nan,0.003962010842155341,-0.08731064390971222,0.08638414641120772,0.0016609615418377132,0,1,1000.0,20260910
SIRT,6,3.0900495285408125,0.35733827008436914,0.009152708000328857,6,0.2669438071178043,0.031520398074626754,nan,0.0019697570002697325,-0.0689877512337781,0.06739455842612252,0.0011788357282567835,0,1,1000.0,20260910
SIRT,7,3.029822057179645,0.353339523345968,0.010581167000054847,7,0.24147628386263295,0.030079524303397682,nan,0.0011712960470876914,-0.059056175314079015,0.05731193157776234,0.0009124087941151577,0,1,1000.0,20260910
SIRT,8,2.976660857243027,0.34965825448067783,0.011997249999694759,8,0.22465458127796165,0.02883811556458356,nan,0.0008127230648845197,-0.05234847687172589,0.05063771589215891,0.0007569300796033561,0,1,1000.0,20260910
SIRT,9,2.9287320758608058,0.3462422577214823,0.013411833002464846,9,0.21185526583802378,0.027735209668757765,nan,0.00061045682594686,-0.04731832455628059,0.045684648699056356,0.0006536674966597414,0,1,1000.0,20260910
SIRT,10,2.885220392432274,0.34306559392279135,0.014853417000267655,10,0.2008056156855089,0.026714200861682535,nan,0.00049165261908953,-0.04302003080944037,0.041495538663989806,0.0005852628375309968,0,1,1000.0,20260910
SIRT,11,2.8451732491001627,0.34010439297065703,0.016288958002405707,11,0.19190670304341487,0.025772128302801945,nan,0.00040317423627932045,-0.03964396909582658,0.03820573419846179,0.0005281401523021886,0,1,1000.0,20260910
SIRT,12,2.808034692966671,0.3373399040512932,0.01767808300064644,12,0.1842056233189874,0.024888424430177757,nan,0.0003412951418647365,-0.036797260991634315,0.035441970550374985,0.0004844705943659101,0,1,1000.0,20260910
SIRT,13,2.773362854575365,0.33475719048114366,0.019079000001511304,13,0.17737840992956683,0.024042620163128477,nan,0.00029313227465196777,-0.03437870611665183,0.03309868337584898,0.00044885109206978415,0,1,1000.0,20260910
SIRT,14,2.740871432742407,0.3323424288958795,0.020476958001381718,14,0.17116197440496153,0.023245019967467737,nan,0.00025484864513316966,-0.03223657318782179,0.031026600758847486,0.00041812460402691786,0,1,1000.0,20260910
SIRT,15,2.710457833948081,0.3300813630898915,0.02188058300089324,15,0.16535988665513754,0.02247150271190963,nan,0.00022351936362882409,-0.03019007943069569,0.02904640418859593,0.0003916575115860845,0,1,1000.0,20260910
SIRT,16,2.6817669349030053,0.3279653472734904,0.023296458002732834,16,0.16010978589323194,0.021738671810362646,nan,0.0001984436717578365,-0.02849245537331971,0.027409141868136994,0.00036940234506283986,0,1,1000.0,20260910
SIRT,17,2.6547131777903843,0.32598743924531537,0.024680792001163354,17,0.15535902379292973,0.021039171192223337,nan,0.00017817470014293527,-0.02687558241247915,0.02584693579892643,0.0003497204591974681,0,1,1000.0,20260910
SIRT,18,2.6290813099632206,0.324132800200252,0.026063042001624126,18,0.15084929142358355,0.02037051004124712,nan,0.0001621322889051397,-0.025469735538253352,0.024494092391013782,0.0003337160229979833,0,1,1000.0,20260910
SIRT,19,2.604878651573457,0.32238200211379214,0.027447042000858346,19,0.14627596301917045,0.019723152986390095,nan,0.00014629084798291887,-0.024056367541782805,0.023132825521904144,0.0003169259513163593,0,1,1000.0,20260910
SIRT,20,2.581931958936156,0.3207437734427942,0.028833083000790793,20,0.14228314426125283,0.019111704465004785,nan,0.00013287108682386267,-0.022813821550478914,0.021934467980258,0.000303268701360411,0,1,1000.0,20260910
SIRT,21,2.5602495218303445,0.3192147955628363,0.030221208002330968,21,0.13814725902794373,0.018858504639711587,nan,0.00012299948693727058,-0.021559437618877367,0.020728203846964614,0.00029114770203732704,0,1,1000.0,20260910
SIRT,22,2.5396211686390666,0.31778581117213206,0.03160145800211467,22,0.13469647203777937,0.01861524744792496,nan,0.00011445629191173911,-0.02051389689935796,0.019721196212306655,0.000280831932622902,0,1,1000.0,20260910
SIRT,23,2.519983245913586,0.31645402687984414,0.03300270800173166,23,0.1312394490118255,0.018103606162982656,nan,0.00010646204903018094,-0.01953146067645543,0.01877673307663444,0.0002705854343877129,0,1,1000.0,20260910
SIRT,24,2.5012509309305826,0.3152144706349324,0.03440887500255485,24,0.1281375292180742,0.018046704207235087,nan,9.928348855491802e-05,-0.018633031494448664,0.017911353663297564,0.0002608788581135916,0,1,1000.0,20260910
SIRT,25,2.48331973870212,0.31405919858547793,0.035797792002995266,25,0.12522187231860757,0.01797863724176847,nan,9.34583619238096e-05,-0.017837733866535598,0.017147166363113517,0.00025321573360147237,0,1,1000.0,20260910
SIRT,26,2.4661013292681364,0.31297799496275985,0.03718470800231444,26,0.12237276975527403,0.017897643740414474,nan,8.812498544626015e-05,-0.017130284448538376,0.01646965469510492,0.0002460927839978878,0,1,1000.0,20260910
SIRT,27,2.4495384924104466,0.31197359699029714,0.03856862500106217,27,0.11981603998061023,0.017811704832000858,nan,8.318405456288898e-05,-0.016479652803126115,0.01584504268585802,0.00023894559037054407,0,1,1000.0,20260910
SIRT,28,2.433713112731669,0.31103976050323046,0.03995425000175601,28,0.11711623449277807,0.01773121044374673,nan,7.795538754782003e-05,-0.015747424291226633,0.01513956905968936,0.00023084721709196724,0,1,1000.0,20260910
SIRT,29,2.418450945247197,0.31017811555035846,0.04134466700270423,29,0.11482793208889565,0.017638479601283577,nan,7.416182715993833e-05,-0.015188005657310296,0.014602894785081354,0.00022521648713811672,0,1,1000.0,20260910
SIRT,30,2.4037996047850503,0.3093858322141304,0.04275495800175122,30,0.1123909985566443,0.01754528086221733,nan,7.029176863663938e-05,-0.01458104869351404,0.014019753634318686,0.00021967759453893484,0,1,1000.0,20260910
SIRT,31,2.389764551145642,0.30865654888312094,0.04413945800115471,31,0.11001471149452996,0.01744866097708441,nan,6.694270606253741e-05,-0.013968110933343776,0.013429891802147036,0.00021484660226925417,0,1,1000.0,20260910
SIRT,32,2.3762667723683117,0.30798054584965795,0.04553045800275868,32,0.10776525620102786,0.01734658201390623,nan,6.401972113452411e-05,-0.013433759056196646,0.012917111255126613,0.00021014403673253135,0,1,1000.0,20260910
SIRT,33,2.363209436733282,0.3073605215613894,0.046912333000364015,33,0.1057096363067068,0.01723588112189,nan,6.128022862439171e-05,-0.012996055406401905,0.012498609274625054,0.00020566514652114342,0,1,1000.0,20260910
SIRT,34,2.3506563428583744,0.3067832208836429,0.04829408300065552,34,0.10339433829825348,0.01712361624910772,nan,5.847807747818452e-05,-0.012494615797431202,0.012018574415300754,0.00020138053497698255,0,1,1000.0,20260910
SIRT,35,2.338537014551668,0.30625328844691224,0.04967650000253343,35,0.1014814508318588,0.017010040088827148,nan,5.621925617656617e-05,-0.012063109050536478,0.01160440406355953,0.00019747747917558037,0,1,1000.0,20260910
SIRT,36,2.3268546097435863,0.3057717895977229,0.05106050000176765,36,0.09957725808307562,0.016898135040999993,nan,5.3856617840947905e-05,-0.01162854819023902,0.01118662329171452,0.00019322098265415696,0,1,1000.0,20260910
SIRT,37,2.3155854222541663,0.3053368643569659,0.052455042001383845,37,0.0977830333332498,0.016783168956302982,nan,5.166186097025691e-05,-0.011217525628442923,0.010791111409027391,0.0001887798698540087,0,1,1000.0,20260910
SIRT,38,2.3047250042502427,0.3049440544176074,0.05383845800315612,38,0.09594053512525162,0.016666443159055702,nan,4.922243385216931e-05,-0.010811195570069024,0.010400188689917584,0.00018442868279366575,0,1,1000.0,20260910
SIRT,39,2.2942677037042527,0.30458903600633574,0.05522016699978849,39,0.09405257429625047,0.016544403786272085,nan,4.711506813334533e-05,-0.010410185477859204,0.010015006209402448,0.00018053562388135788,0,1,1000.0,20260910
SIRT,40,2.284131076386325,0.3042773153475686,0.05660037500274484,40,0.09250767477170876,0.016418646554294685,nan,4.528861086217189e-05,-0.010091338707058747,0.009708743823344114,0.00017701409060619295,0,1,1000.0,20260910
SIRT,41,2.2742915300462636,0.30400681682407393,0.0579933750013879,41,0.09104889826672273,0.0162921549628033,nan,4.374356426531689e-05,-0.009795802775800189,0.009425051246282366,0.00017394532275521242,0,1,1000.0,20260910
SIRT,42,2.264790606481209,0.3037667503830629,0.05938154199975543,42,0.0893699360511755,0.016165326545282622,nan,4.2069285067431974e-05,-0.009458854279992693,0.00910157429156516,0.00017069995240397772,0,1,1000.0,20260910
SIRT,43,2.2556427589098313,0.30356114262558975,0.06076891700286069,43,0.08762238618278628,0.01604813499515572,nan,4.053290640090415e-05,-0.009107314664976223,0.008763963443359276,0.00016761674821271104,0,1,1000.0,20260910
SIRT,44,2.24679419675919,0.30338967315086174,0.06215495800279314,44,0.08622529466435462,0.01593503819788756,nan,3.9297399837463973e-05,-0.00880926475079799,0.008476822078643819,0.00016513245966329608,0,1,1000.0,20260910
SIRT,45,2.23821891436272,0.30324599602271435,0.06353412500175182,45,0.08463244767956704,0.015819062651505744,nan,3.774236141745682e-05,-0.008537540035058801,0.008217149836458031,0.00016205921866582773,0,1,1000.0,20260910
SIRT,46,2.2299432040265863,0.3031248207205283,0.0649171250006475,46,0.08314354841782713,0.015702474853913552,nan,3.626330537930531e-05,-0.008239447030751404,0.007930067853958346,0.00015905245962866837,0,1,1000.0,20260910
SIRT,47,2.2219509095222794,0.3030304875384812,0.06630179200146813,47,0.08179229795645547,0.015599556557572399,nan,3.4888774935968126e-05,-0.00795740572937413,0.007657795504057061,0.00015548606664932563,0,1,1000.0,20260910
SIRT,48,2.2141926423397154,0.30296460297443223,0.0676848750008503,48,0.0805502467251911,0.015503551697343021,nan,3.383715482008071e-05,-0.0077244300277443355,0.0074338500701895465,0.00015306349351335862,0,1,1000.0,20260910
SIRT,49,2.2066622982567905,0.30292553802223443,0.06906612500097253,49,0.07937503742056981,0.015407693396443408,nan,3.276617158953035e-05,-0.007497577911329396,0.007215324254649013,0.00015054467991755183,0,1,1000.0,20260910
SIRT,50,2.19935233776011,0.30291072323061113,0.07044979200145463,50,0.07817683740632808,0.015312971161617141,nan,3.179179501080183e-05,-0.007278168701674609,0.0070043796013378725,0.0001482418290994003,0,1,1000.0,20260910
SIRT,51,2.1922755901633044,0.302922038865662,0.0718341669999063,51,0.07693980469725287,0.015233789218344996,nan,3.082569742082104e-05,-0.00704592189938549,0.006780760919462862,0.0001458988338579599,0,1,1000.0,20260910
SIRT,52,2.1854439228860154,0.3029529619793308,0.0732169580005575,52,0.07550143995261283,0.015150489318429161,nan,3.0057937267939825e-05,-0.006801609340018215,0.0065466439055431105,0.00014422512094069878,0,1,1000.0,20260910
SIRT,53,2.1788005238549135,0.30300716174036024,0.07459916700099711,53,0.07441522396009256,0.01506231019005984,nan,2.9408071582446968e-05,-0.00661399095951405,0.0063665177532503565,0.00014263083276611928,0,1,1000.0,20260910
SIRT,54,2.172353301509255,0.30308647248860127,0.07598258300276939,54,0.07336349961838387,0.014974513704207902,nan,2.8453130233281313e-05,-0.0064187692154301585,0.00617811219184559,0.00014005039156972908,0,1,1000.0,20260910
SIRT,55,2.1660702918625114,0.30318980591401945,0.07736350000050152,55,0.07240549324132128,0.01488540822479605,nan,2.7672838286610756e-05,-0.006255336808451846,0.0060208818741677135,0.0001380505658172926,0,1,1000.0,20260910
SIRT,56,2.1599489762084394,0.303311361731893,0.07874850000007427,56,0.07142344331038723,0.014792381235888136,nan,2.692616392630216e-05,-0.006094389490147276,0.00586625024135643,0.00013621243821733146,0,1,1000.0,20260910
SIRT,57,2.1539720273005445,0.3034547018689274,0.08013120800023898,57,0.07053572822526112,0.014696821085441748,nan,2.621011956384068e-05,-0.005950738788331751,0.005728184460081513,0.00013434015525725564,0,1,1000.0,20260910
SIRT,58,2.148155595738328,0.3036180378239574,0.08151366700258222,58,0.06955676432027569,0.014600347772460366,nan,2.5539136682724713e-05,-0.005790892425530805,0.005574524389081132,0.00013260691168449465,0,1,1000.0,20260910
SIRT,59,2.1425060420262225,0.3038021128237006,0.08291058300164877,59,0.0685880443795613,0.014507305078346836,nan,2.496167291334607e-05,-0.005624592039196948,0.005414337720514881,0.0001310673599341894,0,1,1000.0,20260910
SIRT,60,2.137012071588777,0.30400552470310716,0.084295792003104,60,0.0676915312173779,0.014415178907978433,nan,2.434194526735463e-05,-0.005469628492173152,0.005264863267517821,0.00012915502869114396,0,1,1000.0,20260910
SIRT,61,2.131660744357511,0.30422172567746014,0.0856763330011745,61,0.06675586828236912,0.014320274681107154,nan,2.3692072764237282e-05,-0.005327635158507679,0.005128509933759539,0.00012747433554195908,0,1,1000.0,20260910
SIRT,62,2.126456856800239,0.3044445214414046,0.08705475000169827,62,0.06572476558133632,0.014224109246843033,nan,2.3030497272310292e-05,-0.005180857059997928,0.004987900316735888,0.00012581855111647183,0,1,1000.0,20260910
SIRT,63,2.121386078782016,0.3046762781322391,0.0884526250010822,63,0.0648414401077374,0.014126718515043355,nan,2.2442452354633314e-05,-0.005048335565868421,0.004860557400460823,0.0001242452034119921,0,1,1000.0,20260910
SIRT,64,2.116496604923384,0.30492050064156273,0.0898503750031523,64,0.06372884259099436,0.014038510507340429,nan,2.1848987810757933e-05,-0.0048676248708211306,0.004686405589732423,0.00012242364768843048,0,1,1000.0,20260910
SIRT,65,2.11183866015083,0.30517532222291793,0.09123095800168812,65,0.06242907314005937,0.013957030227996768,nan,2.1090914685565377e-05,-0.0046368538578706,0.004463075313897535,0.00012029277698187093,0,1,1000.0,20260910
SIRT,66,2.107308846966953,0.3054411758816435,0.09262212500107125,66,0.061577647370223025,0.013871324773255627,nan,2.059793704902673e-05,-0.00450921524682731,0.004340222851094331,0.0001187330467865789,0,1,1000.0,20260910
SIRT,67,2.1028892557504943,0.30571527791630515,0.09400541700233589,67,0.06074101836922507,0.013782130734609623,nan,2.0177168044123064e-05,-0.004399414048409178,0.004235117650832325,0.00011743372805983247,0,1,1000.0,20260910
SIRT,68,2.0985749140117194,0.3059956072169285,0.09538520800197148,68,0.05994640036403469,0.013691938168890219,nan,1.9672717743707425e-05,-0.0042946690210357305,0.004134663192944728,0.00011599775151204303,0,1,1000.0,20260910
SIRT,69,2.094354765373309,0.306287580216673,0.09676808299991535,69,0.05924479525612443,0.013602124014824515,nan,1.921137733323197e-05,-0.004200937261073569,0.004044651350163576,0.00011461194552272501,0,1,1000.0,20260910
SIRT,70,2.0902251104940777,0.3065903738482534,0.09815024999988964,70,0.05858375461143459,0.013513982718332979,nan,1.8805905109969975e-05,-0.004110848974126782,0.003958052064012476,0.00011335454081856127,0,1,1000.0,20260910
SIRT,71,2.08618620266156,0.3069052875283001,0.0995273750013439,71,0.05792058490388018,0.013428351045610363,nan,1.839943925241296e-05,-0.004020508393256454,0.0038711681247372114,0.00011211169324861156,0,1,1000.0,20260910
SIRT,72,2.082233225421082,0.3072302366868902,0.10090520800076774,72,0.057287023373859276,0.013342593722283023,nan,1.8010532649075094e-05,-0.003934966707835242,0.0037888870881264175,0.00011093560781891225,0,1,1000.0,20260910
SIRT,73,2.078383878475216,0.30756495004433143,0.10230354200029979,73,0.056574032722462156,0.013261356707788434,nan,1.762746036902514e-05,-0.003831719485495865,0.003689315886941473,0.00010984504608665603,0,1,1000.0,20260910
SIRT,74,2.0746468946889625,0.30790950686186375,0.10370187500302563,74,0.055842446877193225,0.013186145564017223,nan,1.7360828976400406e-05,-0.0037196229572789416,0.0035810648425921485,0.00010910142583408472,0,1,1000.0,20260910
SIRT,75,2.0709844050317585,0.3082637174429881,0.10508408300302108,75,0.05523910009291513,0.013109370404489494,nan,1.7071640576093935e-05,-0.003645418016626348,0.003509921748250194,0.00010819517400241292,0,1,1000.0,20260910
SIRT,76,2.0674185258019997,0.3086275878631706,0.10647991700170678,76,0.05459316403491611,0.013032902636534768,nan,1.680063980089981e-05,-0.0035490785899575856,0.003416858551791654,0.00010734718166883591,0,1,1000.0,20260910
SIRT,77,2.063932171801651,0.3090008213359332,0.10786575000020093,77,0.053985208518694865,0.012955127605741253,nan,1.648797827732942e-05,-0.0034698660220701047,0.003340633863408342,0.00010631259432403711,0,1,1000.0,20260910
SIRT,78,2.060535459246863,0.3093824391303917,0.10924508300013258,78,0.053370252178409246,0.012879269705784919,nan,1.6141599419209957e-05,-0.003380570955370852,0.003254293363908667,0.0001051582474574378,0,1,1000.0,20260910
SIRT,79,2.057203286529158,0.30977284075548234,0.11062662500262377,79,0.05282073781646764,0.012801746452474227,nan,1.584420487103521e-05,-0.0033163285128367573,0.003192671200531117,0.0001041369702731018,0,1,1000.0,20260910
SIRT,80,2.0539821040443544,0.31016876317673475,0.1120119170009275,80,0.05207697901177067,0.01272789625523815,nan,1.5468268358020435e-05,-0.0032057142164425537,0.0030855818976540106,0.00010255913661969486,0,1,1000.0,20260910
SIRT,81,2.050837289822208,0.3105703847759006,0.11339112499990733,81,0.051488666723773814,0.012652629252031972,nan,1.5157396125501415e-05,-0.00312965682602083,0.0030122600820968156,0.00010151941580778869,0,1,1000.0,20260910
SIRT,82,2.0477559437024775,0.3109790469872115,0.1147750830023142,82,0.050936131969179385,0.012575467278356765,nan,1.4819740484588841e-05,-0.003066526379246087,0.0029516216427314607,0.00010026439898229057,0,1,1000.0,20260910
SIRT,83,2.044732014398902,0.3113932393839038,0.11615570800131536,83,0.05040892886638175,0.012497472808113084,nan,1.4570916939758181e-05,-0.003009358386633006,0.0028968762981028484,9.940711952088797e-05,0,1,1000.0,20260910
SIRT,84,2.041768753145976,0.31181231861460845,0.11754991700217943,84,0.04984728907925834,0.01241967003690544,nan,1.428417400393915e-05,-0.0029489770789182953,0.0028390236414982286,9.847484258409232e-05,0,1,1000.0,20260910
SIRT,85,2.0388692149915997,0.31223454408337736,0.11892679200173006,85,0.04929956050562994,0.012342519783719858,nan,1.4015042279244711e-05,-0.002885523112102487,0.0027780158210739666,9.756010579797473e-05,0,1,1000.0,20260910
SIRT,86,2.0360231156568824,0.31266282666226686,0.12030820800282527,86,0.04883079950731945,0.01226569847739488,nan,1.3798582452875336e-05,-0.0028323007522637654,0.002726876985691043,9.679764642707811e-05,0,1,1000.0,20260910
SIRT,87,2.033237776643755,0.3130936347567361,0.12169316700237687,87,0.048277212099536025,0.012189934578925601,nan,1.3542253210097609e-05,-0.002771796759917006,0.0026688045527224285,9.591494481606296e-05,0,1,1000.0,20260910
SIRT,88,2.0305190370427715,0.31352803368148896,0.12308266699983506,88,0.04772727008448553,0.012115846466738656,nan,1.32845759735894e-05,-0.002705455025009709,0.002604844985497473,9.493298157574751e-05,0,1,1000.0,20260910
SIRT,89,2.027873021782693,0.3139649324776337,0.12448195800243411,89,0.04714661816715817,0.012043353790004614,nan,1.306699922708587e-05,-0.002632948260852606,0.00253487507984847,9.41725310234739e-05,0,1,1000.0,20260910
SIRT,90,2.0252734747158763,0.3144047774117567,0.1258750000015425,90,0.04664424757716757,0.011970001339520897,nan,1.283475517198205e-05,-0.002586712311642898,0.002490762775214749,9.336986990199681e-05,0,1,1000.0,20260910
SIRT,91,2.0227338331386395,0.3148465180326415,0.12726141700113658,91,0.04611411384258081,0.011913343808629186,nan,1.256866304650186e-05,-0.00252707291418952,0.0024333160024624144,9.238487961674396e-05,0,1,1000.0,20260910
SIRT,92,2.020248255077461,0.3152919190005684,0.1286392080000951,92,0.04566137570459098,0.011869788379530295,nan,1.2355796661926433e-05,-0.0024732222645156687,0.0023813299996167598,9.161528740568174e-05,0,1,1000.0,20260910
SIRT,93,2.017818798223372,0.3157397306383015,0.13002975000199513,93,0.04513711217804432,0.011827769489967256,nan,1.2121638550300165e-05,-0.0024173352155356,0.0023275889093003505,9.072954416984345e-05,0,1,1000.0,20260910
SIRT,94,2.0154574606811146,0.3161898027737766,0.13141458300015074,94,0.04462246095811479,0.011786850681756342,nan,1.1965499133594744e-05,-0.002349372043125594,0.0022617793411593896,9.016722819454841e-05,0,1,1000.0,20260910
SIRT,95,2.0131475098685265,0.3166433831001788,0.13279270800194354,95,0.04411093944973301,0.011746667000169854,nan,1.1718044022592174e-05,-0.0022982327685662244,0.0022126620636312125,8.924004370313935e-05,0,1,1000.0,20260910
SIRT,96,2.010886061883861,0.31710052032819297,0.13417929200295475,96,0.04364980630809324,0.011706335338161369,nan,1.1530556456118234e-05,-0.002249917428209869,0.0021661827051289513,8.85997985825891e-05,0,1,1000.0,20260910
SIRT,97,2.0086660512154917,0.3175593405052625,0.13556379200235824,97,0.04320088506852718,0.01166389986529093,nan,1.131762978670082e-05,-0.0022086930385819166,0.0021266948448339833,8.784375902962075e-05,0,1,1000.0,20260910
SIRT,98,2.0064918163299117,0.3180185380399213,0.13697154200053774,98,0.042734537440589075,0.0116209942969465,nan,1.11093855793271e-05,-0.002163125499999697,0.00208292285106694,8.716399495171756e-05,0,1,1000.0,20260910
SIRT,99,2.004354257755171,0.31848040379570913,0.13836383300076704,99,0.04234765087107463,0.011577006350165753,nan,1.0967540827389027e-05,-0.00212659103391577,0.0020478923980255955,8.661022097609201e-05,0,1,1000.0,20260910
SIRT,100,2.002252847971354,0.31894439348782705,0.13975191700228606,100,0.04196594495504399,0.011532352114872621,nan,1.0813440241708507e-05,-0.0020905963435781097,0.0020133527570187428,8.598505963622005e-05,0,1,1000.0,20260910
LS,0,6.300791468244728,0.41931033361812986,0.0,0,0.0,0.08765492612599911,0.0,0.0,0.0,0.0,0.0,0,0,1000.0,20260910
LS,1,2.451866748728954,0.3205531836898216,0.20283137500155135,325,11.086478656611048,0.02828548155228194,9.312471333123327e-08,0.7909539865173972,-3.0579707329983723,-2.296575730658842,0.02216316137909014,0,303,1000.0,20260910
LS,2,2.0089709901814827,0.35439733797005213,0.30572125000253436,487,2.6212468292044915,0.012247416686942379,9.95223042394761e-08,0.12867777625969576,-0.3142179822877733,0.09934901156674103,0.009205460694801037,0,153,1000.0,20260910
LS,3,1.9163317918509315,0.38103014021140297,0.42891770800270024,687,1.6515369402290716,0.006246413012694681,9.713028019422692e-08,0.032222684310156506,-0.06041651402040074,-0.04373951491650899,0.004709953532225982,0,184,1000.0,20260910
LS,4,1.8828607338152652,0.40268273685195394,0.507960875002027,810,1.1472274713006807,0.0054433843607292875,6.588753177332547e-08,0.0138153895872587,-0.01965566844840325,-0.032335485509681405,0.0030825848719764773,0,116,1000.0,20260910
LS,5,1.8648125458700475,0.4199300109108192,0.5826385830005165,928,0.9153667395349112,0.006141654933440359,9.579673038992621e-08,0.008104845962554154,-0.00994334198266957,-0.023846625447121024,0.002347993740720131,0,109,1000.0,20260910
LS,6,1.8533404944974923,0.4339652753491154,0.6542997500000638,1040,0.7529940890432165,0.00645311174012374,8.802511780423042e-08,0.005313073617920736,-0.006158977754624832,-0.01687795353414593,0.0018976090585673653,0,105,1000.0,20260910
LS,7,1.8454438331253982,0.4460039609209069,0.7280117500013148,1155,0.6412308637584202,0.006606225448248442,6.918878167356084e-08,0.00376531986250194,-0.004131341509598085,-0.012662189659724377,0.0015992481037284665,0,110,1000.0,20260910
LS,8,1.839784124675483,0.4563159831974519,0.7981980420008767,1265,0.5478597243209805,0.006672437639530034,8.249533008298327e-08,0.002704473643120009,-0.00295523480679487,-0.009347805426737783,0.0013562529632014618,0,104,1000.0,20260910
LS,9,1.835647638542657,0.4653354281181685,0.8650496250011201,1370,0.48042679817158357,0.006712253714847073,9.40277978623034e-08,0.0020339484273946477,-0.002102537705431749,-0.007404009287244065,0.0011780876777287993,0,98,1000.0,20260910
LS,10,1.8324915225655305,0.47331143115851887,0.9344264999999723,1478,0.4286137138396366,0.006745138556114813,7.143169412182865e-08,0.0015883256818199798,-0.0015677902953068058,-0.006029369807443789,0.0010426215014615226,0,101,1000.0,20260910
LS,11,1.82999669662431,0.48043738260776403,1.0013452080020215,1581,0.3843856325673658,0.006752527143535519,8.07242022191755e-08,0.0012756899606430436,-0.0012191359805753543,-0.004892789784990173,0.0009348971504516519,0,97,1000.0,20260910
LS,12,1.8279997422941565,0.48678136789254817,1.0674387920007575,1681,0.34705303525046166,0.0067614147185485534,9.46472171305652e-08,0.0010416492636861187,-0.0009553050664669825,-0.004025336133674454,0.0008446003493105633,0,92,1000.0,20260910
LS,13,1.8263556601917261,0.49254173989388056,1.1310240830025577,1777,0.3192564421856425,0.006763721186831813,9.607594469982695e-08,0.0008717394718705478,-0.0007723426305597527,-0.0034521516914213356,0.000773380990186304,0,91,1000.0,20260910
LS,14,1.8249783598540312,0.49785003515718984,1.193666667000798,1876,0.29649443893608524,0.0067670455220703975,9.220099239636196e-08,0.0007398504622654154,-0.0006374498754316354,-0.0030181472783063013,0.0007141991176438337,0,90,1000.0,20260910
LS,15,1.8238098303247352,0.5028460952845124,1.2540010000011534,1970,0.2764853458616295,0.006778043777004629,9.724701852457855e-08,0.0006397850360378771,-0.0005287444932535304,-0.0026536777945152185,0.0006652754227449727,0,87,1000.0,20260910
LS,16,1.8228190639881428,0.5074714857982241,1.3118477500029257,2059,0.2571372850191783,0.006787761660342511,9.178593426315922e-08,0.0005534940485544076,-0.00043727228803664976,-0.0023152128307592553,0.0006197776892863068,0,84,1000.0,20260910
LS,17,1.821960306081397,0.5117336633523084,1.3680152080014523,2146,0.23994074226075066,0.006793198696710727,9.64933837723492e-08,0.00048141350053813165,-0.0003773444062133081,-0.0020198200830861663,0.0005785593517163624,0,81,1000.0,20260910
LS,18,1.8212167486477562,0.5157168639836451,1.4212776670028688,2228,0.22562887693945918,0.006799395775483126,9.715029835168563e-08,0.00042483517847769853,-0.00031872225516070264,-0.0018018620718073409,0.0005437559227922867,0,76,1000.0,20260910
LS,19,1.8205750478395257,0.5194298161411496,1.4762352079997072,2312,0.21200538460577242,0.006806395303371234,8.509739179156916e-08,0.0003758643319764484,-0.00026583647625333975,-0.0016056133468616246,0.0005120259649063114,0,80,1000.0,20260910
LS,20,1.8200397104016708,0.5228169758686492,1.532172958002775,2398,0.1988009918913936,0.0068197383129217385,8.158613907590943e-08,0.0003290327430220317,-0.00020630469482903432,-0.001440754280995154,0.00048020736134443215,0,81,1000.0,20260910
LS,21,1.8195775177386062,0.5259579429659703,1.5875757499998144,2482,0.1880862598691846,0.00683645365279596,9.140126088640083e-08,0.00029240203259478547,-0.00016979063047163723,-0.0013066293945143464,0.0004531526321137034,0,79,1000.0,20260910
LS,22,1.8191645690004725,0.5289058940010101,1.6441533750003146,2569,0.17903793119114644,0.006851357964276172,9.652714982889555e-08,0.0002637455305704518,-0.00014920320756453353,-0.001189780302126595,0.0004309273423064196,0,79,1000.0,20260910
LS,23,1.8188060192433417,0.5316909718840388,1.698162125001545,2651,0.1699832098688079,0.006863701047647494,7.938384571213656e-08,0.00023822649202450986,-0.00012032326510798902,-0.0010861648247343716,0.0004097063823540917,0,77,1000.0,20260910
LS,24,1.818490047952787,0.5343333766094263,1.7525514170010865,2734,0.16238432442806974,0.006874538890536971,9.554721658353164e-08,0.00021601373779808218,-9.995755276003373e-05,-0.0010024621504433132,0.0003902316395095163,0,77,1000.0,20260910
LS,25,1.8182012622558708,0.5368660125277162,1.8063215000001946,2814,0.15565517495069198,0.006882465283331553,8.934009371400774e-08,0.00019820970490757594,-9.057599200757632e-05,-0.0009226409775302659,0.0003740073522354687,0,75,1000.0,20260910
LS,26,1.8179404444405176,0.5393027127304314,1.8603946670009464,2895,0.14968417769433476,0.006890237100207447,8.61575585792404e-08,0.00018284673362930142,-7.797108172291395e-05,-0.0008594498372483164,0.0003594183286147476,0,76,1000.0,20260910
LS,27,1.8177045988351297,0.5416355075526732,1.9125340829996276,2977,0.1439303481120148,0.006898301403327044,8.790226966248082e-08,0.00016852270845352146,-6.732289693310773e-05,-0.0007999516499943694,0.0003452410397680791,0,76,1000.0,20260910
LS,28,1.817492105288753,0.5438852366581659,1.963776542001142,3056,0.13883624280195547,0.006906194582196502,7.797094470379893e-08,0.00015641916729857076,-5.607437907976846e-05,-0.0007512815693914193,0.00033283079997679314,0,74,1000.0,20260910
LS,29,1.8172973186034995,0.546038098958967,2.013214833001257,3131,0.13316251720673225,0.006912830895833139,9.025946562487655e-08,0.00014407086045690204,-5.07158247968354e-05,-0.0006918261141882513,0.0003196042836873047,0,72,1000.0,20260910
LS,30,1.8171205900717176,0.5480891656683298,2.062847042001522,3207,0.12765263365222643,0.006920900496937602,8.260015997370209e-08,0.00013279399985494035,-4.39345319251066e-05,-0.00063803121213551,0.00030676183905479213,0,71,1000.0,20260910
LS,31,1.816963254023557,0.5500370536653849,2.1159291670010134,3282,0.12227440388900201,0.006928246640045635,9.85460096297591e-08,0.00012244690573199555,-3.4889142435798424e-05,-0.0005902154441599451,0.00029483121514666,0,71,1000.0,20260910
LS,32,1.8168245431929406,0.5518989133739589,2.174106958002085,3367,0.1176831912380275,0.0069343003669942995,7.73986535975198e-08,0.00011345188343466645,-2.5258947176753047e-05,-0.000553755844381968,0.0002838165817626407,0,79,1000.0,20260910
LS,33,1.816702144428891,0.5536743992502715,2.223869792000187,3441,0.11276673379124805,0.006939034475620969,9.101473081990718e-08,0.00010490382396423377,-1.7494940086808053e-05,-0.0005134180484477964,0.000272944802993642,0,71,1000.0,20260910
LS,34,1.8165946747618564,0.5553623979165996,2.2743431250019057,3517,0.10794769503651538,0.006943909082095464,9.165338100565854e-08,9.727732216843152e-05,-1.0192344858922447e-05,-0.00047516557615015,0.00026303301114047616,0,71,1000.0,20260910
LS,35,1.8164995492803064,0.5569779336887543,2.3274903330020607,3598,0.10397806258009087,0.006948703153617762,6.760926807802686e-08,9.063066137678195e-05,-4.494820180572005e-06,-0.0004454463933454689,0.0002539918905882932,0,75,1000.0,20260910
LS,36,1.8164096009217223,0.5585135080419505,2.376002791999781,3671,0.09927967527289626,0.006954718610009335,9.803488544421036e-08,8.342145835037964e-05,-6.526900236943092e-06,-0.0004028743375304732,0.00024369055180012403,0,68,1000.0,20260910
LS,37,1.8163287673102808,0.5599823628271057,2.427115833001153,3749,0.09526529400319701,0.00696053664532893,9.464002505765195e-08,7.71732910081958e-05,-3.6603204301503684e-06,-0.0003729402006342674,0.00023446085685638557,0,71,1000.0,20260910
LS,38,1.816254491780014,0.561378888520047,2.4739595000028203,3819,0.09172995201791971,0.006966133950754374,8.267254023782257e-08,7.092602838983991e-05,-3.3495018783394198e-06,-0.00034644367459376067,0.00022451627332357462,0,65,1000.0,20260910
LS,39,1.8161928157972662,0.5627029118841462,2.5184664170010365,3886,0.0878517391060807,0.0069727676729347725,9.619990136406402e-08,6.565122493085743e-05,3.975242179940483e-06,-0.0003242204204502771,0.00021581568051527418,0,62,1000.0,20260910
LS,40,1.8161369585521632,0.5639585954839875,2.564609000000928,3957,0.08433986007719384,0.006977995629754408,9.463930076436323e-08,6.090167493108815e-05,5.044429832232099e-06,-0.0002998033547889903,0.00020773908893709008,0,66,1000.0,20260910
LS,41,1.8160869364463945,0.5651467290301928,2.6100502500012226,4026,0.08083093729936118,0.00698240459334538,7.405963887510073e-08,5.5929086642256635e-05,5.90698087441735e-06,-0.0002766599154660084,0.00019869377776022157,0,64,1000.0,20260910
LS,42,1.8160417037395864,0.5662784524803666,2.6555634579999605,4095,0.07770881316155014,0.0069876296796999825,9.080044139619587e-08,5.18496811334755e-05,6.6169743193113185e-06,-0.0002567002753407172,0.00019120289315041202,0,64,1000.0,20260910
LS,43,1.8160012534187313,0.5673647455080149,2.6998725830017065,4162,0.07510581960749413,0.006992395241487341,9.467783878573884e-08,4.855315724824094e-05,8.102836392194376e-06,-0.0002415938860905826,0.00018497836433078497,0,62,1000.0,20260910
LS,44,1.8159645000110136,0.5683992211689327,2.7464665830011654,4233,0.07261397001204095,0.0069975387345759575,8.97424200043928e-08,4.542327123194724e-05,8.669863512644525e-06,-0.00022688602432778575,0.00017894085153078492,0,66,1000.0,20260910
LS,45,1.8159310623039369,0.569373694006125,2.796889667002688,4306,0.06999240279106812,0.007001770285380845,8.818234246193677e-08,4.238098670997531e-05,8.94327963465635e-06,-0.00021150911534660051,0.00017289483329792804,0,68,1000.0,20260910
LS,46,1.8159003974811982,0.5703008264388987,2.844620625000971,4376,0.06750935844908014,0.007005118117653495,9.219840298512328e-08,3.970458694153317e-05,9.039764203212616e-06,-0.00019721085117170635,0.00016742907478139521,0,65,1000.0,20260910
LS,47,1.8158739740409429,0.571184118594613,2.892240417000721,4443,0.0650319583200864,0.007008789266539917,8.41028232525763e-08,3.710451974495964e-05,1.0681079486838611e-05,-0.0001850343398918874,0.00016183788658936238,0,64,1000.0,20260910
LS,48,1.815851567940409,0.5720264539637312,2.9366100420011207,4509,0.06271093725654857,0.007012743338037741,9.476853075023002e-08,3.4710836200940574e-05,1.2304735669575479e-05,-0.00017422698204590476,0.00015653855463934903,0,61,1000.0,20260910
LS,49,1.8158308119837943,0.5728385821371167,2.9835830830015766,4579,0.060790741685290244,0.007016049709869625,8.059778664095729e-08,3.2734275370810486e-05,1.1978318754539898e-05,-0.00016401975711761345,0.00015203660273806395,0,66,1000.0,20260910
LS,50,1.8158116104154045,0.5736259718291943,3.030206542000087,4649,0.059076782255330404,0.00701897334502684,6.629890096012074e-08,3.0973086303509644e-05,1.1771517915619106e-05,-0.00015530174169243766,0.00014792589148802184,0,65,1000.0,20260910
LS,51,1.815795337600552,0.5743831307077893,3.074773708001885,4715,0.05718124698108186,0.007022357188226502,9.739071512918598e-08,2.9183009763147164e-05,1.2910194917096291e-05,-0.00014721193546307155,0.00014367950139593334,0,62,1000.0,20260910
LS,52,1.8157803913822599,0.5751172797630327,3.1192918330016255,4781,0.055595273150879504,0.00702490891878322,9.98063410177242e-08,2.7657857968055223e-05,1.2711639668558156e-05,-0.00013959550154392288,0.00013992170415397847,0,62,1000.0,20260910
LS,53,1.8157667643487707,0.5758306860911673,3.165360208000493,4851,0.05415072005742652,0.007027087188753949,7.59178371059494e-08,2.6271710403122623e-05,1.2644676908832638e-05,-0.00013298799064771682,0.00013641161555671367,0,63,1000.0,20260910
LS,54,1.8157544951025806,0.5765247347332128,3.2102195830011624,4918,0.0528025180095611,0.007029070812794495,8.62835313128264e-08,2.5001629451348574e-05,1.2732383266119997e-05,-0.0001271360492173682,0.00013311448454042735,0,62,1000.0,20260910
LS,55,1.8157437211638576,0.5771993116147386,3.2544618749998335,4984,0.051504684755867315,0.007030823995093814,9.90202728594801e-08,2.3787612605368527e-05,1.3013673882190671e-05,-0.00012186268886711136,0.0001299090194421137,0,61,1000.0,20260910
LS,56,1.8157341516352432,0.577849254524794,3.2977485000010347,5048,0.05028865362339426,0.007032528147810419,9.568252114458209e-08,2.251026904722752e-05,1.2940740431995808e-05,-0.0001168779055482692,0.00012640866031046142,0,60,1000.0,20260910
LS,57,1.8157250564152532,0.5784755114511132,3.341372458002297,5113,0.04923262927908463,0.007034387572420791,9.292767537494109e-08,2.1194895494484318e-05,1.2099675507701486e-05,-0.00011209736929654836,0.00012259173381661212,0,60,1000.0,20260910
LS,58,1.8157177238288817,0.5790826483544419,3.384497500002908,5177,0.047840884298699066,0.007037564481622337,9.519342380299972e-08,2.0057572927488967e-05,1.272498655907925e-05,-0.00010710492415265312,0.00011922930407822304,0,59,1000.0,20260910
LS,59,1.815711375614158,0.5796727617767654,3.4267563329995028,5239,0.04659292137552597,0.007040291246290157,9.509769911109073e-08,1.905197205540486e-05,1.2703757326802188e-05,-0.00010219680139162459,0.00011620165435193763,0,58,1000.0,20260910
LS,60,1.815704981787039,0.5802412110403663,3.471479875002842,5306,0.04513688636610355,0.007042991436355584,7.013293249731353e-08,1.7940065114460113e-05,1.154623799700007e-05,-9.547309842223838e-05,0.0001129222390962236,0,61,1000.0,20260910
LS,61,1.8156986733613338,0.5807879630014234,3.515261125001416,5372,0.04384964638598061,0.007045120674830541,9.589832217112573e-08,1.6919875056019607e-05,1.0611449347992186e-05,-8.983114870362889e-05,0.00010981731084480078,0,59,1000.0,20260910
LS,62,1.8156934055624907,0.5813194798171342,3.559526917000767,5440,0.04265574611924407,0.00704627228266458,9.33690453159213e-08,1.6070457753311256e-05,1.0802658911185845e-05,-8.57078350063365e-05,0.00010710656274155004,0,63,1000.0,20260910
LS,63,1.8156892032493932,0.581833005217923,3.600331792000361,5501,0.041073885952404715,0.007046054425986102,7.677290246774015e-08,1.5118761501586186e-05,1.0916448409225694e-05,-8.015089226405639e-05,0.0001038442218238534,0,57,1000.0,20260910
LS,64,1.815686401916611,0.5823291796637085,3.6401762919995235,5560,0.03982131190465915,0.007046001755237006,9.037724877265223e-08,1.4283381071924343e-05,1.1482048286508336e-05,-7.648551130822002e-05,0.0001008876575931001,0,55,1000.0,20260910
LS,65,1.815684905957261,0.5828101397567326,3.6785328750011104,5615,0.03874576440291533,0.007046326085493833,8.025525079126519e-08,1.3543933088835885e-05,1.2047973738512892e-05,-7.35657536083602e-05,9.822783594764773e-05,0,52,1000.0,20260910
LS,66,1.8156846543260494,0.5832775673060924,3.7189372920001915,5673,0.03774474713584778,0.00704688092747514,9.198265195392841e-08,1.2864340277669095e-05,1.2612709065328e-05,-7.098166560580928e-05,9.572594468568082e-05,0,52,1000.0,20260910
LS,67,1.8156854633256811,0.5837324824530942,3.7602651250017516,5734,0.03682552479679564,0.0070475340326762205,9.081768471976072e-08,1.2244337658982473e-05,1.3053337289976128e-05,-6.861496345970007e-05,9.339043586542611e-05,0,56,1000.0,20260910
LS,68,1.8156872207814034,0.5841755454056367,3.803067374999955,5798,0.035942021967654114,0.007048267446441695,7.292155913603246e-08,1.16665496865846e-05,1.3424005409272545e-05,-6.634890287845091e-05,9.116221457296377e-05,0,58,1000.0,20260910
LS,69,1.8156897602919055,0.5846071322426983,3.845030417000089,5860,0.03510040653233961,0.00704902257807508,5.360762927427868e-08,1.1127683477378364e-05,1.3667193974513508e-05,-6.414143743888413e-05,8.903864741739809e-05,0,57,1000.0,20260910
LS,70,1.8156929821440149,0.5850278561310663,3.8830632500030333,5915,0.034294334690899125,0.007049835708001187,9.724655666924903e-08,1.0624848998595653e-05,1.384670111097953e-05,-6.20269217038956e-05,8.701208062704348e-05,0,51,1000.0,20260910
LS,71,1.8156968793972676,0.58543820725287,3.9226862079995044,5973,0.033522959870580404,0.007050601512710608,7.872259835511285e-08,1.0152204939284361e-05,1.4049458187982515e-05,-6.008669517700977e-05,8.506250922731578e-05,0,54,1000.0,20260910
LS,72,1.815701289086612,0.5858382638975925,3.9617724580020877,6030,0.03277721794759827,0.007051335777644517,9.429482943388668e-08,9.707738212759839e-06,1.4117427560214671e-05,-5.812699016356028e-05,8.31899487797691e-05,0,53,1000.0,20260910
LS,73,1.8157059215134501,0.586224923179631,4.000013625001884,6086,0.03198910533659777,0.007052212213911504,9.787419442361368e-08,9.254944542743351e-06,1.3887371378799793e-05,-5.579756984992221e-05,8.128189016216753e-05,0,51,1000.0,20260910
LS,74,1.8157109408135665,0.5865984736940418,4.037590333002299,6141,0.03125681971947754,0.007053089238895555,9.366743676139611e-08,8.831502903095102e-06,1.3850803020123884e-05,-5.38687390652227e-05,7.944194643823398e-05,0,50,1000.0,20260910
LS,75,1.8157162769736988,0.586961916755397,4.077345833000436,6199,0.030540370098325394,0.007053670298454473,8.867129523471814e-08,8.443239571476954e-06,1.3779399701845521e-05,-5.197187041934212e-05,7.77019061952099e-05,0,54,1000.0,20260910
LS,76,1.8157220082843748,0.5873158553388289,4.118100250001589,6259,0.02986521418347841,0.007054185744233845,6.81528619973148e-08,8.077657040590352e-06,1.3808967718359897e-05,-5.032786158730127e-05,7.60273795332973e-05,0,56,1000.0,20260910
LS,77,1.8157280694139677,0.5876605906794944,4.158021582999936,6318,0.029219383946285024,0.00705465298606398,7.75533941092613e-08,7.735064982969844e-06,1.3796194574473976e-05,-4.874974950291457e-05,7.441240008531906e-05,0,54,1000.0,20260910
LS,78,1.8157344235603787,0.5879961676854939,4.197578000002977,6376,0.02860717530527702,0.007055051933772936,7.375705599428431e-08,7.4103222217782234e-06,1.3764468634735261e-05,-4.727267035837873e-05,7.283588365330068e-05,0,53,1000.0,20260910
LS,79,1.8157410213188063,0.5883236262066899,4.235300416999962,6431,0.028014806843203247,0.00705554924455754,9.706146509224899e-08,7.10581321423206e-06,1.3703571637671757e-05,-4.583922855069496e-05,7.133395357108627e-05,0,50,1000.0,20260910
LS,80,1.8157476375039951,0.5886430068732437,4.272605417001614,6485,0.027420177113154247,0.007056417461150914,9.145445746802137e-08,6.804974769159527e-06,1.3421159958941328e-05,-4.420949083466097e-05,6.980594876009355e-05,0,50,1000.0,20260910
LS,81,1.8157544655969293,0.5889546855675709,4.310827125002106,6541,0.026850329545290548,0.007057315098000133,7.793392946632095e-08,6.522791823071863e-06,1.3350884756266019e-05,-4.2875102768709767e-05,6.83477726969538e-05,0,51,1000.0,20260910
LS,82,1.8157616730458839,0.5892591337278531,4.348060375003115,6595,0.02630598104660801,0.00705805779003641,9.528748785828856e-08,6.261280918508493e-06,1.346872987607057e-05,-4.180768089577428e-05,6.697416477783742e-05,0,50,1000.0,20260910
LS,83,1.815769124809954,0.589555523785733,4.385842208001122,6650,0.025756809534719337,0.007058648631282803,8.493176664835378e-08,6.010468595042719e-06,1.3462232662500298e-05,-4.0622425940411575e-05,6.56316195417135e-05,0,51,1000.0,20260910
LS,84,1.815776760665753,0.5898437057270084,4.4237778750029975,6705,0.02524383415758715,0.007059100926750486,9.257531810161802e-08,5.772128303253738e-06,1.3407984102920028e-05,-3.9498413948003296e-05,6.432897037631611e-05,0,51,1000.0,20260910
LS,85,1.8157845891974758,0.5901250931499316,4.461158000001888,6759,0.02475923725921961,0.007059494909164878,6.47970410362908e-08,5.547749904803864e-06,1.337628163307682e-05,-3.847952320556984e-05,6.307669880901558e-05,0,50,1000.0,20260910
LS,86,1.8157924551524356,0.590396474201036,4.499398208001367,6816,0.02415457146025201,0.007059847998876502,8.743241495352944e-08,5.285622915452521e-06,1.3151577873641481e-05,-3.703812108125027e-05,6.156094793992561e-05,0,52,1000.0,20260910
LS,87,1.8157995007098975,0.5906419321557173,4.53657050000038,6872,0.02330977418010984,0.007059941074968253,6.952832061145626e-08,4.8964450586686385e-06,1.1942002524289903e-05,-3.421283607827904e-05,5.9193163335156083e-05,0,50,1000.0,20260910
LS,88,1.815806085930934,0.5908762022106633,4.573169917002815,6926,0.02263241773282896,0.0070601506120467365,9.464560537459947e-08,4.651407360533051e-06,1.1236628392114647e-05,-3.2196537658133836e-05,5.770061103845169e-05,0,50,1000.0,20260910
LS,89,1.8158126079045451,0.5911033237631844,4.610741208001855,6981,0.022082282990632165,0.007060415274580277,7.078351299633911e-08,4.434881473299701e-06,1.0956855085797689e-05,-3.090333471509137e-05,5.634888919509956e-05,0,52,1000.0,20260910
LS,90,1.8158191743603431,0.5913245993214785,4.647265583000262,7035,0.021583739423339743,0.007060749468490954,7.996912773567766e-08,4.2386448915217205e-06,1.0805100689004242e-05,-2.9859346172727595e-05,5.5094900477141926e-05,0,49,1000.0,20260910
LS,91,1.8158257354145153,0.5915404836244821,4.683741208002175,7089,0.02110826428036304,0.007061088894546542,9.946638927576013e-08,4.052638980750668e-06,1.0613693159537643e-05,-2.8838995218665288e-05,5.387850373653808e-05,0,49,1000.0,20260910
LS,92,1.8158322066457426,0.5917497756982674,4.718731708002451,7140,0.020556241611230836,0.007061336894000061,8.199065705919736e-08,3.863903957666628e-06,1.0335135181541135e-05,-2.7599184686287867e-05,5.260916437181632e-05,0,47,1000.0,20260910
LS,93,1.8158383273333412,0.5919510281581511,4.754511000002822,7193,0.019976452547539582,0.007061280324962896,8.950803738166641e-08,3.6594497702064863e-06,9.780137368585815e-06,-2.6073620417737048e-05,5.1194211608560845e-05,0,47,1000.0,20260910
LS,94,1.815844746442124,0.5921471719686824,4.791811082999629,7248,0.0194660509673232,0.007061633607671216,7.769797793563812e-08,3.4823666545608263e-06,9.901475438075345e-06,-2.536546579586155e-05,4.9940804958223354e-05,0,51,1000.0,20260910
LS,95,1.8158513306953703,0.592338511122954,4.827515667002444,7301,0.019003927150280982,0.007062124595835691,8.774498214487024e-08,3.3206153363540066e-06,9.904868576786494e-06,-2.464171560305933e-05,4.876776518762003e-05,0,47,1000.0,20260910
LS,96,1.8158580389074137,0.5925252147895994,4.864277958000457,7356,0.018571668785656664,0.007062654195181372,8.765162276224199e-08,3.1712076111428394e-06,9.879419663180154e-06,-2.3953556117611477e-05,4.765840367236831e-05,0,49,1000.0,20260910
LS,97,1.8158647840716575,0.5927074305939755,4.898747708000883,7406,0.018156499161062947,0.007063167536241064,8.192461213952137e-08,3.0315474288011075e-06,9.77671167411654e-06,-2.3228087333099413e-05,4.65979167238485e-05,0,46,1000.0,20260910
LS,98,1.8158715541061188,0.5928852818605324,4.932852583002386,7455,0.017764355033796166,0.007063654423743556,7.430157483374574e-08,2.900901452300765e-06,9.670935916061267e-06,-2.2548649949594417e-05,4.55839045192185e-05,0,46,1000.0,20260910
LS,99,1.8158783553293958,0.5930582920452022,4.967503957999725,7505,0.017347818677822764,0.00706406122612159,8.967044797585622e-08,2.7708915471686662e-06,9.57211481914736e-06,-2.1848563920939538e-05,4.4548294555198627e-05,0,47,1000.0,20260910
LS,100,1.8158852373066388,0.593226096248759,5.000702708002791,7553,0.01689429314878613,0.007064456259598934,9.811486101488089e-08,2.6377320325622854e-06,9.519709273632858e-06,-2.1152834292823455e-05,4.346427707557387e-05,0,44,1000.0,20260910
WLS,0,6.300791468244728,0.41931033361812986,0.0,0,0.0,0.08765492612599911,0.0,0.0,0.0,0.0,0.0,0,0,1000.0,20260910
WLS,1,2.4071568460300776,0.3177254603625826,0.1966752499974973,315,11.018551890694557,0.0346034065328263,9.603602592368235e-08,0.8206673135024628,-3.072967308712179,-2.1767896661817803,0.022453885921457598,0,297,1000.0,20260910
WLS,2,1.9856641023589494,0.34959852377110656,0.31056674999854295,497,2.526159056526151,0.014816685701397337,9.088184650470984e-08,0.12402968057470064,-0.29746306309643716,0.10241876472767353,0.008983793859283327,0,171,1000.0,20260910
WLS,3,1.8998070307929715,0.37654065853671886,0.43210420799732674,693,1.537924185538295,0.00801707332135175,8.865864345765807e-08,0.030091361210403206,-0.05576571035557171,-0.03240346845720353,0.004545811132663426,0,183,1000.0,20260910
WLS,4,1.8686459686125723,0.3979995015472814,0.5039702909998596,804,1.0959367426429627,0.005213065201583785,9.922241871112583e-08,0.012694985603056232,-0.018466076577334713,-0.028892805013344104,0.0029716102171910633,0,104,1000.0,20260910
WLS,5,1.8512188055696934,0.4156732277649966,0.5763362079997023,916,0.8884305125250086,0.0038866850590030537,8.854202165762994e-08,0.007579005111232163,-0.00984815793165665,-0.022038275736393637,0.002289993137598374,0,107,1000.0,20260910
WLS,6,1.839682391363351,0.43023351530039716,0.6434023749970947,1020,0.7358618781709243,0.0031446504377181635,8.859606567866812e-08,0.005084838887080135,-0.006451575319265361,-0.015538220980919688,0.0018716608181856607,0,98,1000.0,20260910
WLS,7,1.8316236319446497,0.44232794987423724,0.706310833000316,1117,0.6224000398389676,0.0026793613718863584,9.954535872311417e-08,0.003578393510751031,-0.004480365907949809,-0.011310331060876047,0.001566690489535003,0,92,1000.0,20260910
WLS,8,1.8257780202767042,0.45252430734226773,0.7710621659971366,1219,0.5326096085382994,0.0023395417056850084,9.27314104055956e-08,0.0026117225126907596,-0.003233889155252814,-0.008338038087420521,0.0013370327781035848,0,93,1000.0,20260910
WLS,9,1.8214103374169222,0.4612425226588092,0.8337440409995907,1317,0.46452062414647344,0.002081557724006079,8.742808202186453e-08,0.001962566964309078,-0.0024051158954705642,-0.0064212876530894,0.0011606839762857667,0,91,1000.0,20260910
WLS,10,1.8180204900030363,0.4690943842019869,0.8921041249996051,1407,0.4161006353262547,0.001915759686131283,7.041604520854312e-08,0.0015367006823030999,-0.0018531467315876697,-0.005267139522059823,0.0010280314539249681,0,86,1000.0,20260910
WLS,11,1.8152943308720073,0.47625966182660945,0.9511044999999285,1498,0.3776544412262762,0.001860798688659603,9.813325017992904e-08,0.0012450541662818674,-0.0014811049647489687,-0.00440498471786752,0.0009269707172542492,0,86,1000.0,20260910
WLS,12,1.8130657461809527,0.4827756844787521,1.0107114999991609,1591,0.3453868722109824,0.0018126944202716013,9.444914905648415e-08,0.0010215328967098265,-0.0012070517943454002,-0.0037360198837296946,0.0008404671691332101,0,87,1000.0,20260910
WLS,13,1.8112066716553783,0.48879153398318576,1.0675559579976834,1679,0.3177242324218825,0.0017774924169842521,9.233560935865844e-08,0.0008552706552643909,-0.0010038038703061214,-0.0031883598678292885,0.0007704703723931986,0,83,1000.0,20260910
WLS,14,1.8096428741217927,0.4942298974406806,1.1200292909998097,1758,0.2923287531565275,0.0017506543333567384,9.743600861899567e-08,0.0007220084864318283,-0.0008417890471583022,-0.0027090074625169018,0.000709106980398167,0,77,1000.0,20260910
WLS,15,1.808322980785893,0.49918172601926725,1.1711266249985783,1835,0.271128506491064,0.0017285264278252255,8.902371820695796e-08,0.0006122923293491725,-0.0007076010065453548,-0.0023556400157039785,0.0006532602424925526,0,75,1000.0,20260910
WLS,16,1.8071937292150009,0.5037037581852631,1.2221141249974607,1912,0.2513265959313215,0.0017068672920200272,9.272583023894941e-08,0.000523817452603844,-0.000605434118294164,-0.002029001320229234,0.00060426722216356,0,75,1000.0,20260910
WLS,17,1.8062192142640447,0.5078662716842295,1.2741263329990034,1992,0.23432389782490406,0.0016872063102716353,8.589293365931596e-08,0.0004542744854829016,-0.0005202404654695637,-0.0017708695036366753,0.0005633868468081822,0,75,1000.0,20260910
WLS,18,1.8053708787207128,0.5117228575570123,1.3246357909993094,2069,0.2196120039478731,0.0016718143881829265,8.883470238133475e-08,0.00039786634909195974,-0.0004504691942425832,-0.0015631360705680637,0.0005285544537421894,0,73,1000.0,20260910
WLS,19,1.8046277500368855,0.515323458986303,1.3742615829978604,2144,0.2051223542234014,0.0016565189075660488,8.706692669973882e-08,0.0003491957297905676,-0.0003939329540311896,-0.0013606303262802175,0.0004958152217636952,0,72,1000.0,20260910
WLS,20,1.8039728915549877,0.5186827793642551,1.421272665997094,2215,0.19261511930202205,0.001641445019984353,9.827225608214196e-08,0.00030839432856374915,-0.0003464641533390513,-0.0012001707272888851,0.0004664469672262635,0,67,1000.0,20260910
WLS,21,1.8033928919132418,0.5217690384757802,1.4714681249970454,2291,0.18131098150906588,0.0016262468587805833,7.624772631438605e-08,0.0002737357574245477,-0.0003062638843211316,-0.0010636839590431096,0.0004408412430373917,0,73,1000.0,20260910
WLS,22,1.8028811428371836,0.5246236916250029,1.5212416659996961,2368,0.17007692618063838,0.0016125994806172972,7.643218388878208e-08,0.00024162305313285337,-0.0002701260229266436,-0.0009345589648944949,0.00041350165776271147,0,71,1000.0,20260910
WLS,23,1.802425668451225,0.5273119560099416,1.5679098749969853,2440,0.16112208124184596,0.0016013691485367272,9.982886914604225e-08,0.00021646497850987437,-0.00023900940744395354,-0.0008425418672265909,0.0003910180447270344,0,65,1000.0,20260910
WLS,24,1.8020152804614122,0.5298542354566259,1.6159534999969765,2514,0.1531177513774285,0.0015912405854485133,9.722317474169893e-08,0.00019524310403349848,-0.000215144885780427,-0.0007618642995312567,0.0003715852250192097,0,68,1000.0,20260910
WLS,25,1.8016437786850361,0.5322509395971208,1.6612095829987084,2582,0.1459870772362109,0.0015828683662060168,9.508414395326042e-08,0.00017711977326794864,-0.00019438200311009361,-0.0006941095596224441,0.00035408927695076736,0,64,1000.0,20260910
WLS,26,1.801305426796831,0.5345084081362244,1.7058019999967655,2650,0.13901667916450763,0.001575233768350269,9.778468359322588e-08,0.00016174482643056834,-0.00017660706177740338,-0.000627929966091192,0.0003387775066910286,0,62,1000.0,20260910
WLS,27,1.800994733834419,0.5366569730763499,1.7562665409968758,2728,0.13332066019363048,0.0015684055717678383,8.914824433612971e-08,0.00014865369994209333,-0.0001620392624648736,-0.0005780269593113452,0.00032513137749965435,0,72,1000.0,20260910
WLS,28,1.800710077908579,0.5386696386075397,1.8040504159980628,2800,0.12771956229691095,0.0015621303043318391,8.665256046696734e-08,0.00013591911603981434,-0.00014873680979933266,-0.0005309584038256876,0.00031144947962209095,0,69,1000.0,20260910
WLS,29,1.8004482930389893,0.5405914152692625,1.852241665998008,2874,0.12252781840386441,0.0015559372685967788,9.851536664828779e-08,0.0001253532977691544,-0.0001364315718199481,-0.000488868444550909,0.0002995271951783714,0,69,1000.0,20260910
WLS,30,1.8002063464453977,0.5424290421640792,1.8993005829979666,2945,0.11782969243788685,0.0015500419650347178,9.787874606074213e-08,0.00011602627364266298,-0.00012592031995106625,-0.00045224522740868183,0.0002886663659693418,0,68,1000.0,20260910
WLS,31,1.799982061630801,0.5441835369592715,1.947687332998612,3019,0.1137617160315355,0.0015449228517825952,9.392398671703895e-08,0.00010756106138171457,-0.00011672375321253419,-0.00042280158712541013,0.0002780954470661295,0,69,1000.0,20260910
WLS,32,1.7997741428011822,0.5458535119728996,1.9918187499970372,3085,0.10929304133172266,0.0015402547749203237,8.085896196846661e-08,9.978921227507742e-05,-0.00010812961734438267,-0.00038932961455797916,0.00026824837067712193,0,62,1000.0,20260910
WLS,33,1.7995823649447953,0.547422302744767,2.0374170409995713,3154,0.10453941361601247,0.001535858796555007,9.722183311151313e-08,9.203319665873559e-05,-9.974465972596728e-05,-0.0003546465935720768,0.0002582520270355604,0,65,1000.0,20260910
WLS,34,1.7994045234651261,0.5489028081936407,2.082080832999054,3221,0.10030452507471732,0.0015310752570620713,9.62712696498438e-08,8.534449027808046e-05,-9.249698939298783e-05,-0.00032520840785408016,0.0002490441175206311,0,63,1000.0,20260910
WLS,35,1.7992400678153893,0.5503136266393156,2.1275344579989905,3289,0.09569663052888067,0.0015265079857982207,7.470316552497574e-08,7.891025739965724e-05,-8.554539233667222e-05,-0.0002934366049921716,0.00023954621017789474,0,65,1000.0,20260910
WLS,36,1.799087347035931,0.551668496036431,2.1716820829969947,3356,0.09192317598713277,0.0015223710221310717,8.914075555300792e-08,7.350189620526127e-05,-7.921888325337873e-05,-0.0002697727347197984,0.00023128928476423398,0,62,1000.0,20260910
WLS,37,1.798944598289505,0.5529746255816872,2.2178636659991753,3426,0.08866714653693433,0.0015184565431079209,8.541028694498488e-08,6.887950550166273e-05,-7.386924092500223e-05,-0.0002503443973240514,0.00022405845861816156,0,66,1000.0,20260910
WLS,38,1.7988113191354458,0.5542014500386667,2.260200165997958,3489,0.08501690155860496,0.001514492151317911,8.01552524968926e-08,6.388795602765393e-05,-6.939119802879398e-05,-0.00022811452347213583,0.0002159115199245607,0,60,1000.0,20260910
WLS,39,1.7986872505459597,0.555368638484799,2.3032031249967986,3554,0.08192672637520548,0.0015112696415496881,8.937553078752166e-08,5.952912407523785e-05,-6.453946541378009e-05,-0.00021153083524178576,0.000208625641815218,0,60,1000.0,20260910
WLS,40,1.7985718606062076,0.5564820313068979,2.3454236249999667,3617,0.07888336527478114,0.0015098869742821439,9.11192931790958e-08,5.5415284098678255e-05,-5.997465565179883e-05,-0.00019573932610159663,0.00020136972022537447,0,59,1000.0,20260910
WLS,41,1.7984633066111566,0.5575495034659645,2.3901809159979166,3684,0.07621180946023222,0.0015084549361768747,9.35061335105065e-08,5.193492290781827e-05,-5.661907214186217e-05,-0.0001818580000091953,0.00019506262661206017,0,64,1000.0,20260910
WLS,42,1.7983610521618192,0.5585756928311558,2.4346169579985144,3751,0.07378964969737982,0.0015070154801693377,7.814115164285068e-08,4.8928582574247554e-05,-5.332586676623072e-05,-0.00016999117078567687,0.00018947669687641711,0,63,1000.0,20260910
WLS,43,1.7982645004982203,0.5595648576941203,2.4780316249998577,3816,0.07161720237543426,0.0015056222424346941,9.932045218910305e-08,4.629266207364903e-05,-5.02590015210969e-05,-0.000159899520205297,0.00018446667483157486,0,62,1000.0,20260910
WLS,44,1.7981730079293188,0.5605200430824262,2.5219424159986374,3883,0.06963493396892785,0.0015043312045143458,9.542374918221245e-08,4.392719890544973e-05,-4.756537000043778e-05,-0.00015095863254133927,0.00017985236743969945,0,61,1000.0,20260910
WLS,45,1.7980858158032682,0.5614412251444004,2.566558124999574,3950,0.06782697204782329,0.001502947754889815,9.869142130992908e-08,4.180170684548746e-05,-4.5390419200640764e-05,-0.0001428327808082375,0.0001755826518254971,0,61,1000.0,20260910
WLS,46,1.7980026080659242,0.5623316047016407,2.6131694159994368,4020,0.06617717883827856,0.001501406779665435,9.428093647501089e-08,3.986813277046396e-05,-4.333960457685163e-05,-0.00013576321260562647,0.0001716020719876609,0,65,1000.0,20260910
WLS,47,1.7979233460370778,0.5631881936001097,2.657576790999883,4086,0.06458485640898473,0.0015003613704810078,6.731975555964819e-08,3.787346865788478e-05,-4.1388560187552315e-05,-0.00012929815502212024,0.00016741465841478865,0,62,1000.0,20260910
WLS,48,1.7978474866854377,0.5640129237661559,2.702715415998682,4153,0.06311467124044229,0.0014993901204072803,9.662546552532073e-08,3.620715000940101e-05,-3.965220162692217e-05,-0.00012331373464933827,0.00016386488619334115,0,63,1000.0,20260910
WLS,49,1.7977747350434932,0.564811696760747,2.744984375000058,4215,0.061701429585108894,0.001498397779082157,9.454017839558319e-08,3.470960348325208e-05,-3.804203846180514e-05,-0.00011760167869777246,0.00016060038094080624,0,59,1000.0,20260910
WLS,50,1.797704968095107,0.5655853900781319,2.7875377079981263,4277,0.0602163253164043,0.0014976455079504709,9.890418804080722e-08,3.318707092332658e-05,-3.657987746657938e-05,-0.00011153334334432213,0.00015713645533794345,0,60,1000.0,20260910
WLS,51,1.7976386303303056,0.5663278214263813,2.830653249999159,4341,0.058797479101373985,0.0014975884100683272,8.407403849211372e-08,3.15186955572404e-05,-3.4819069245681495e-05,-0.00010651941263246478,0.00015308702320493281,0,59,1000.0,20260910
WLS,52,1.7975755464634413,0.5670364922238836,2.872412290998909,4402,0.057169510999873024,0.001497312754860206,8.669722320069345e-08,3.0068341683365044e-05,-3.3015525175524855e-05,-0.00010033378253396379,0.00014967456310060174,0,58,1000.0,20260910
WLS,53,1.7975154480242215,0.5677177685411389,2.9164509160000307,4468,0.05567132898963209,0.0014965590700895144,9.557601365035162e-08,2.8752483147890133e-05,-3.134595607702404e-05,-9.486640435375695e-05,0.00014645136152394449,0,61,1000.0,20260910
WLS,54,1.7974577047440936,0.5683787811025078,2.9585869160000584,4530,0.05445592449096898,0.0014956713988733337,9.11227695484964e-08,2.762656412749088e-05,-3.0116716000250992e-05,-9.052910548044141e-05,0.000143670021164368,0,59,1000.0,20260910
WLS,55,1.7974021513719718,0.5690213345322644,3.0005715409970435,4592,0.0533709424939913,0.001494985004667388,9.40733998211578e-08,2.6602419562573795e-05,-2.895095255700357e-05,-8.686950301302698e-05,0.00014109315075389658,0,58,1000.0,20260910
WLS,56,1.797348780792904,0.5696469443519686,3.0427763749976293,4654,0.05238994839682445,0.0014945389365489602,7.9232758954371e-08,2.5643942122338376e-05,-2.7726636941747133e-05,-8.386475558336119e-05,0.00013862232175964565,0,59,1000.0,20260910
WLS,57,1.7972971454178597,0.5702579329000483,3.08322720799697,4713,0.051448598610764604,0.001494145339163248,9.743060334886939e-08,2.4772438904009175e-05,-2.686293614326146e-05,-8.071253990619973e-05,0.000136335768029572,0,56,1000.0,20260910
WLS,58,1.7972472971248297,0.5708507351196263,3.125917790999665,4776,0.050389828020870005,0.001493707858719355,7.871890757732016e-08,2.3867501090537374e-05,-2.5980791937554497e-05,-7.710844536863465e-05,0.00013385226587877454,0,60,1000.0,20260910
WLS,59,1.7971992039896618,0.5714265069115173,3.1678442079974047,4838,0.04947144433164389,0.0014932682178717862,8.888216960650573e-08,2.305471358167028e-05,-2.5038421588549617e-05,-7.427805504509885e-05,0.00013158966463841903,0,58,1000.0,20260910
WLS,60,1.7971526953575516,0.5719849990279012,3.2067337079970457,4894,0.04863969223407856,0.001493144350899494,9.327323742207238e-08,2.2217149512185856e-05,-2.4291482598191978e-05,-7.178235092109593e-05,0.0001292018525427746,0,54,1000.0,20260910
WLS,61,1.7971078502276416,0.5725301138306463,3.247033249997912,4953,0.04786399133191637,0.0014930924309223099,9.249269431435293e-08,2.144201580333873e-05,-2.340311410221004e-05,-6.970295340110105e-05,0.0001269630627291477,0,56,1000.0,20260910
WLS,62,1.7970645396984843,0.5730619773942528,3.288011540997104,5013,0.0470164082268748,0.0014928082305346038,9.52982760041728e-08,2.072601400740011e-05,-2.2584515151129676e-05,-6.721660297051487e-05,0.00012486029671691384,0,57,1000.0,20260910
WLS,63,1.797022504268105,0.5735836911158831,3.3287587909981085,5073,0.046270111420806975,0.0014925648233117175,9.629759567387992e-08,2.0074987093491195e-05,-2.1960443284416396e-05,-6.50107301653e-05,0.0001229315912351223,0,56,1000.0,20260910
WLS,64,1.7969816708491375,0.574095167927808,3.3697669579996727,5133,0.04556358205529836,0.001492272682324129,7.378333961018166e-08,1.9468489623295108e-05,-2.1364929348653288e-05,-6.296858151806115e-05,0.0001211084488540357,0,57,1000.0,20260910
WLS,65,1.796941984395183,0.5745981706137705,3.4116926249989774,5195,0.04491492182367648,0.0014920408850957623,9.285964358623052e-08,1.8903151727630956e-05,-2.0783302225281755e-05,-6.118105616688013e-05,0.00011938323787533161,0,58,1000.0,20260910
WLS,66,1.7969034014583054,0.5750930711587575,3.4518018749986368,5253,0.044300358520961786,0.0014918323653550503,9.742222028833219e-08,1.8383462462349862e-05,-2.019947441157681e-05,-5.9543151376647324e-05,0.00011777773337338109,0,56,1000.0,20260910
WLS,67,1.7968658085493383,0.5755802758333467,3.4936533749969385,5314,0.043714027793476766,0.0014915676337546135,6.521081655798606e-08,1.7887165563073454e-05,-1.9705743404332483e-05,-5.7952902329343965e-05,0.00011622378206369267,0,59,1000.0,20260910
WLS,68,1.7968292149222407,0.5760591767576778,3.5357907910001813,5377,0.04314130179052465,0.00149131532558683,6.807954542700343e-08,1.7424473980188233e-05,-1.9169153119064546e-05,-5.646496891143102e-05,0.00011476883359084676,0,59,1000.0,20260910
WLS,69,1.7967935011353873,0.5765305742437752,3.5753789159971348,5437,0.042613962282019455,0.0014910630316366238,9.79631908851352e-08,1.6989344500654087e-05,-1.8724442352017397e-05,-5.5083702215260306e-05,0.00011338082220698194,0,56,1000.0,20260910
WLS,70,1.7967586557566224,0.5769936565836512,3.6147462079970865,5496,0.04198457768880688,0.0014908498305720027,8.750789742296001e-08,1.654714054386972e-05,-1.8298238217688055e-05,-5.3289859420514664e-05,0.00011193260351087407,0,55,1000.0,20260910
WLS,71,1.7967245831607226,0.5774462679102605,3.6540434999988065,5555,0.04127542847074305,0.0014907430688516667,9.472830347847824e-08,1.60923137681104e-05,-1.7980282134942468e-05,-5.111045387234573e-05,0.00011040640026991753,0,54,1000.0,20260910
WLS,72,1.796691418568732,0.5778917063512223,3.694851958000072,5616,0.04069056417423909,0.0014905925176138472,7.268844529309322e-08,1.569485849811575e-05,-1.7469733493783007e-05,-4.962150865024034e-05,0.00010907802404323323,0,57,1000.0,20260910
WLS,73,1.7966591077786094,0.5783307247399695,3.7334352910002053,5673,0.040200486118026076,0.0014903503369460725,8.61903191787452e-08,1.5335496105467675e-05,-1.6975294018537597e-05,-4.849316408372203e-05,0.00010786605190259855,0,54,1000.0,20260910
WLS,74,1.7966279050566736,0.578757273600323,3.7727425829980348,5731,0.039570691089351864,0.0014899416597764397,8.397565405253984e-08,1.491948300885229e-05,-1.6283238923908276e-05,-4.7089257728648694e-05,0.00010648586060952782,0,55,1000.0,20260910
WLS,75,1.7965973988408104,0.5791742870184392,3.8127431659995636,5790,0.03910253737985927,0.001489651974078706,9.490308916859151e-08,1.4552066944906882e-05,-1.595414891694754e-05,-4.594420561396267e-05,0.00010522366982973772,0,57,1000.0,20260910
WLS,76,1.7965675077030918,0.5795827153173602,3.8508129159999953,5846,0.03864999049110632,0.0014894348434658358,8.880424460026496e-08,1.4210312015894912e-05,-1.568082569845882e-05,-4.479995052956755e-05,0.00010403374365265883,0,53,1000.0,20260910
WLS,77,1.7965384913062765,0.5799818467651336,3.8903632080000534,5905,0.038178840572914124,0.0014893040338265534,8.817163586160912e-08,1.380096502057364e-05,-1.5215431801522114e-05,-4.386479655930403e-05,0.0001025193711550425,0,55,1000.0,20260910
WLS,78,1.7965106485845603,0.5803687006572334,3.9286503329967672,5961,0.03772809197321085,0.0014890891011963116,9.9802063877513e-08,1.3316705934831627e-05,-1.4526015779028884e-05,-4.332772448076589e-05,0.00010066174125288473,0,54,1000.0,20260910
WLS,79,1.7964835341625371,0.5807457872359703,3.9663341249979567,6016,0.0372292506895045,0.001488547357348068,9.201356005316112e-08,1.29535715563211e-05,-1.4160850465116083e-05,-4.218643332190964e-05,9.928674979730115e-05,0,53,1000.0,20260910
WLS,80,1.7964571785566308,0.5811164419135639,4.006361083000229,6075,0.036822185548049516,0.0014879551043716786,8.44749084469708e-08,1.2642429427455852e-05,-1.371317648210596e-05,-4.1438061520390784e-05,9.80908034240658e-05,0,57,1000.0,20260910
WLS,81,1.7964315393251253,0.5814796135547089,4.045547082998382,6133,0.03644900245464682,0.0014873997024675116,9.05648614619045e-08,1.2346080775181477e-05,-1.3293150729323723e-05,-4.078725749149483e-05,9.693618922876792e-05,0,55,1000.0,20260910
WLS,82,1.7964063660243041,0.5818378860933535,4.084884541000065,6191,0.03610068612408784,0.0014868980068675844,9.507908650728813e-08,1.2074740062864169e-05,-1.309856076027741e-05,-3.9989676110304664e-05,9.586701975147005e-05,0,55,1000.0,20260910
WLS,83,1.7963818056919216,0.582191656745393,4.124544165999396,6248,0.03574713324367113,0.0014865080389475222,8.807637855162827e-08,1.1813841438306606e-05,-1.2746490940566464e-05,-3.933254437452169e-05,9.483030797230187e-05,0,54,1000.0,20260910
WLS,84,1.7963577793488676,0.5825410000352416,4.164177040998766,6305,0.03543086192433688,0.0014861675275494313,9.816898350875789e-08,1.1563727595919965e-05,-1.246261546133981e-05,-3.87409557810868e-05,9.382243374685526e-05,0,55,1000.0,20260910
WLS,85,1.7963344698796346,0.5828837288620474,4.202778040998965,6362,0.03533557428493403,0.0014859419354995452,7.642211441952577e-08,1.1251902898254673e-05,-1.2057566338316047e-05,-3.9120671269291866e-05,9.250021667563566e-05,0,53,1000.0,20260910
WLS,86,1.7963115990043652,0.5832211867197986,4.242543249998562,6421,0.03502004094948122,0.0014858176665550052,7.776491633293711e-08,1.1011149469317794e-05,-1.1859725795928569e-05,-3.8449288135746407e-05,9.148555818126763e-05,0,55,1000.0,20260910
WLS,87,1.7962891652389372,0.5835551590105722,4.281043332997797,6478,0.03471696922830283,0.0014857279582772942,9.500299474191724e-08,1.0802865683633784e-05,-1.1630899743108321e-05,-3.7829632191959135e-05,9.060407980036693e-05,0,53,1000.0,20260910
WLS,88,1.7962673301904915,0.5838817261347349,4.318731290997675,6533,0.03437949386670878,0.0014854024570873873,9.001387389661536e-08,1.052970269741613e-05,-1.1305345745570916e-05,-3.7262431480780335e-05,8.951707494511091e-05,0,52,1000.0,20260910
WLS,89,1.7962459558238562,0.5842038893461358,4.357398332998855,6590,0.03405760742770065,0.0014852364496068902,9.452152553519532e-08,1.031701042808381e-05,-1.1057356212072003e-05,-3.66216645496724e-05,8.863219117320188e-05,0,54,1000.0,20260910
WLS,90,1.7962252007872415,0.5845207852582013,4.393713957997534,6643,0.03341083686583948,0.0014851711551107402,9.777662690663094e-08,1.0041205147609262e-05,-1.0713831471353402e-05,-3.5059164389092255e-05,8.745488098839139e-05,0,50,1000.0,20260910
WLS,91,1.796205041543577,0.5848328654589467,4.433014540998556,6701,0.03290805013796463,0.0014852640141247667,6.795211637648387e-08,9.781691516868714e-06,-1.0377552145571813e-05,-3.398774452975364e-05,8.634248676655726e-05,0,55,1000.0,20260910
WLS,92,1.796185307231813,0.5851407273425399,4.472200832999079,6759,0.0324829497252914,0.0014854205668858788,9.07283551458668e-08,9.555950992055397e-06,-1.0178360769849536e-05,-3.302278937873794e-05,8.536914303682508e-05,0,55,1000.0,20260910
WLS,93,1.7961660045186196,0.5854448056038849,4.510087790997204,6815,0.03210703075633634,0.0014856417677821207,9.964690108232502e-08,9.351424670100073e-06,-9.951288527768426e-06,-3.2240358006024345e-05,8.447277569183665e-05,0,52,1000.0,20260910
WLS,94,1.7961470643253579,0.5857448995078803,4.546198457999708,6867,0.03175068754462754,0.0014858715429764836,9.919034197599548e-08,9.156347271862334e-06,-9.783845984959443e-06,-3.146511471606554e-05,8.361064502715069e-05,0,49,1000.0,20260910
WLS,95,1.7961284877999188,0.5860411930197055,4.582566790999408,6919,0.03143518933774517,0.0014860358753816835,9.250680324768216e-08,8.971659089775315e-06,-9.604866346966002e-06,-3.083203099597638e-05,8.27778045090812e-05,0,49,1000.0,20260910
WLS,96,1.7961103012202246,0.5863338693089892,4.621245582999109,6975,0.03115286967060299,0.0014861550413586273,7.38682325147444e-08,8.80936276136812e-06,-9.37721693798874e-06,-3.0338484741466117e-05,8.203524141872828e-05,0,53,1000.0,20260910
WLS,97,1.796092444737252,0.586623257818044,4.657508457999938,7027,0.030882198473910733,0.001486271992533259,8.046113935149968e-08,8.656441557266814e-06,-9.20004141345978e-06,-2.9829026156400574e-05,8.132679037924129e-05,0,49,1000.0,20260910
WLS,98,1.7960749135532246,0.5869096260782897,4.694110165997699,7079,0.03062988040583699,0.0014863800826758016,9.423233056721473e-08,8.514552471939486e-06,-9.016631556667143e-06,-2.9378294656429866e-05,8.066456065474756e-05,0,50,1000.0,20260910
WLS,99,1.7960575423028666,0.5871914434962299,4.729993875000218,7130,0.030184988472910054,0.0014861897645519172,8.34343944314864e-08,8.335122742689179e-06,-9.036127612671357e-06,-2.8185426097540798e-05,7.98018113128272e-05,0,47,1000.0,20260910
WLS,100,1.7960405538986952,0.5874686074028392,4.764847332997306,7179,0.02985994684972916,0.0014859778707691784,9.839121334561495e-08,8.174530640948947e-06,-8.813873528165587e-06,-2.7592417122018406e-05,7.903161085916926e-05,0,47,1000.0,20260910
Poisson,0,6.300791468244728,0.41931033361812986,0.0,0,0.0,0.08765492612599911,0.0,0.0,0.0,0.0,0.0,0,0,1000.0,20260910
Poisson,1,3.4926121176501645,0.3430203195075996,0.025189374999172287,27,2.9909244902966994,0.048193462280884475,5.685647982024006e-08,0.5033334281809692,-2.3048459224135875,2.3608978852617346,0.01816604597539282,0,23,1000.0,20260910
Poisson,2,2.69492487298473,0.30422979080670215,0.048334208000596846,52,1.8698887892271883,0.029091574201854764,6.225400226225752e-08,0.1166328231471649,-0.6810544215182727,0.6228630404615584,0.008759531109353886,0,22,1000.0,20260910
Poisson,3,2.3969067602857224,0.28367206657187605,0.07052120799926342,75,1.329838441837307,0.01862737218509167,9.615338726273737e-08,0.031011889121767253,-0.2670062235772415,0.20959459862959395,0.0045384675665951875,0,21,1000.0,20260910
Poisson,4,2.2475910360471443,0.27340190425483335,0.0918773749981483,97,1.037114780362667,0.012544277797749593,7.95524382297616e-08,0.010551350493152582,-0.1387643737454199,0.09553537085624292,0.0026800829438058636,0,20,1000.0,20260910
Poisson,5,2.1568412526793965,0.26924453313992497,0.11295470799814211,119,0.8451594907617384,0.009561221431876946,8.170681074131173e-08,0.004982860548082655,-0.0857669228196664,0.0550350551265157,0.0018703259072713734,0,20,1000.0,20260910
Poisson,6,2.095205878134587,0.2688616017962043,0.1326455829985207,139,0.7093266424195835,0.007619112643365681,5.8181232813307726e-08,0.003050869681518864,-0.058584504863294785,0.03647816026249773,0.0014699365070052765,0,18,1000.0,20260910
Poisson,7,2.0508713552968647,0.270807654220483,0.15261208299853024,160,0.6064076828762125,0.006156872265326486,7.407855608619618e-08,0.0021645487926725895,-0.042169974045049415,0.025948008945157246,0.0012351146901080816,0,18,1000.0,20260910
Poisson,8,2.0178119777246235,0.27422297847211724,0.17278108299797168,182,0.5255570808054989,0.005296299603762622,7.583840340528308e-08,0.0016598918495745758,-0.03139948572267181,0.019248865313001316,0.0010785630959432874,0,17,1000.0,20260910
Poisson,9,1.9919924461296132,0.27859210647380356,0.19192416599980788,202,0.4659242759653115,0.004819932265156972,6.97425247282561e-08,0.0013540632278592661,-0.02446546836714895,0.014965260048320281,0.0009717416526433589,0,17,1000.0,20260910
Poisson,10,1.9712797691510486,0.28349375805232896,0.21153412499916158,223,0.417190414797324,0.004421890414019109,7.305489393494898e-08,0.0011261326954409498,-0.019586544283126638,0.01201028486862644,0.0008861363606192979,0,17,1000.0,20260910
Poisson,11,1.9543326589551968,0.28869681841823264,0.2308333330001915,243,0.37798996674775626,0.004073256210829722,7.361917933688261e-08,0.0009615472457050948,-0.01598556295014405,0.009803289447753327,0.0008183097294412508,0,17,1000.0,20260910
Poisson,12,1.9400197991318826,0.294076325930769,0.24928462499883608,262,0.34736860124041413,0.00378786488957105,8.971332527053398e-08,0.0008366494131371264,-0.01347621041017701,0.008279612566928114,0.0007617418584922577,0,16,1000.0,20260910
Poisson,13,1.9278491625376513,0.2994647868797389,0.2687039999982517,282,0.3205022015033239,0.0035501723864128946,9.010331308812684e-08,0.0007310114476008764,-0.011439625146634902,0.007034553535807481,0.000710680350651711,0,18,1000.0,20260910
Poisson,14,1.9173852741241726,0.30483368034352937,0.2883256659988547,302,0.29698775988710147,0.0033437056002511775,6.295186834326134e-08,0.0006455998128938886,-0.009818288600576297,0.006053801937340741,0.0006664127843732405,0,18,1000.0,20260910
Poisson,15,1.9083131367116892,0.3100900282062478,0.3071139999992738,321,0.2762176320828782,0.0031415640838091544,8.975783296445109e-08,0.0005697558313994568,-0.008502381581082706,0.005257328398809748,0.0006252741499799156,0,17,1000.0,20260910
Poisson,16,1.9004087533311165,0.3152283119477037,0.3265225830000418,341,0.2582097675597921,0.0029416638404206647,5.2031000151724245e-08,0.00050411427627991,-0.007400269104290915,0.004570769177408662,0.0005880593792353686,0,18,1000.0,20260910
Poisson,17,1.893418090797017,0.3202490781088632,0.34558733299854794,362,0.24242151658559435,0.0027726184028685837,3.9441585786455235e-08,0.0004520979275705592,-0.00653856460652547,0.0040522529489164325,0.0005568521154005351,0,18,1000.0,20260910
Poisson,18,1.8873325396868772,0.3250521881001637,0.36402958300095634,381,0.22613383103942322,0.002617505072961358,7.410015476731887e-08,0.0003953815405101964,-0.005690169569630491,0.0035287256331115436,0.0005200685674996183,0,17,1000.0,20260910
Poisson,19,1.8819229067869452,0.32969083656815484,0.3818757499975618,399,0.2134311349025838,0.002450494830191289,6.549885308181535e-08,0.0003534444045154732,-0.00505618849542019,0.003131990432641769,0.0004917356872174758,0,16,1000.0,20260910
Poisson,20,1.8770967206098437,0.33417244182724587,0.39980875000037486,417,0.20161840541599288,0.0023141757346910726,5.859919115030164e-08,0.0003178496418832057,-0.00450833653521762,0.002793687106977127,0.0004664968441939211,0,16,1000.0,20260910
Poisson,21,1.8727676003389044,0.3385038252553636,0.4175062499998603,435,0.19102910901390405,0.0021938019382397715,9.376138183361197e-08,0.0002871987855177901,-0.0040419214854206745,0.0025045142464069333,0.0004427703756587332,0,16,1000.0,20260910
Poisson,22,1.8688218938432963,0.3427181765933041,0.4352707910002209,453,0.18260895188243811,0.0020894879463549134,7.647034831596324e-08,0.00026331086571147814,-0.0036823956299013912,0.0022784050302279736,0.0004235049036610181,0,16,1000.0,20260910
Poisson,23,1.8652044195784319,0.34681220573218635,0.4532707500002289,472,0.1747963678743626,0.001997225334202256,5.302606424513034e-08,0.00024194283883748532,-0.0033755314260294216,0.0020897857537609983,0.0004059707595682542,0,16,1000.0,20260910
Poisson,24,1.861888041476011,0.3507764334307373,0.47033858299982967,489,0.1674313429085717,0.0018987306555776295,9.57800412424055e-08,0.0002220269994040135,-0.003094351103013062,0.0019147153730124165,0.00038834091167451256,0,15,1000.0,20260910
Poisson,25,1.858853449617356,0.3546141826521956,0.4884092079992115,508,0.16014378438592008,0.001796221386132404,4.0374971743846987e-08,0.00020467150274835555,-0.002829920355905784,0.0017522902747827526,0.0003723505241515271,0,16,1000.0,20260910
Poisson,26,1.8560611907873308,0.3583196472141522,0.5061755829992762,526,0.15372167324220243,0.0017118303333125587,3.1171455948993815e-08,0.0001882046761311209,-0.002604054153895015,0.0016107411888061952,0.00035717229072336894,0,16,1000.0,20260910
Poisson,27,1.8535002065799326,0.36188034864367374,0.5239874580001924,544,0.1470117061119807,0.001633322890073388,3.4406623282510086e-08,0.00017232046712913694,-0.0023886637402659302,0.0014803621207003733,0.0003414983225282271,0,16,1000.0,20260910
Poisson,28,1.8511547344454902,0.36527673290470397,0.5419646249974903,563,0.14077157170447469,0.0015573266304866786,7.97567499910101e-08,0.00015846893315980926,-0.002187003201283842,0.0013546403644350694,0.00032760845619499434,0,15,1000.0,20260910
Poisson,29,1.8489884792782763,0.36854843637098056,0.5586277500005963,580,0.1355503967916592,0.0014863261268814071,9.223075787725531e-08,0.00014614115888002296,-0.0020201140083361277,0.0012475596636951024,0.0003144176005642954,0,14,1000.0,20260910
Poisson,30,1.8469718785217841,0.37170837308863885,0.5764854999979434,599,0.1307340489035511,0.0014197513740994536,6.155295096164177e-08,0.0001355640852128241,-0.0018810366712787945,0.001162031179356322,0.0003024211780988132,0,15,1000.0,20260910
Poisson,31,1.8450954482954809,0.37475528761652316,0.5938930829979654,617,0.12624093861323374,0.0013455376098167502,7.718060439614993e-08,0.00012599449846526566,-0.0017504357278396415,0.0010795914972057258,0.00029127513771122173,0,15,1000.0,20260910
Poisson,32,1.8433347429582754,0.3777176670620095,0.6106201660004444,634,0.12237541574343988,0.0012752425601560303,5.6362171907495956e-08,0.00011834352964649202,-0.0016423618075551924,0.001011918218286527,0.0002821827462932656,0,14,1000.0,20260910
Poisson,33,1.8416763182796674,0.3806013422870551,0.6272342909978761,651,0.11880904658025068,0.0012143355767405598,5.663374091574385e-08,0.00011144180861124629,-0.0015469828699954447,0.0009526452011425859,0.00027362470462850293,0,14,1000.0,20260910
Poisson,34,1.8401166735062373,0.3834035352769897,0.6433801249986573,667,0.11518182147506092,0.0011685836049676428,8.558697547385178e-08,0.0001050716401499104,-0.0014545731332874304,0.0008963021735144286,0.0002659045312691703,0,13,1000.0,20260910
Poisson,35,1.8386597726247806,0.3861062407200215,0.6600893329996325,684,0.11124675081220957,0.001135764677689808,7.311771471553603e-08,9.736784377990247e-05,-0.001359533037675722,0.000838108903142976,0.0002559625968797163,0,14,1000.0,20260910
Poisson,36,1.8372956638458335,0.3887075623841456,0.6769526249991031,701,0.10789648945315371,0.0011019460396032967,6.655511798160706e-08,9.087125437921262e-05,-0.0012732375245666488,0.0007820261571313786,0.00024719728740069363,0,14,1000.0,20260910
Poisson,37,1.8360016033652269,0.39124276192874885,0.692598249999719,716,0.10515362401105911,0.001069202445788597,9.43502151109425e-08,8.615741337126179e-05,-0.0012079030672335813,0.000741196248473692,0.0002408553681189612,0,12,1000.0,20260910
Poisson,38,1.8347759890742996,0.39370553723687035,0.7088194999996631,732,0.10233516649035286,0.0010383904740857057,8.043436857405398e-08,8.143326673731296e-05,-0.0011441810241874801,0.0007019899758968562,0.00023412490463277353,0,13,1000.0,20260910
Poisson,39,1.833623718026845,0.39607456431860755,0.725764832997811,749,0.09909788203293012,0.0010101196649631712,5.674019447072642e-08,7.652882249467363e-05,-0.001075742224968399,0.0006612515362838962,0.0002270749400659989,0,14,1000.0,20260910
Poisson,40,1.8325358721917793,0.39836737492062774,0.7419104159998824,765,0.0963223347412765,0.0009828317732851046,7.984519284802492e-08,7.21872940306633e-05,-0.0010156585410313207,0.0006239462265653,0.0002207380061172735,0,13,1000.0,20260910
Poisson,41,1.8315108950169348,0.4005860001990211,0.7580259999995178,781,0.09367492777386363,0.0009558557629153603,5.4190084747838055e-08,6.74964552382323e-05,-0.0009574807196048347,0.0005862275701725818,0.00021363329903359668,0,13,1000.0,20260910
Poisson,42,1.8305333235160186,0.4027540429918261,0.774105624997901,797,0.0915381695786142,0.0009298717196499436,4.452156814613653e-08,6.429753206712374e-05,-0.0009132739688501954,0.0005586096764259958,0.00020848722881748347,0,13,1000.0,20260910
Poisson,43,1.8295984155766898,0.40487573021535045,0.7907533750003495,813,0.08953542579089274,0.0009048126694183531,7.320101788244504e-08,6.151269307970888e-05,-0.0008733952462469616,0.0005340783157509986,0.00020399805516245676,0,13,1000.0,20260910
Poisson,44,1.8287058250737507,0.4069455258035499,0.8070299999999406,828,0.08745640762014387,0.0008831132584322931,6.594971067009855e-08,5.8691205004090226e-05,-0.0008338992979375335,0.0005101593412480678,0.00019932229123037205,0,12,1000.0,20260910
Poisson,45,1.8278567243803783,0.40895639935996025,0.8248146250007267,845,0.08529861790721009,0.000864428156797828,4.531342092982469e-08,5.578291883224172e-05,-0.0007933177745343493,0.00048530798252839543,0.0001942735538243481,0,14,1000.0,20260910
Poisson,46,1.827043954060243,0.4109216069380544,0.8414287909981795,861,0.08352823790243183,0.0008468504469400806,3.57341106150537e-08,5.3454751236860845e-05,-0.0007593155689077513,0.00046392199378100736,0.0001901584473022818,0,13,1000.0,20260910
Poisson,47,1.8262688643817846,0.41283880694456776,0.8584031659993343,877,0.08163537593588449,0.0008369597324390701,3.6669304853209975e-08,5.040166370640177e-05,-0.0007246880147499733,0.0004418729482487477,0.00018436008634405048,0,13,1000.0,20260910
Poisson,48,1.8255284418599393,0.4147108694152161,0.875327040997945,893,0.07981788884963725,0.0008280403372858975,2.5919300904918502e-08,4.775735678112432e-05,-0.0006926651650632367,0.00042187775282459967,0.0001795769573908096,0,13,1000.0,20260910
Poisson,49,1.8248175940387117,0.41654316911824296,0.8915567080002802,908,0.07824071726375686,0.0008195423789323574,8.337706210693953e-08,4.582208678684595e-05,-0.0006650257344377343,0.0004047673293302988,0.00017599398580107464,0,12,1000.0,20260910
Poisson,50,1.8241363199768164,0.41833099177795846,0.9075444160007464,923,0.0765804623491678,0.0008113753989733421,7.389316058886833e-08,4.392817628127831e-05,-0.0006373458856100482,0.00038804570121471634,0.00017239130928493903,0,12,1000.0,20260910
Poisson,51,1.8234879612332733,0.4200601860780498,0.9243551250001474,939,0.07467358265132219,0.0008028352055840292,4.8850806693076374e-08,4.190110505910186e-05,-0.0006064576384848776,0.00036955154624388365,0.00016836250020168988,0,13,1000.0,20260910
Poisson,52,1.8228667669784477,0.42174509221132944,0.9405403329983528,955,0.0731473870777548,0.0007935819721351307,6.552520262628281e-08,4.015485971531485e-05,-0.0005810393951104808,0.00035366724301039664,0.00016495795545326818,0,12,1000.0,20260910
Poisson,53,1.8222685946911863,0.4233949428168741,0.9575209159993392,971,0.07178340434285543,0.0007845960687842535,2.1004760876485763e-08,3.8603637695365754e-05,-0.0005595686495626407,0.00034052943030895097,0.00016183750528472434,0,13,1000.0,20260910
Poisson,54,1.8216964808473735,0.42500239634063697,0.9741316660001758,987,0.07019675463369841,0.00077341846076115,3.2367080407211e-08,3.6838269502367324e-05,-0.0005352755743115544,0.00032573462575765516,0.00015811065685975126,0,13,1000.0,20260910
Poisson,55,1.8211474121458304,0.4265731452172277,0.9901600829980453,1002,0.06877484728456026,0.0007621002744142096,8.556181121206416e-08,3.54167776876444e-05,-0.0005136519238570005,0.00031256972059230247,0.00015514993409267673,0,12,1000.0,20260910
Poisson,56,1.8206176185975955,0.428115094266806,1.006862791000458,1018,0.06759631085484785,0.0007558468755535432,2.1623468612869774e-08,3.417071385798565e-05,-0.0004956228343737249,0.00030133048617564146,0.0001524551058038065,0,13,1000.0,20260910
Poisson,57,1.8201053869149333,0.42963034884740064,1.0232334159991296,1033,0.06647968898671319,0.0007497018563742217,5.644326615475973e-08,3.298585742959507e-05,-0.0004792458252397678,0.0002912542302737284,0.0001498375673847697,0,12,1000.0,20260910
Poisson,58,1.8196111038507292,0.43111568295600283,1.0393205830005172,1048,0.06531706761997529,0.0007438924153423485,9.902846641213653e-08,3.1699510183217303e-05,-0.0004625835540136177,0.00028096709808044955,0.00014678640522931144,0,12,1000.0,20260910
Poisson,59,1.819136047942705,0.43256090553070553,1.0560316249975585,1064,0.06403515216090729,0.0007378279893513314,7.95995750201093e-08,3.04356466071115e-05,-0.00044462026141811915,0.0002700308724106859,0.00014398525708531678,0,13,1000.0,20260910
Poisson,60,1.8186769420451552,0.4339770699242679,1.072843957997975,1080,0.06297659858552432,0.0007319101231405573,2.2419027290321048e-08,2.9365508110650418e-05,-0.0004297403894349636,0.00026080329907971427,0.000141510069999149,0,13,1000.0,20260910
Poisson,61,1.8182325692848271,0.43536719128912016,1.0890762909984915,1095,0.06196841316231506,0.000725689635425864,9.692146571722697e-08,2.8402632529265907e-05,-0.0004159701278015912,0.00025236854883527984,0.0001392630407966937,0,12,1000.0,20260910
Poisson,62,1.8178023041317843,0.4367315413632862,1.1055312079988653,1110,0.06098728525096258,0.0007189550740513269,7.001509909690395e-08,2.750615551134354e-05,-0.00040275899752776755,0.000244292704928672,0.00013717378899125523,0,12,1000.0,20260910
Poisson,63,1.8173864848722203,0.4380686672124466,1.1218641249979555,1125,0.05992746316679099,0.0007118323863285486,5.414291768206627e-08,2.665536092594061e-05,-0.00038916389863568267,0.00023625421748366633,0.00013517372906257755,0,12,1000.0,20260910
Poisson,64,1.8169843604275797,0.439379912340311,1.1382246659995872,1140,0.0589407162961908,0.0007047051912835772,6.26315748215216e-08,2.5801723895567078e-05,-0.00037632272074850727,0.00022842404276520324,0.00013303748649219095,0,12,1000.0,20260910
Poisson,65,1.8165937689566758,0.4406700868145486,1.1549890829992364,1156,0.05812231869448881,0.0006981246100026543,2.158590341104575e-08,2.5050740729639476e-05,-0.000365540730169874,0.00022168127438273644,0.00013114476720343216,0,13,1000.0,20260910
Poisson,66,1.816213533640142,0.4419422542337729,1.1711659579996194,1171,0.05735461228366703,0.0006917569294634744,7.575130559466376e-08,2.4383474525806402e-05,-0.00035585184201640595,0.00021575773902337279,0.00012945299778320361,0,12,1000.0,20260910
Poisson,67,1.8158430680588222,0.44319727025867833,1.1875140409974847,1186,0.05661951244908265,0.0006855126351137279,8.927055487685428e-08,2.3755510355786158e-05,-0.000346710070958268,0.00021017712182110982,0.0001278404503400004,0,12,1000.0,20260910
Poisson,68,1.8154818367707986,0.44443594127115305,1.2037331249994168,1201,0.05591590110004819,0.0006793560674809672,8.747376652305675e-08,2.316010107154794e-05,-0.0003380711869542816,0.00020490188823215936,0.00012629044358915994,0,12,1000.0,20260910
Poisson,69,1.8151293546079164,0.44565897147078926,1.2191467079974245,1216,0.05524084240310885,0.0006732793527366159,8.628611238343143e-08,2.259524087567135e-05,-0.0003298869220041429,0.00019990462941193958,0.00012480128853704808,0,12,1000.0,20260910
Poisson,70,1.8147856640000708,0.44686509322754103,1.234349791000568,1231,0.054543025031010724,0.0006671067209590807,8.119178849463974e-08,2.2046123245833988e-05,-0.0003216444846023911,0.00019494352886888612,0.00012335362027952,0,12,1000.0,20260910
Poisson,71,1.8144506206595525,0.44805456231932206,1.2500135829977808,1246,0.053846262212265544,0.0006612337626600086,7.324485454469117e-08,2.1515656763945457e-05,-0.00031352768375672346,0.00019007234280665676,0.00012193715381852412,0,12,1000.0,20260910
Poisson,72,1.8141237964674435,0.44922759478687807,1.2660073330007435,1262,0.05318863887260548,0.0006556703936751373,1.9520872357372404e-08,2.102306691875082e-05,-0.00030580112518736397,0.0001853726268530323,0.00012059700679559654,0,13,1000.0,20260910
Poisson,73,1.8138056837716767,0.45037985214900456,1.2814355000009527,1277,0.052417505609070984,0.0006487426221868772,5.0676550461210346e-08,2.0459002807101914e-05,-0.00029765369296059856,0.00018073295105290962,0.00011906955909452062,0,12,1000.0,20260910
Poisson,74,1.8134970522376508,0.4515093405203958,1.2962276660000498,1291,0.05164341277849178,0.0006412378568280871,7.86982562015246e-08,1.9877530394497944e-05,-0.00028875400362593864,0.00017527942985545386,0.00011745362963676233,0,11,1000.0,20260910
Poisson,75,1.8131964852052715,0.4526208415721841,1.311054707999574,1305,0.05097864026671326,0.0006342837636921802,9.985230418710649e-08,1.936988360977792e-05,-0.00028119714876915456,0.0001706259442070918,0.00011602644111386308,0,11,1000.0,20260910
Poisson,76,1.81290364871834,0.4537164547027048,1.3268727909999143,1321,0.05033751884731981,0.0006280296635322957,4.203957002214901e-08,1.8892265977393262e-05,-0.00027394422095262537,0.0001661431967462443,0.00011465969042527044,0,12,1000.0,20260910
Poisson,77,1.8126178485730329,0.4547953044177528,1.3423190409994277,1336,0.04971047708584398,0.0006222525800414558,7.533176610383541e-08,1.8441287246214863e-05,-0.00026735885806524016,0.00016224356870210243,0.00011335012477931221,0,12,1000.0,20260910
Poisson,78,1.8123396438184163,0.4558562227778299,1.3576121250007418,1351,0.049049355712421194,0.0006168253110335085,4.739811903193083e-08,1.7893777833339716e-05,-0.0002603109767837006,0.00015791278982641425,0.00011170177029156799,0,12,1000.0,20260910
Poisson,79,1.8120698023401605,0.45689801121029233,1.372319999998581,1365,0.048311669363379654,0.0006117798683852118,6.214113146713615e-08,1.721853504101616e-05,-0.0002526229432158803,0.00015314060842199092,0.00010946728691085726,0,11,1000.0,20260910
Poisson,80,1.8118067639190747,0.45792562632759726,1.3884321250006906,1381,0.047744411589549764,0.0006068748845295569,5.7906645634016204e-08,1.6793071222124362e-05,-0.0002462453498587901,0.00014906197918415387,0.00010810176048216991,0,13,1000.0,20260910
Poisson,81,1.811550109944738,0.45893935987008305,1.4044707499997457,1397,0.04713892325188775,0.0006019153697604317,4.223916724617878e-08,1.6351598278893044e-05,-0.00024030237606148714,0.00014555007006934978,0.00010671115657375994,0,13,1000.0,20260910
Poisson,82,1.8113009499537251,0.45993464452257293,1.4204671660008898,1413,0.04646527725630173,0.0005970311339676669,4.164724905217419e-08,1.5882562691478564e-05,-0.00023327742831746773,0.0001412088914875766,0.00010522883671764323,0,13,1000.0,20260910
Poisson,83,1.81105734604681,0.4609174689644793,1.4358092500006023,1428,0.045957967486170107,0.0005922562726956678,5.153531713108719e-08,1.5533160745259722e-05,-0.00022807074616939204,0.0001379971681421418,0.00010408233607161629,0,12,1000.0,20260910
Poisson,84,1.810819128013273,0.46188735889303245,1.4505778329985333,1442,0.04544077124505206,0.0005874550960542731,8.138792657657809e-08,1.5162053267223726e-05,-0.0002230559802774127,0.00013497484896970573,0.00010282576166085587,0,11,1000.0,20260910
Poisson,85,1.8105863998702645,0.4628430172867783,1.4665762910008198,1458,0.04492498612173812,0.0005824024227668878,4.6572287540862364e-08,1.480624849130595e-05,-0.00021792189451554322,0.0001318154241066467,0.00010162226848249006,0,13,1000.0,20260910
Poisson,86,1.8103587805638932,0.4637857734705535,1.4812329579981451,1472,0.04442749555710735,0.0005773405682067004,6.207011639183937e-08,1.4496950206028418e-05,-0.00021312235616496018,0.00012892918829743424,0.00010056540996540629,0,11,1000.0,20260910
Poisson,87,1.8101359706442044,0.46471608699745,1.4959205409977585,1486,0.043957183479863486,0.0005723903362215653,7.704625109876872e-08,1.419549700310211e-05,-0.0002086144226884632,0.0001261982207146964,9.951831490288256e-05,0,11,1000.0,20260910
Poisson,88,1.8099179135131074,0.4656341573267708,1.51165941599902,1502,0.04349749180892056,0.0005674952262625523,2.778573486904659e-08,1.387553619141186e-05,-0.00020418159490015765,0.00012345554141366029,9.83670849768043e-05,0,12,1000.0,20260910
Poisson,89,1.8097049366165512,0.466539995509084,1.5263973750006699,1516,0.042949364169739566,0.0005625750910426626,8.227849326881422e-08,1.349487163033199e-05,-0.00019948202492711247,0.00012074450242694856,9.691329728648579e-05,0,11,1000.0,20260910
Poisson,90,1.8094983683756305,0.46742956391066115,1.5425083749978512,1532,0.04233792932302213,0.0005575937893777392,4.008021117359278e-08,1.3072438993356706e-05,-0.0001934958019287494,0.00011694322795262949,9.517359053515999e-05,0,13,1000.0,20260910
Poisson,91,1.8092972536440322,0.4683054109461384,1.557914624998375,1547,0.04177023540693313,0.0005522870360790471,2.9641460246935245e-08,1.2736401510498194e-05,-0.00018837833008402116,0.0001138771033008092,9.398426587041133e-05,0,12,1000.0,20260910
Poisson,92,1.8091003872351348,0.46917102914458225,1.573236000000179,1562,0.04134167671703624,0.0005470426914249807,7.4552561273968e-08,1.2474755684723921e-05,-0.00018439165321526148,0.00011140969720858136,9.301173151561671e-05,0,12,1000.0,20260910
Poisson,93,1.80890744154906,0.47002725011148694,1.5884629579995817,1577,0.04093194264671238,0.0005418653956101535,6.673573609006223e-08,1.2220966611026355e-05,-0.00018072471946420897,0.00010917448963306491,9.205205007848714e-05,0,12,1000.0,20260910
Poisson,94,1.8087189370763797,0.47087133898539113,1.6038471249994473,1592,0.04047541616373657,0.000536770186898539,6.30069083649282e-08,1.186733810945821e-05,-0.00017663713457083136,0.00010659150699898968,9.074159759264856e-05,0,12,1000.0,20260910
Poisson,95,1.8085354723841496,0.47170257437130947,1.6191717910005536,1607,0.03987857583753109,0.0005247690712757754,7.155156757238383e-08,1.1591756915011755e-05,-0.00017187293531626758,0.00010394965168858717,8.976430941125517e-05,0,12,1000.0,20260910
Poisson,96,1.808356062931949,0.4725237165898129,1.6339441659984004,1621,0.03947108429956729,0.0005115181261936515,9.298087119456809e-08,1.1367820107443583e-05,-0.00016804163208996897,0.00010151112741134113,8.890574671270833e-05,0,11,1000.0,20260910
Poisson,97,1.8081801444131447,0.4733360416220121,1.6494189580007514,1636,0.03908468114287036,0.0004995722434407572,3.987011854517884e-08,1.1149568517530209e-05,-0.0001647689502872695,9.953790380239319e-05,8.806168010300679e-05,0,12,1000.0,20260910
Poisson,98,1.8080081273763704,0.4741369947067408,1.6648873329977505,1651,0.038646793557256955,0.0004886797646804918,4.8063598327078276e-08,1.0873480324733313e-05,-0.00016114355644753807,9.733830416141271e-05,8.69490068671933e-05,0,12,1000.0,20260910
Poisson,99,1.8078399493366653,0.4749263848923457,1.6812664579992997,1667,0.038213256158320046,0.0004782721766104714,4.9811808295404e-08,1.0617546601811375e-05,-0.00015756049310472904,9.516539239407764e-05,8.593745823912874e-05,0,13,1000.0,20260910
Poisson,100,1.8076755228426034,0.4757058364289413,1.6973498330007715,1683,0.037804572273404134,0.00046859483059972834,2.5575611257565734e-08,1.0348717935124531e-05,-0.00015407777612661105,9.296720982314597e-05,8.475690216208419e-05,0,13,1000.0,20260910
SIRT,0,6.139926648819068,0.41528568820087214,0.0,0,0.0,0.08940047290503304,0.0,0.0,0.0,0.0,0.0,0,0,1000.0,20260911
SIRT,1,4.095337586267095,0.3884100651727184,0.0020916249995934777,1,1.8056161588058404,0.05537704426135125,nan,0.41271807009497274,-1.6318709924569885,1.8815765769049348,0.017174646784461105,0,1,1000.0,20260911
SIRT,2,3.4881881409966247,0.375931488135956,0.003689291999762645,2,0.976205092501309,0.043397427540101875,nan,0.09223189840659207,-0.5149175468638786,0.5595006261391959,0.007993359807615334,0,1,1000.0,20260911
SIRT,3,3.2413061196421666,0.3682140723359184,0.0052123339992249385,3,0.5853387112473121,0.03823772454942598,nan,0.026691493116062115,-0.22019052823839524,0.2297509510102248,0.004280565115520789,0,1,1000.0,20260911
SIRT,4,3.111134022232458,0.3623339215359667,0.006792000000132248,4,0.39708354802507745,0.034942502360135706,nan,0.00936983176012263,-0.12080226564958901,0.1222883302040995,0.0025462732668651285,0,1,1000.0,20260911
SIRT,5,3.0255811000381363,0.35733316535065235,0.008297374999528984,5,0.3054264914159017,0.03256760061148406,nan,0.003844524256420189,-0.08170839793790585,0.08088865511139025,0.0016437790864668944,0,1,1000.0,20260911
SIRT,6,2.959890621856478,0.35284669217908965,0.009806041998672299,6,0.2598288498871753,0.03075833367960387,nan,0.0018891442735308624,-0.06380133390812681,0.06231492661997368,0.0011570426193810818,0,1,1000.0,20260911
SIRT,7,2.904292686494308,0.3487282833562943,0.011307500000839354,7,0.2348775675765168,0.029311147221072906,nan,0.001122396945038238,-0.05447553841713427,0.052839561774637,0.0008916344460052712,0,1,1000.0,20260911
SIRT,8,2.855352340937106,0.344914192815602,0.012837041998864152,8,0.2183095026318118,0.028067013054547604,nan,0.0007695939264920458,-0.04817075163071067,0.0465573936102345,0.0007358569504921134,0,1,1000.0,20260911
SIRT,9,2.8107811513709637,0.3413615627434493,0.014415042001928668,9,0.20651648020375885,0.026996742850732,nan,0.000570612280198705,-0.044000577285943976,0.04243873673635478,0.000631537936795636,0,1,1000.0,20260911
SIRT,10,2.76968771409253,0.3380433268101875,0.015884542001003865,10,0.19686781336542172,0.026023546130284653,nan,0.00045132067405402853,-0.040642116604374945,0.039155590481469826,0.0005605171060545668,0,1,1000.0,20260911
SIRT,11,2.7317196237702084,0.33493756366172983,0.017409042000508634,11,0.18838887291735776,0.025094922488498015,nan,0.00037122451553389256,-0.03759686580678632,0.036193571950367785,0.000507537531898177,0,1,1000.0,20260911
SIRT,12,2.6965011419983758,0.3320256248576719,0.018814541999745416,12,0.1806831940392838,0.024215565789873522,nan,0.0003096692355610542,-0.034908812536270116,0.03358616094142075,0.00046300269989851144,0,1,1000.0,20260911
SIRT,13,2.663457852515855,0.32929268004051837,0.020291791999625275,13,0.17415644466355543,0.02338410766550082,nan,0.0002648029994172837,-0.03277848648310075,0.031526766121628275,0.0004281979540891443,0,1,1000.0,20260911
SIRT,14,2.6324102273156034,0.326725881045017,0.02180700000099023,14,0.16799295578331652,0.02259277590215268,nan,0.00022964574686378151,-0.030817979453393946,0.02963654354061085,0.00039890277372484144,0,1,1000.0,20260911
SIRT,15,2.6032648225532617,0.3243108502579682,0.023337167000136105,15,0.16230336174834933,0.021991007810176412,nan,0.00020046945688724377,-0.02894493530545381,0.027828285700600842,0.00037142849037032863,0,1,1000.0,20260911
SIRT,16,2.57570436345563,0.32203525593851284,0.02477129199905903,16,0.15742703525309423,0.02140545831461601,nan,0.00017645759213299534,-0.02738400150549724,0.02632129552620277,0.0003484412082238071,0,1,1000.0,20260911
SIRT,17,2.5494486127573337,0.31989482778131334,0.0261906670020835,17,0.15299621075664452,0.02085259334483408,nan,0.00015864775078009392,-0.026097102947512926,0.025085358673001754,0.00033093751590957706,0,1,1000.0,20260911
SIRT,18,2.5245558186175385,0.3178810463913389,0.027650874999380903,18,0.14860690496829432,0.020321996036435235,nan,0.0001425547336891127,-0.024750239406111995,0.02378859352958239,0.0003140812402017914,0,1,1000.0,20260911
SIRT,19,2.50096395968437,0.3159888178713912,0.02916733399979421,19,0.14460102141846687,0.019791131033862305,nan,0.0001298126309473002,-0.02346204630222094,0.022546386163405534,0.00029959550828732596,0,1,1000.0,20260911
SIRT,20,2.4785145185615107,0.31421090325352247,0.03071766699940781,20,0.14094477633255348,0.019267922013215324,nan,0.0001198938056769931,-0.022329547317180527,0.021456169624087394,0.00028798960855787277,0,1,1000.0,20260911
SIRT,21,2.457122167778192,0.3125383125666841,0.032206667001446476,21,0.13735460599843113,0.018768383693486334,nan,0.00011016368030210935,-0.02128218710301234,0.0204490363938697,0.000276676771610918,0,1,1000.0,20260911
SIRT,22,2.436653087022543,0.3109716466346405,0.03357675000006566,22,0.1341453993821879,0.018272555755923667,nan,0.0001023478588304133,-0.020366732896822063,0.019569331346878348,0.0002667228163051363,0,1,1000.0,20260911
SIRT,23,2.4172189798832924,0.3095055340988673,0.03494529200179386,23,0.1307395563978875,0.017787334425856872,nan,9.52207317324754e-05,-0.01933888640751549,0.018579465558894934,0.00025727771374509654,0,1,1000.0,20260911
SIRT,24,2.3987166044856223,0.30812621849399807,0.03635170900088269,24,0.1273567568827369,0.01764479150241792,nan,8.916663022207122e-05,-0.01841320876745682,0.01769138822148565,0.0002490292014188102,0,1,1000.0,20260911
SIRT,25,2.3810695141257825,0.3068313758532601,0.03771345900167944,25,0.12439460111619349,0.01756189214506617,nan,8.373328142448558e-05,-0.017563357078415692,0.016873389520496957,0.00024107072779815987,0,1,1000.0,20260911
SIRT,26,2.364269446060423,0.3056058891411873,0.0392279170009715,26,0.12124023139083295,0.01751049691029044,nan,7.793820677901353e-05,-0.016722129858577964,0.016065108379974363,0.0002325886300502401,0,1,1000.0,20260911
SIRT,27,2.3482311488224634,0.3044508014928994,0.0406863339994743,27,0.11805831667794316,0.017454101791578483,nan,7.346291768383534e-05,-0.01596483432027403,0.0153414089311181,0.00022578391565601216,0,1,1000.0,20260911
SIRT,28,2.332834575418504,0.3033689876323358,0.042198250001092674,28,0.11556039022837172,0.017393733435010345,nan,6.879281541646489e-05,-0.01532778058854225,0.014728863214472712,0.00021846899958389093,0,1,1000.0,20260911
SIRT,29,2.318020014256266,0.30235869522772896,0.043679541999154026,29,0.11309395453712953,0.017349079765634892,nan,6.496580358943771e-05,-0.014749595358651188,0.014175049034595578,0.0002121658060182855,0,1,1000.0,20260911
SIRT,30,2.3037997402452466,0.30141089890121053,0.04516700000021956,30,0.11071967666631424,0.01732508743661315,nan,6.161041173503433e-05,-0.014158663599279862,0.013607331670964893,0.00020636957921617286,0,1,1000.0,20260911
SIRT,31,2.2900908878356367,0.30052215860234005,0.04662166699927184,31,0.10844894074315135,0.017292356900913384,nan,5.8749986269362806e-05,-0.013650102423347703,0.013120793772194262,0.0002015110137745818,0,1,1000.0,20260911
SIRT,32,2.276868881066794,0.29969190582039856,0.04814441700000316,32,0.10627173810246898,0.017251233218099488,nan,5.596105149490284e-05,-0.013166045717347032,0.012657322652876677,0.00019660722581623974,0,1,1000.0,20260911
SIRT,33,2.2641666754974135,0.298919283694891,0.049577459001739044,33,0.10415832306707393,0.01720906835592643,nan,5.321442624726351e-05,-0.012648991143136567,0.012159757756173372,0.00019166967471038953,0,1,1000.0,20260911
SIRT,34,2.2519397408882713,0.29819601872928186,0.0510575840016827,34,0.10213147158728929,0.017164393916810423,nan,5.074172406145823e-05,-0.01217619288507246,0.011705392734712885,0.000187312891412482,0,1,1000.0,20260911
SIRT,35,2.240096127884907,0.29752998882443293,0.05253166699912981,35,0.10035537924362636,0.017114311178523814,nan,4.851434824438021e-05,-0.01179509865512751,0.011340052896207736,0.0001832171024271439,0,1,1000.0,20260911
SIRT,36,2.2286561294176646,0.29691921447682174,0.05398741699900711,36,0.09860160801110213,0.017063386157762223,nan,4.6586542601189204e-05,-0.011393411924638976,0.010953884612123667,0.00017974310995839602,0,1,1000.0,20260911
SIRT,37,2.2175935901560533,0.29635876567415886,0.05547212500096066,37,0.0968375427000897,0.017011286432421665,nan,4.488593297390683e-05,-0.011017653328633241,0.010593663777801686,0.00017669544323148953,0,1,1000.0,20260911
SIRT,38,2.2069326930268454,0.29584879237568373,0.05706604200167931,38,0.09511572352555622,0.016961279512581084,nan,4.3091943233218736e-05,-0.010617805185980704,0.010208547086118422,0.0001731318388115079,0,1,1000.0,20260911
SIRT,39,2.196583588751978,0.2953858021317733,0.0584897920016374,39,0.09352887023874888,0.01690782836539454,nan,4.155520095997096e-05,-0.010307549073901048,0.009911721796460734,0.00017015167220063788,0,1,1000.0,20260911
SIRT,40,2.1866163349260823,0.2949639642013207,0.05991566699958639,40,0.0918249673023019,0.016854084632853424,nan,3.992925185744918e-05,-0.00992732457403795,0.009545662594892031,0.00016660866250844158,0,1,1000.0,20260911
SIRT,41,2.1770843665563064,0.2945731067440233,0.061401250000926666,41,0.08988364620995498,0.01680865036203671,nan,3.8105471918432204e-05,-0.009493862897856656,0.009128014876976061,0.00016263220583432393,0,1,1000.0,20260911
SIRT,42,2.167836587151236,0.2942191745049853,0.06280137499925331,42,0.08838947343481168,0.01675893073501947,nan,3.684933159559394e-05,-0.009210930073478814,0.008857144454366325,0.00016009093146320092,0,1,1000.0,20260911
SIRT,43,2.158878791495308,0.2939031917791584,0.06431170900032157,43,0.08688672756942778,0.016707871381166618,nan,3.57537654419112e-05,-0.008922041890477427,0.008580330484541716,0.00015795521227256448,0,1,1000.0,20260911
SIRT,44,2.1501998364687758,0.2936227140758286,0.06579891699948348,44,0.08547526299108052,0.01665807468021956,nan,3.460847209690955e-05,-0.008644346554437049,0.008313653997362546,0.00015540190661301047,0,1,1000.0,20260911
SIRT,45,2.141817077766386,0.2933637719498411,0.06728891700186068,45,0.08375219192789785,0.016608789363980442,nan,3.336672623435447e-05,-0.008349391976156311,0.008032037219753542,0.00015284963082521963,0,1,1000.0,20260911
SIRT,46,2.133696209041641,0.29313975773973466,0.06868691699855844,46,0.08243823452595483,0.016565257911027694,nan,3.2354408990019486e-05,-0.008088514315756978,0.007781065599157117,0.00015049875182550032,0,1,1000.0,20260911
SIRT,47,2.1258418799779504,0.2929407149184557,0.07019687499996508,47,0.0810460093249245,0.01652197258784129,nan,3.124947811388999e-05,-0.007823079585569274,0.007525906282315758,0.00014800088692461236,0,1,1000.0,20260911
SIRT,48,2.118253661667715,0.29276775613965883,0.07166737499937881,48,0.07971364476936249,0.016479207742672437,nan,3.0242821616958275e-05,-0.007557975488625948,0.007270505052114567,0.00014565594707631365,0,1,1000.0,20260911
SIRT,49,2.1108728433770945,0.2926218998336855,0.07317849999890313,49,0.07850710235005234,0.016435520274934425,nan,2.942772998484236e-05,-0.007351390560633593,0.007072650034650459,0.00014379475715994505,0,1,1000.0,20260911
SIRT,50,2.1037149014308545,0.2924970142135074,0.07462362500154995,50,0.0772402592228511,0.01639214396556003,nan,2.8604967049537835e-05,-0.007129336979190637,0.006859639063999314,0.00014179284469201245,0,1,1000.0,20260911
SIRT,51,2.096857023213331,0.2924022643473837,0.07605616699947859,51,0.07587577475500994,0.016359418474337018,nan,2.788606317846846e-05,-0.006829992154348084,0.006570021557790055,0.00013973579183711277,0,1,1000.0,20260911
SIRT,52,2.090226645609831,0.2923322376115345,0.0775281249989348,52,0.07456816393880172,0.01632736563398913,nan,2.7246885620234005e-05,-0.006603130717878474,0.006352357049839737,0.0001382158926481113,0,1,1000.0,20260911
SIRT,53,2.083776684445323,0.2922877933221866,0.0790266670010169,53,0.07351493820317767,0.01629463023658825,nan,2.663122283482857e-05,-0.0064233299416774055,0.00617973885755706,0.0001367152420113939,0,1,1000.0,20260911
SIRT,54,2.0775098996156256,0.2922656304682362,0.08042162499987171,54,0.07239742346944675,0.016261086735022655,nan,2.5765980677039725e-05,-0.006241018849012619,0.006004715483446616,0.00013450969183211202,0,1,1000.0,20260911
SIRT,55,2.0714152722506616,0.2922661976904411,0.08176991700020153,55,0.07139847668003955,0.01622734569516486,nan,2.504803776637292e-05,-0.006069579327201552,0.005839740241352515,0.00013254349489410494,0,1,1000.0,20260911
SIRT,56,2.0654659014650494,0.2922917870635174,0.08315762500205892,56,0.07049216265346751,0.016193701220304564,nan,2.4401363630357747e-05,-0.005924969421978832,0.00570091353583405,0.00013069049227287083,0,1,1000.0,20260911
SIRT,57,2.059663981179578,0.29234171575852613,0.08455020900146337,57,0.06955971439055242,0.016160220004159717,nan,2.378336094611557e-05,-0.005778136924532175,0.005559992592166568,0.00012902449336689255,0,1,1000.0,20260911
SIRT,58,2.0540413930742107,0.29240883848930943,0.08592795900040073,58,0.06845868905501304,0.016127608735637414,nan,2.3110094482726304e-05,-0.005599478010887524,0.005388258500010762,0.00012724596974878668,0,1,1000.0,20260911
SIRT,59,2.0485954626566043,0.29248950854885586,0.08733529199889745,59,0.0674114944058574,0.016095521193255764,nan,2.2294739608735764e-05,-0.0054236356779903344,0.00521871493870489,0.0001249946848941917,0,1,1000.0,20260911
SIRT,60,2.0433076155906025,0.29258794539161853,0.08869554199918639,60,0.06643058824232169,0.01606428346412862,nan,2.1678457567273504e-05,-0.005266168608436536,0.005067195913290783,0.0001232603255955365,0,1,1000.0,20260911
SIRT,61,2.0381679499594347,0.29269982473455003,0.09015341700069257,61,0.06548708481380557,0.016034900474613756,nan,2.1138680846471585e-05,-0.0051185269503183,0.004925237717297216,0.00012174515794761288,0,1,1000.0,20260911
SIRT,62,2.0331530511694624,0.29282072420296096,0.0915562090012827,62,0.06456760409742547,0.016004586769943503,nan,2.0695962686756478e-05,-0.004994202827279787,0.0048064500150282055,0.00012048901104288814,0,1,1000.0,20260911
SIRT,63,2.0282555192920046,0.2929562662501443,0.09303495900167036,63,0.06375868727610957,0.015974299421146657,nan,2.0253022778891313e-05,-0.004877278854680634,0.0046942733672991465,0.00011911667233052688,0,1,1000.0,20260911
SIRT,64,2.023523055082949,0.29310960405926473,0.09442141700128559,64,0.06283684190248087,0.015950150331593485,nan,1.9700346481480877e-05,-0.004712763862581361,0.004535040774041951,0.00011718585560176066,0,1,1000.0,20260911
SIRT,65,2.018908751625146,0.2932790880773516,0.09585212499951012,65,0.062053060603544305,0.01592496257911692,nan,1.9338519380297647e-05,-0.0045949649384240815,0.0044217743412896466,0.00011612365284200463,0,1,1000.0,20260911
SIRT,66,2.0144096993776155,0.29346220599101663,0.09731012500196812,66,0.061288315812147505,0.015900014354477056,nan,1.896786190673373e-05,-0.004480084385623006,0.004311239364775857,0.00011504869769526834,0,1,1000.0,20260911
SIRT,67,2.010007774119604,0.29366140825108944,0.0987249999998312,67,0.06058702832822308,0.015875191613949246,nan,1.856618159971948e-05,-0.004383359076412102,0.004218385857929396,0.00011377923956622867,0,1,1000.0,20260911
SIRT,68,2.005704462934018,0.2938752500244485,0.10015308400033973,68,0.059898160005336064,0.01585094742558573,nan,1.8201256921498085e-05,-0.004285109928654749,0.00412392170698467,0.00011262677675200343,0,1,1000.0,20260911
SIRT,69,2.001498024453915,0.2941041121960318,0.10158954199869186,69,0.05920943951916025,0.015827411182945016,nan,1.7866054725422715e-05,-0.004188572425385287,0.004031150593694171,0.0001115707400371709,0,1,1000.0,20260911
SIRT,70,1.9973880961003978,0.2943475712297285,0.10303570900214254,70,0.05853342863953973,0.01580558700967959,nan,1.7528248588945875e-05,-0.004092400104924538,0.003938620240102307,0.00011049118104524207,0,1,1000.0,20260911
SIRT,71,1.9933808204736028,0.2946021132971512,0.10446979200060014,71,0.05778903312343844,0.015783322453909374,nan,1.714424824762717e-05,-0.003990131378557658,0.0038402970093279437,0.00010928743966324301,0,1,1000.0,20260911
SIRT,72,1.9894816065400192,0.29486350896865277,0.10587554200174054,72,0.056968326682661184,0.015761148993145825,nan,1.6809057070885792e-05,-0.0038824048765040706,0.0037369444213324913,0.0001081096301358642,0,1,1000.0,20260911
SIRT,73,1.9856726577690351,0.29512640317382705,0.10737041700122063,73,0.056122453076950955,0.015738276972100482,nan,1.6394566364191073e-05,-0.003792554204619221,0.003651462284015305,0.00010693282057134247,0,1,1000.0,20260911
SIRT,74,1.981948180639677,0.29539324649153326,0.10874145900015719,74,0.05548063282583778,0.015716057341855928,nan,1.605732444671501e-05,-0.00370841980491056,0.003570572098420312,0.00010585407089301197,0,1,1000.0,20260911
SIRT,75,1.9782988413778257,0.29566955792359484,0.11018799999874318,75,0.05487194192269074,0.015693784854596517,nan,1.576782815221839e-05,-0.003633571433699342,0.0034987927613329348,0.0001048702329490891,0,1,1000.0,20260911
SIRT,76,1.9747226819156358,0.295955704808728,0.11158395900201867,76,0.05429909095046497,0.015671667840732293,nan,1.547291190639182e-05,-0.003560686550281847,0.0034287398982875772,0.00010387995856722578,0,1,1000.0,20260911
SIRT,77,1.9712277108926282,0.29625162695975316,0.11296450000008917,77,0.05365063152377506,0.01565022216499731,nan,1.5072977248381778e-05,-0.0034798980457611713,0.00335105150986267,0.00010255730485762099,0,1,1000.0,20260911
SIRT,78,1.9678110627515302,0.2965542477019554,0.1143532089990913,78,0.05305041397305907,0.015629223814267807,nan,1.4777652331173199e-05,-0.0034018704887651377,0.0032759308199623418,0.00010157308328581337,0,1,1000.0,20260911
SIRT,79,1.9644592422805476,0.2968668997433142,0.11577562499951455,79,0.05251285715865556,0.015608271248562865,nan,1.4505047409577977e-05,-0.0033373154235684386,0.0032139404626343234,0.00010061102786507005,0,1,1000.0,20260911
SIRT,80,1.9611938621682043,0.2971874210381625,0.11722762499994133,80,0.05187225171564286,0.015588563362401104,nan,1.4199549359868139e-05,-0.0032511805629892422,0.0031308435874406798,9.947803087622066e-05,0,1,1000.0,20260911
SIRT,81,1.9580258504089887,0.29751329812192023,0.11863170899960096,81,0.05124185329493833,0.015570785917267772,nan,1.3897165538129493e-05,-0.003154114593674695,0.003036725382760662,9.834782393059744e-05,0,1,1000.0,20260911
SIRT,82,1.9549434777421484,0.2978403744183472,0.12008304200207931,82,0.05056161049965061,0.01555401214287072,nan,1.3562876415631958e-05,-0.0030688097904219315,0.002954548844024386,9.712676646749057e-05,0,1,1000.0,20260911
SIRT,83,1.951919743052295,0.2981740001904045,0.12150812500112806,83,0.050038956373699414,0.015536951741707617,nan,1.3287712696961873e-05,-0.0030104469771594614,0.002898539832104947,9.613005005296643e-05,0,1,1000.0,20260911
SIRT,84,1.9489529183329275,0.29851602632852015,0.12295316699965042,84,0.04955104923391482,0.015519282940353759,nan,1.3078456115238522e-05,-0.002953746263248425,0.0028440593953583965,9.536127088129206e-05,0,1,1000.0,20260911
SIRT,85,1.9460462915639207,0.2988663388330441,0.12449116700008744,85,0.0490288862116427,0.015501147724104342,nan,1.2834858395412752e-05,-0.0028937919106099895,0.00278643518484906,9.439114488587956e-05,0,1,1000.0,20260911
SIRT,86,1.9432032741325838,0.29922475570904283,0.1259282089995395,86,0.04853618838310878,0.015482902031102865,nan,1.262389651345784e-05,-0.002830393534823481,0.002725229352198938,9.359567032733826e-05,0,1,1000.0,20260911
SIRT,87,1.940410615712209,0.29959103763017997,0.12734416700186557,87,0.04808392392080054,0.0154645948112411,nan,1.2416720109109344e-05,-0.0027802417002708024,0.0026770552333937273,9.281395522343808e-05,0,1,1000.0,20260911
SIRT,88,1.937675411804315,0.2999642985552346,0.12879320900174207,88,0.047614546319480415,0.015447235802705617,nan,1.2206563453827397e-05,-0.002722997344443111,0.00262184665683356,9.196279650597664e-05,0,1,1000.0,20260911
SIRT,89,1.9349916220566448,0.3003438314229094,0.130272624999634,89,0.04716467666100601,0.01542997573502765,nan,1.2016654602834247e-05,-0.0026717730930644547,0.0025725644114432777,9.124163117832677e-05,0,1,1000.0,20260911
SIRT,90,1.932373694355576,0.30072986504098465,0.13170441699912772,90,0.046662953873840916,0.015412984744789146,nan,1.1734503134990717e-05,-0.0026061931979330356,0.002509056137857113,9.008283655998994e-05,0,1,1000.0,20260911
SIRT,91,1.929808498980326,0.3011195731315223,0.13319091700032004,91,0.04614003825174302,0.015395499036408966,nan,1.1507781551873815e-05,-0.0025536875936969725,0.0024587502187565133,8.920840013490877e-05,0,1,1000.0,20260911
SIRT,92,1.9272967960493572,0.3015125442217466,0.13457133400152088,92,0.045671519263388784,0.015377897178790238,nan,1.1367928918147377e-05,-0.0025003350020569234,0.002407408547377391,8.869070140547734e-05,0,1,1000.0,20260911
SIRT,93,1.9248337876690895,0.30190872824346093,0.1359803750019637,93,0.04522233319705147,0.015360031445505058,nan,1.117346977334306e-05,-0.0024518349104849266,0.002360755409278438,8.797140892817573e-05,0,1,1000.0,20260911
SIRT,94,1.9224147475347497,0.30231021329066166,0.13744720899921958,94,0.04481600379820737,0.015341784684761736,nan,1.0999059955397507e-05,-0.002408041074386033,0.0023186164245177538,8.727493537813475e-05,0,1,1000.0,20260911
SIRT,95,1.920042973365598,0.30271585673976414,0.13884437500018976,95,0.04437762138430422,0.015323924831611338,nan,1.0778787228026284e-05,-0.002360995381928279,0.002273305505165364,8.635271370045284e-05,0,1,1000.0,20260911
SIRT,96,1.9177150979528865,0.3031260251050494,0.14038066699868068,96,0.04397654860571071,0.015306047139752463,nan,1.061896977881492e-05,-0.0023172564429343174,0.002231178571347878,8.569573441334581e-05,0,1,1000.0,20260911
SIRT,97,1.9154271875715785,0.30354158945153065,0.14177233400187106,97,0.04358741986697514,0.015287918367126525,nan,1.0456661447514278e-05,-0.0022774537198589026,0.0021929172227750458,8.501707954083788e-05,0,1,1000.0,20260911
SIRT,98,1.9131809967930602,0.3039610852731034,0.14318704200195498,98,0.043175210416658776,0.015269695492965368,nan,1.0300623925487838e-05,-0.002235890154594319,0.0021529858387921486,8.439957584147401e-05,0,1,1000.0,20260911
SIRT,99,1.9109763348964635,0.3043850364889238,0.14453462500023306,99,0.042767850981256815,0.015251827021593696,nan,1.019211502630982e-05,-0.002194469781565764,0.0021132074427189884,8.40289493944745e-05,0,1,1000.0,20260911
SIRT,100,1.9088130798451515,0.3048112771902792,0.14590875000067172,100,0.04233086788273096,0.015234139504692793,nan,1.0022222723254637e-05,-0.0021532328285937623,0.002073659932526724,8.33719805755001e-05,0,1,1000.0,20260911
LS,0,6.139926648819068,0.41528568820087214,0.0,0,0.0,0.08940047290503304,0.0,0.0,0.0,0.0,0.0,0,0,1000.0,20260911
LS,1,2.3297018061468218,0.31789406214462124,0.16315525000027264,248,11.214605679831658,0.026870543052073526,8.931174481803518e-08,0.7741464873829648,-3.03607835528927,-2.4781441850333787,0.022018487466592827,0,233,1000.0,20260911
LS,2,1.8984373008206925,0.346906135451251,0.25292049999916344,381,2.5436875728505366,0.011570915814571453,9.08612980591578e-08,0.12544368709497827,-0.305820818231156,0.1077471819124165,0.009155624302924305,0,126,1000.0,20260911
LS,3,1.8075318022202223,0.3725346605414703,0.33293154199782293,499,1.5301632123125748,0.006051168738495152,9.653104452667211e-08,0.03141769497550004,-0.059487803624964045,-0.026164474215266645,0.004703186919719727,0,111,1000.0,20260911
LS,4,1.7747528417807743,0.39271173375430785,0.4101119170009042,614,1.130047237288001,0.004982810597811278,7.671654419619764e-08,0.013433791933552248,-0.019345168505899176,-0.031071377485664242,0.0030755954105644856,0,110,1000.0,20260911
LS,5,1.7570486923115554,0.4095829107922288,0.48312458299915306,728,0.9111061675668272,0.005390776857550943,7.240224299537845e-08,0.007952629528884354,-0.009751519940340417,-0.02380157295969662,0.0023459070580314277,0,106,1000.0,20260911
LS,6,1.7454214582606953,0.424267029437376,0.5499691669974709,830,0.7651789688317411,0.005902803707587706,7.096511401361025e-08,0.005378311505886531,-0.006248922544972577,-0.01764770866626025,0.001916221769374123,0,95,1000.0,20260911
LS,7,1.7372170559700129,0.43688065828348693,0.613293957998394,926,0.6574780072039091,0.006091632517265598,8.51182231081616e-08,0.003833002210814422,-0.004371400079871394,-0.013409464207158758,0.001616206197411485,0,91,1000.0,20260911
LS,8,1.7311867112130896,0.4477517345694747,0.6784730830004264,1024,0.5689050503722671,0.006174463493030711,8.775666893885412e-08,0.0028580988938995675,-0.0031722458630180704,-0.010152303060030381,0.0014011411036415782,0,92,1000.0,20260911
LS,9,1.7265392619046933,0.45731394867579883,0.7443147499980114,1121,0.5027526043484147,0.006217447306201647,7.167619321277262e-08,0.0022111745239641626,-0.0024362747844353452,-0.007990559750559349,0.0012366361066808032,0,90,1000.0,20260911
LS,10,1.7229098492402177,0.4657888858077376,0.8032113749977725,1208,0.44236242813155646,0.006238079936454631,9.938171095190112e-08,0.0017162005267357654,-0.0019132121377427936,-0.006154813226646738,0.0010908703278396145,0,83,1000.0,20260911
LS,11,1.7199937166163517,0.4732993704005231,0.8639596670000174,1300,0.39846092933914923,0.006256066070728768,9.273941260291164e-08,0.0013735491627445166,-0.001542583461118546,-0.005022422986624893,0.000977153284745909,0,85,1000.0,20260911
LS,12,1.7175890620499776,0.4801510989979495,0.9243226670005242,1394,0.3625500463756738,0.006262939095765372,9.125073330695532e-08,0.001123261944510653,-0.001281392621864843,-0.0041674722399760965,0.0008829767018762113,0,86,1000.0,20260911
LS,13,1.7156079017469206,0.48636458698780755,0.9847679999984393,1487,0.3305828453105302,0.006257364724100686,7.379332697814284e-08,0.00092711795133482,-0.001054042351721336,-0.003483090577623237,0.0008011875086591135,0,87,1000.0,20260911
LS,14,1.7139612546518466,0.4920065463232537,1.044063624998671,1575,0.3018344077710861,0.006254527978733858,7.301856385008956e-08,0.0007772365277356328,-0.0008694105673394556,-0.002908553390652109,0.0007342768367946917,0,82,1000.0,20260911
LS,15,1.7125526343860575,0.49721437530180224,1.0996200419976958,1659,0.2784630400345752,0.006244513973424199,9.693643193148923e-08,0.000660590803338282,-0.0007480294624510706,-0.0024684629674758436,0.0006762131852598317,0,79,1000.0,20260911
LS,16,1.7113224734879509,0.5020710986689434,1.1538379579978937,1741,0.2605875012803701,0.0062271303495284955,8.846740561796621e-08,0.0005718460456856753,-0.000658314852417732,-0.0021651313930706644,0.0006282463909666532,0,77,1000.0,20260911
LS,17,1.710235048976862,0.506606677361523,1.2069394999998622,1821,0.24458650583093025,0.006211195091669899,8.801950247904029e-08,0.0004986632370285174,-0.0005887612740609218,-0.001903703430640398,0.0005870287531698229,0,76,1000.0,20260911
LS,18,1.7092768764232205,0.5108664882248257,1.261771082998166,1903,0.23012872951595326,0.006199844147278509,8.751120599385655e-08,0.0004399655757674271,-0.0005182069778763461,-0.0016897890537897267,0.0005516358759085357,0,76,1000.0,20260911
LS,19,1.708441175904813,0.514821101570637,1.312875042000087,1980,0.2140446670093992,0.006188407626834035,9.663019992994742e-08,0.0003819095931668899,-0.00045379092523709444,-0.0014550554553508063,0.0005141057018257387,0,72,1000.0,20260911
LS,20,1.7077019987140782,0.5185290499460661,1.367241791998822,2063,0.20029955701386817,0.006174088392435212,7.877643046224463e-08,0.00033615675519320994,-0.00040302043554351046,-0.0012668184362627948,0.0004828448566573081,0,76,1000.0,20260911
LS,21,1.707039006683303,0.5220133448426862,1.417955124998116,2139,0.18826120019045534,0.006160074029473212,9.503537102443518e-08,0.00029780796481848127,-0.0003651840659574301,-0.0011091219440822907,0.0004549515796505785,0,72,1000.0,20260911
LS,22,1.7064473001877967,0.5252828302866801,1.4700064169992402,2218,0.17770297185687273,0.006143856290326639,8.125247881207107e-08,0.0002657454558277891,-0.0003259610396736694,-0.0009872108148318974,0.0004295348017280446,0,73,1000.0,20260911
LS,23,1.7059169755669128,0.5283449912427394,1.5190264169978036,2292,0.16835018556638812,0.006122201908240608,9.444085428999864e-08,0.00023939623529418806,-0.000290928385592136,-0.0008867646281279949,0.0004080717698507452,0,68,1000.0,20260911
LS,24,1.705454527750393,0.5311660400416777,1.5680376249983965,2365,0.15820623325145589,0.006100540308384465,7.936480964471936e-08,0.00021203109744620535,-0.00025041671907458096,-0.0007890127954608746,0.0003852551665479395,0,69,1000.0,20260911
LS,25,1.7050354306475926,0.5337782633410125,1.6178405419996125,2441,0.14865655801931246,0.006081746989787578,9.793778453628685e-08,0.00019006609369675946,-0.00022903100910474938,-0.0006858415093070464,0.00036541336883904885,0,69,1000.0,20260911
LS,26,1.704669705148958,0.5361921720481164,1.668310917000781,2517,0.14033102465877514,0.0060736715274471295,8.949722254542944e-08,0.00016956738691729396,-0.00019615811171376185,-0.0006189143254546376,0.0003455880016118331,0,71,1000.0,20260911
LS,27,1.7043422826326018,0.5384567355250766,1.7161917499979609,2588,0.13316901164088601,0.006067718093385236,8.919419674011732e-08,0.00015329355782959348,-0.00017412895852971644,-0.0005592767667142091,0.00032864843868182835,0,68,1000.0,20260911
LS,28,1.7040509298160247,0.5405439216800335,1.7625730420004402,2657,0.12577260029510345,0.006064301034083117,8.51322366010499e-08,0.00013701531268685236,-0.00015433750389316192,-0.0004995845326724867,0.0003110414147712614,0,65,1000.0,20260911
LS,29,1.7037908574477596,0.5424883487139924,1.8071495000003779,2723,0.11927418759346999,0.006061033943314075,9.430424588949438e-08,0.00012399423819206906,-0.0001360781300756152,-0.0004512442230390283,0.0002962497680579228,0,62,1000.0,20260911
LS,30,1.7035594033236872,0.5443022590822173,1.8554902079995372,2795,0.11305053887777877,0.006058099008713328,9.568115075488956e-08,0.00011267014393987485,-0.0001187839801282919,-0.0004075670929553697,0.00028270776532029747,0,69,1000.0,20260911
LS,31,1.7033462379671676,0.5460168642510485,1.9023644999979297,2866,0.10783415842187422,0.006056477573425124,8.178979395635468e-08,0.00010313384967849903,-0.00011003150684659664,-0.0003682449296080866,0.00027076143517859445,0,66,1000.0,20260911
LS,32,1.7031487153136287,0.5476550254355199,1.9477426249977725,2935,0.10319534462065263,0.006055189015400684,8.51365234703806e-08,9.511338116190054e-05,-0.00010240927237587735,-0.00033494130402986785,0.00026024827620162367,0,65,1000.0,20260911
LS,33,1.7029663350938342,0.5492298541794343,1.9918356249982025,3001,0.09909516264905044,0.00605442384546224,9.688320609280326e-08,8.780160874050838e-05,-9.457861105594814e-05,-0.0003086123432276456,0.0002501413899578285,0,63,1000.0,20260911
LS,34,1.7027980359017119,0.5507375936418771,2.0360959579993505,3067,0.09501564293205625,0.006052351437058999,9.128458341234314e-08,8.125141970027155e-05,-8.704777241804022e-05,-0.0002830994279672441,0.00024071730213420851,0,62,1000.0,20260911
LS,35,1.7026466557455375,0.5521620423870008,2.0809673330004443,3134,0.09096008416815693,0.006047569044737813,9.629033719959396e-08,7.468221197515668e-05,-7.669794419729151e-05,-0.0002623066894195797,0.0002304810570703519,0,63,1000.0,20260911
LS,36,1.702515102925693,0.5535048367412844,2.126576832997671,3203,0.08726286721407303,0.006044323329390762,7.320411546720727e-08,6.861510934714616e-05,-6.29377105033401e-05,-0.0002491875798765978,0.0002207186260722901,0,64,1000.0,20260911
LS,37,1.7023970578460286,0.5547445531574117,2.170744957998977,3269,0.08349232065438938,0.006042804263927984,9.308475780651773e-08,6.290533148592585e-05,-5.513974817575004e-05,-0.00023050330074826056,0.00021133035706229696,0,63,1000.0,20260911
LS,38,1.702290714921736,0.5559128445830481,2.2147203749991604,3335,0.08014248316093124,0.006042305448367737,7.297432044479558e-08,5.8022751556563614e-05,-4.8320172739308634e-05,-0.00021479795606732798,0.00020293191495211407,0,63,1000.0,20260911
LS,39,1.7021934972556554,0.5570322139449674,2.2602937080009724,3404,0.07714494725415753,0.006041820242303635,7.999513148171175e-08,5.392779860050649e-05,-4.3289867476978886e-05,-0.00020034947826183059,0.00019566874963784426,0,65,1000.0,20260911
LS,40,1.7021064554619056,0.5580985008290921,2.304117416999361,3469,0.07455760724325837,0.006041345677990035,8.420943260127891e-08,5.0219826872134167e-05,-3.6821966875633565e-05,-0.00019090004614225612,0.0001889192632461368,0,63,1000.0,20260911
LS,41,1.7020269183247279,0.5591095324368768,2.347286249998433,3534,0.07201307065685218,0.006041477064163469,8.65377562077429e-08,4.655474376532585e-05,-3.2982393415898665e-05,-0.00017975698009365168,0.00018188279386494656,0,61,1000.0,20260911
LS,42,1.7019541635796405,0.5600669509597426,2.390141374999075,3599,0.06936899594792009,0.006041681549165645,9.476948974578494e-08,4.327057829356862e-05,-2.9484166794131574e-05,-0.0001678481348537388,0.00017541319168232273,0,59,1000.0,20260911
LS,43,1.7018872419073077,0.5609724449457848,2.4330629169999156,3664,0.06688511681769699,0.006041600568816945,9.257246115014957e-08,4.024725675140772e-05,-2.667441558338311e-05,-0.00015675927025305054,0.00016934751452586807,0,60,1000.0,20260911
LS,44,1.7018247634940082,0.5618452133461052,2.474169749999419,3725,0.06461358264991915,0.0060411542366539395,8.534502318881307e-08,3.766769580826605e-05,-2.4810717485531458e-05,-0.0001462673398434695,0.00016390996227798904,0,58,1000.0,20260911
LS,45,1.7017667435537227,0.562689431847844,2.5172150830003375,3791,0.06255886395862031,0.006040785579788401,9.812824124333334e-08,3.538095845976144e-05,-2.26389818231543e-05,-0.00013766063270412182,0.0001589286220661052,0,59,1000.0,20260911
LS,46,1.7017128493962037,0.5635053859260284,2.5603816250004456,3857,0.06064046419460285,0.006040494141262955,8.337041816992939e-08,3.3312762035442156e-05,-2.0581395480572913e-05,-0.00012996913736784894,0.00015428100231636808,0,59,1000.0,20260911
LS,47,1.701662500900692,0.5642943935107078,2.6033714580007654,3922,0.058823236699513184,0.006040197987533807,9.391721273414363e-08,3.139935761661151e-05,-1.894913790336775e-05,-0.00012266016327868267,0.00014983428575422953,0,59,1000.0,20260911
LS,48,1.7016147041686907,0.5650518100942854,2.6442512499997974,3983,0.05693029089486408,0.00603996900212536,9.47577940874686e-08,2.939791028543689e-05,-1.8398821716141564e-05,-0.00011425616906729941,0.00014493744225778173,0,57,1000.0,20260911
LS,49,1.7015716258060547,0.5657767168379824,2.6850038329976087,4044,0.05506187543343215,0.006040264519102487,9.088043391411515e-08,2.7524301992134126e-05,-1.5554060639361913e-05,-0.00010851214367638896,0.00014021924031128898,0,56,1000.0,20260911
LS,50,1.7015323052300884,0.5664704015806105,2.725193957998272,4103,0.053285851910511745,0.006041027973740648,9.288343914686838e-08,2.586844753423008e-05,-1.3452128433226173e-05,-0.00010264852472510988,0.00013596509326487577,0,56,1000.0,20260911
LS,51,1.7014962539649543,0.5671399628977452,2.7661382500009495,4164,0.05180859955305101,0.0060412071712006715,9.966150777614682e-08,2.443963783305078e-05,-1.1611627303467427e-05,-9.815528424835711e-05,0.00013220454572492548,0,57,1000.0,20260911
LS,52,1.7014631770140511,0.5677870870756856,2.8069539999996778,4225,0.05031407129838209,0.006041216401918148,8.932139081127224e-08,2.3103922434017444e-05,-9.973028457764717e-06,-9.349833762777905e-05,0.0001286002998507902,0,56,1000.0,20260911
LS,53,1.7014326473959998,0.5684034748375952,2.8464146250007616,4283,0.048745444829121194,0.006042159792314251,7.647753876771471e-08,2.1665649898902957e-05,-8.863968156293262e-06,-8.82763015280557e-05,0.00012458230492271935,0,55,1000.0,20260911
LS,54,1.7014039581405058,0.5689910061914925,2.8867595000010624,4343,0.047170183595557684,0.006042659979981684,8.829144837924666e-08,2.0357240306498782e-05,-8.332015183647626e-06,-8.2562055528001e-05,0.00012087484014167397,0,56,1000.0,20260911
LS,55,1.7013771870944687,0.5695564086398046,2.928616291999788,4404,0.04578649360374612,0.006042786400742804,9.521907789860119e-08,1.922343857165118e-05,-7.547607466492793e-06,-7.804910378919464e-05,0.00011751969271540142,0,55,1000.0,20260911
LS,56,1.7013523048929091,0.5701036655776135,2.968141999997897,4464,0.04454493546940729,0.006042612213605421,9.651414284471573e-08,1.8228848123768538e-05,-6.653353442078231e-06,-7.433036223907682e-05,0.00011447286831698946,0,55,1000.0,20260911
LS,57,1.7013290470031817,0.5706342847592638,3.007251291997818,4522,0.04337992209204908,0.006042215272893597,8.931395640257246e-08,1.7313211883130184e-05,-5.944677841669037e-06,-7.083299230815526e-05,0.0001115938275931513,0,54,1000.0,20260911
LS,58,1.7013072208419007,0.5711496569325762,3.046600875000877,4580,0.04225055463473663,0.006041734492602032,8.822148421608634e-08,1.6451775978946513e-05,-5.374385299068482e-06,-6.742930706615211e-05,0.000108818283486684,0,55,1000.0,20260911
LS,59,1.7012865479341435,0.5716507566464426,3.086775249998027,4640,0.041081513328413775,0.006041360893181502,8.916774939802439e-08,1.558461468338369e-05,-5.088293072317463e-06,-6.371162911042985e-05,0.00010596427816254736,0,55,1000.0,20260911
LS,60,1.7012674821833305,0.5721370277420684,3.1259208749979734,4698,0.03988218198738242,0.006040994684156404,9.610741092038831e-08,1.4645163236985145e-05,-4.420587581013399e-06,-6.046367119072689e-05,0.00010273284979367336,0,54,1000.0,20260911
LS,61,1.7012505734919596,0.572606968638659,3.164382041999488,4755,0.03870385578834741,0.006040328071611082,9.579717876492514e-08,1.3796414232565366e-05,-3.11227713887198e-06,-5.799073127342805e-05,9.972539040432565e-05,0,53,1000.0,20260911
LS,62,1.7012350810367494,0.5730619774308313,3.2046965419976914,4816,0.03765637183532365,0.006039504275932013,9.455904193414479e-08,1.3054551598796811e-05,-2.4379036075818066e-06,-5.5407661779743615e-05,9.703500417823336e-05,0,55,1000.0,20260911
LS,63,1.7012231443132997,0.5735014443377248,3.241540167000494,4870,0.036390008869983045,0.006039648137851478,9.968787531925575e-08,1.2172998593787919e-05,2.3627514140923955e-07,-5.427491382819301e-05,9.372208720674727e-05,0,50,1000.0,20260911
LS,64,1.7012122408419426,0.5739236076107994,3.28111062500102,4929,0.035316329823776874,0.006039662034360829,7.172630925879965e-08,1.1506867790709786e-05,6.033964338723981e-07,-5.145868625396305e-05,9.1161829415964e-05,0,55,1000.0,20260911
LS,65,1.7012018881958026,0.5743310602111364,3.3211315000007744,4989,0.03438746323560663,0.006039370028586312,9.994672333278186e-08,1.0931584021173418e-05,5.789378846947175e-07,-4.877223524909928e-05,8.888448289197914e-05,0,55,1000.0,20260911
LS,66,1.7011918573788338,0.5747242800175569,3.3604571249998116,5047,0.03346338756270439,0.006039040523657998,9.536356162219753e-08,1.037248523301297e-05,3.4166825534824064e-07,-4.595909838976781e-05,8.660897671296178e-05,0,54,1000.0,20260911
LS,67,1.701182431795955,0.5751036965420552,3.398870499997429,5104,0.03255061386739103,0.006038718471334979,8.411067074902454e-08,9.821179615272457e-06,3.9559674647676734e-07,-4.355154027833584e-05,8.424372311103062e-05,0,53,1000.0,20260911
LS,68,1.7011734319508782,0.5754704860451235,3.437645792000694,5161,0.03168647695115647,0.006038302142428681,8.665845286251747e-08,9.323113534355886e-06,3.232684531006011e-07,-4.1201796002068175e-05,8.205483185976899e-05,0,54,1000.0,20260911
LS,69,1.7011652696316717,0.5758235808414721,3.4762590829996043,5218,0.030868683103065446,0.0060379630412120446,9.784222997952505e-08,8.84843947929871e-06,6.861202767625097e-07,-3.948146061934559e-05,7.989671044378615e-05,0,53,1000.0,20260911
LS,70,1.7011571561274534,0.5761652534236937,3.5141088329983177,5274,0.030092514448718903,0.006037567825753289,8.853786709304657e-08,8.41548898208015e-06,3.0198475759988033e-07,-3.7164467074063276e-05,7.790291643820234e-05,0,52,1000.0,20260911
LS,71,1.7011491794968632,0.5764954174506549,3.5520787079985894,5330,0.029381866457890277,0.006037227086184685,9.288280042096125e-08,8.005101784980415e-06,2.8471200429030544e-08,-3.518807323719757e-05,7.59680387106147e-05,0,52,1000.0,20260911
LS,72,1.7011410762155637,0.5768114617236264,3.58865466700081,5384,0.028626288565415756,0.006037007813141087,9.088437727276492e-08,7.602783810614738e-06,-5.004974878830403e-07,-3.286993855200189e-05,7.402158877714629e-05,0,49,1000.0,20260911
LS,73,1.701133715525677,0.5771151787914652,3.6285559169991757,5443,0.027854405052948807,0.006036634362806087,6.698444192109633e-08,7.2017442502351866e-06,-1.5894564027977513e-07,-3.143270415597189e-05,7.207677330802928e-05,0,56,1000.0,20260911
LS,74,1.701127474448528,0.5774039186254137,3.6672752919985214,5501,0.027109558519163444,0.006036050133292363,7.2585501713809e-08,6.832068287963339e-06,5.909911379674681e-07,-3.050533100633657e-05,7.024548826815928e-05,0,53,1000.0,20260911
LS,75,1.7011218709904767,0.577681389484824,3.7066714579996187,5560,0.02644484452411576,0.006035433589804787,6.666345927637489e-08,6.5062393298015315e-06,9.027812782469932e-07,-2.9363032043892994e-05,6.857132971561521e-05,0,54,1000.0,20260911
LS,76,1.7011167676843806,0.577949724941318,3.7428064579980855,5613,0.025817185641936732,0.0060346793335461875,9.643485074206923e-08,6.2047549727907036e-06,1.1014488749718333e-06,-2.8223047627356483e-05,6.697819574490016e-05,0,49,1000.0,20260911
LS,77,1.7011121076462097,0.5782081273470929,3.777927582999837,5664,0.025195016153555908,0.006033202847359645,9.613428648175376e-08,5.901368104002254e-06,1.241329932792367e-06,-2.707940377799661e-05,6.530776410303153e-05,0,48,1000.0,20260911
LS,78,1.7011078149592622,0.5784581534925787,3.814626542000042,5718,0.024590672644771307,0.006031778823215433,9.411609882957812e-08,5.631032842289889e-06,1.3383458964638003e-06,-2.5942372108654982e-05,6.38045824006848e-05,0,50,1000.0,20260911
LS,79,1.7011036649196714,0.5786969160260174,3.8524962080009573,5774,0.024038403701930146,0.006030521020618219,8.852721571780541e-08,5.358153201784489e-06,1.2081136126326914e-06,-2.4742203035981766e-05,6.22566693247143e-05,0,52,1000.0,20260911
LS,80,1.7011003801925864,0.5789260437492346,3.8896953750008834,5829,0.023426315300885795,0.0060294243333921796,9.43434131261809e-08,5.102031641495088e-06,1.8173045559699477e-06,-2.415488534383019e-05,6.074952237974178e-05,0,50,1000.0,20260911
LS,81,1.7010978019018421,0.5791467556944856,3.9268582919976325,5884,0.022870545477017657,0.006028421196278716,8.617423245075083e-08,4.86344070512435e-06,2.2851499626278006e-06,-2.357480177657932e-05,5.929555007828034e-05,0,50,1000.0,20260911
LS,82,1.7010955087583002,0.5793607921017784,3.9644493329979014,5940,0.022342199939615552,0.006027352562106728,9.094106650823038e-08,4.651920212394679e-06,2.358776670395084e-06,-2.2665551365145205e-05,5.7993719758609815e-05,0,50,1000.0,20260911
LS,83,1.7010936151316436,0.5795685841403536,4.001889457998914,5996,0.02184043786215252,0.006026254954073954,9.102468081880671e-08,4.456849552974094e-06,2.563222897634247e-06,-2.1956609643936727e-05,5.676958252535936e-05,0,50,1000.0,20260911
LS,84,1.701092096521798,0.5797705259735774,4.03796195799805,6049,0.021368771970339238,0.0060251703819326295,8.018036289671008e-08,4.273641337463939e-06,2.755031495713543e-06,-2.1312610930365686e-05,5.559697587628667e-05,0,48,1000.0,20260911
LS,85,1.7010908002909186,0.5799669529705713,4.075164375000895,6104,0.020916790982454372,0.006024065511273821,7.990072042739927e-08,4.103143840984885e-06,2.806912956491373e-06,-2.0579376370884586e-05,5.4483712091738155e-05,0,51,1000.0,20260911
LS,86,1.7010896785668905,0.5801581289899966,4.112494000000879,6158,0.02048260345234539,0.00602299518479382,6.567155447746657e-08,3.940908946839869e-06,2.8191849165350203e-06,-1.9855128181193502e-05,5.340354679385002e-05,0,50,1000.0,20260911
LS,87,1.7010887295404387,0.5803443194415066,4.150665375000244,6212,0.020066703272585463,0.006021937664900354,6.46978618446805e-08,3.7887162295063124e-06,2.8396897825252473e-06,-1.9184602559631044e-05,5.2370337974039e-05,0,50,1000.0,20260911
LS,88,1.7010880777011346,0.5805256991733633,4.189142957999138,6265,0.019671551990959033,0.006020892141126612,9.358643606297568e-08,3.6454173486069195e-06,2.993578047130239e-06,-1.8696658582561362e-05,5.137843960877193e-05,0,50,1000.0,20260911
LS,89,1.701087743238182,0.580702468846595,4.2279893749982875,6319,0.01928648610086043,0.006019854911414686,8.640178793619554e-08,3.5115077201714448e-06,3.177044765219994e-06,-1.82639643532672e-05,5.043348891356546e-05,0,51,1000.0,20260911
LS,90,1.7010875667238001,0.5808748711414606,4.2648997500000405,6372,0.01892188557299852,0.0060188576850942165,7.263023292482033e-08,3.384338910619565e-06,3.207824526095516e-06,-1.7725373300104686e-05,4.9519007288971074e-05,0,48,1000.0,20260911
LS,91,1.701087506006467,0.5810431189700572,4.300221875000716,6423,0.01857058339139786,0.006017867418677102,9.55154467843652e-08,3.26373617846868e-06,3.203018845373994e-06,-1.7182611041681838e-05,4.8635617573187824e-05,0,47,1000.0,20260911
LS,92,1.701087545501863,0.5812073409420425,4.33687129199825,6477,0.018228672345742193,0.0060168971985137,9.620444658592004e-08,3.148721576186355e-06,3.188216969719328e-06,-1.6653720170486046e-05,4.7777879302232006e-05,0,49,1000.0,20260911
LS,93,1.701087688359914,0.5813677213502659,4.373192625000229,6530,0.01789146578638767,0.006015975253836055,8.167955488009011e-08,3.0399698753373345e-06,3.1828279269811785e-06,-1.6148085450218413e-05,4.695142317972558e-05,0,49,1000.0,20260911
LS,94,1.701087911214392,0.581524434998495,4.41073462499844,6586,0.01758128864353439,0.006015070235489677,6.026896581047696e-08,2.9372568281596737e-06,3.1601113108166103e-06,-1.5677939996346104e-05,4.615747019691364e-05,0,50,1000.0,20260911
LS,95,1.7010882117332609,0.5816775503791103,4.446458292000898,6638,0.0172651624780163,0.006014174579075933,7.240248821347574e-08,2.8377704542706824e-06,3.138289325086279e-06,-1.5204810638516022e-05,4.53743969008944e-05,0,48,1000.0,20260911
LS,96,1.7010886873771334,0.58182677841855,4.482510582998657,6690,0.016936351101617574,0.006013425347494218,8.869505644004834e-08,2.732026272201407e-06,3.207670140197104e-06,-1.4817643304373786e-05,4.4504857909783286e-05,0,47,1000.0,20260911
LS,97,1.7010892433791835,0.5819722180505015,4.520334249998996,6743,0.016625851023665976,0.006012687101756839,5.586399065117029e-08,2.6360983049808415e-06,3.192100354200537e-06,-1.4376948163235e-05,4.3706164045529274e-05,0,49,1000.0,20260911
LS,98,1.7010897787423942,0.5821143508713175,4.554911249997531,6792,0.01633577198815437,0.006011874390732216,6.944158268153867e-08,2.5483488235886294e-06,3.0837120415388944e-06,-1.38782355331004e-05,4.297218404270938e-05,0,46,1000.0,20260911
LS,99,1.7010903625516485,0.582253453855917,4.5911184169999615,6843,0.016051581874816423,0.006011040149659872,9.634642210052754e-08,2.465880114988473e-06,3.0496893623600355e-06,-1.3466473288469906e-05,4.227321765465719e-05,0,47,1000.0,20260911
LS,100,1.7010909700611114,0.5823895919357815,4.627221082999313,6894,0.015792560172516526,0.00601022472377222,7.251566880317973e-08,2.387874002227643e-06,2.9953834663706113e-06,-1.3077757303085385e-05,4.160299937166035e-05,0,48,1000.0,20260911
WLS,0,6.139926648819068,0.41528568820087214,0.0,0,0.0,0.08940047290503304,0.0,0.0,0.0,0.0,0.0,0,0,1000.0,20260911
WLS,1,2.2908033591176555,0.31121073142341504,0.14413808300014352,222,11.15304582508405,0.033003762770888324,8.399527131080636e-08,0.7967518758639551,-3.052371413837446,-2.370398269119826,0.02221246903953704,0,212,1000.0,20260911
WLS,2,1.8760278172093712,0.34035941265568564,0.2348376250010915,362,2.4867319281823015,0.014521151028613594,7.879483118604852e-08,0.12192974226324148,-0.29284579964504076,0.10558375777622098,0.008969593253176254,0,130,1000.0,20260911
WLS,3,1.7908464849333379,0.36649165282507606,0.3075120829998923,472,1.4859788770323437,0.007718363980367806,9.854799043961045e-08,0.029666602912634243,-0.05551472936340258,-0.025225328873281952,0.00456451277186795,0,105,1000.0,20260911
WLS,4,1.7598485956072554,0.38717511357354384,0.3813862920032989,586,1.0969314060212956,0.004846147032312432,8.716876504311436e-08,0.012630057095031906,-0.018367832231053503,-0.029165036149710326,0.0029994823283983007,0,107,1000.0,20260911
WLS,5,1.7424726192364521,0.40463152903972166,0.4476577920031559,687,0.8878901297278232,0.0034817414615212596,9.977488508288001e-08,0.007590838508486305,-0.009785137862316056,-0.022041467752601303,0.002305576637475807,0,95,1000.0,20260911
WLS,6,1.7306942056317156,0.41978816633833016,0.5112818330017035,784,0.7503255077947063,0.0027134137728653455,8.477755988251075e-08,0.0052435738076572124,-0.006534839797077703,-0.01637100477763267,0.001907463320027248,0,91,1000.0,20260911
WLS,7,1.7221950571277775,0.43288884263903266,0.573005333000765,878,0.647210459381446,0.0022126536744761353,7.635344650188953e-08,0.0038292303599699925,-0.0046699181439731705,-0.012444920432699045,0.0016293470650744328,0,88,1000.0,20260911
WLS,8,1.7158343440126258,0.4444050131973335,0.6318225830000301,968,0.568245486194842,0.001968150361506928,9.831753858707202e-08,0.002887823472218604,-0.003472889642924847,-0.009784433513888881,0.001414431773366124,0,83,1000.0,20260911
WLS,9,1.710917773828101,0.4545539880874261,0.688923417001206,1055,0.500072291045557,0.0017984073275499471,9.74167029094924e-08,0.002246614168419361,-0.002669956016114562,-0.007587044629052762,0.0012474855630375027,0,82,1000.0,20260911
WLS,10,1.7070311892155767,0.46356477850262895,0.744674000001396,1140,0.44326537416633177,0.0016608111448139149,8.727790012817098e-08,0.0017841175997436731,-0.002102467012775531,-0.005937624984216683,0.0011152226640038627,0,79,1000.0,20260911
WLS,11,1.7039186971569285,0.47156558686712413,0.7986160420005035,1222,0.40052540493424116,0.0015428833006620082,9.051732715713638e-08,0.0014389803517314127,-0.0016735117069140895,-0.004908537941238618,0.0010019464177786167,0,76,1000.0,20260911
WLS,12,1.701369292740238,0.47872399292998397,0.8493348750016594,1298,0.36498629185234416,0.001468825975747044,9.205831433558056e-08,0.001185179934536988,-0.0013642244821582667,-0.0041113452453157345,0.000910649606944605,0,72,1000.0,20260911
WLS,13,1.6992460949059147,0.4852146179105768,0.900505208002869,1375,0.33763944689551,0.0014121629266027557,8.561032668406065e-08,0.0009975098365308719,-0.001125687997791471,-0.003576821970672054,0.0008354515065675459,0,72,1000.0,20260911
WLS,14,1.6974386506744779,0.49122787252743455,0.9536644170002546,1456,0.3135461619480273,0.0013660951898805695,9.293023670065316e-08,0.0008558592481075218,-0.0009515849833282399,-0.003108115552180068,0.0007739349619714615,0,75,1000.0,20260911
WLS,15,1.6958834512822234,0.4968216795726378,1.0071167500027514,1537,0.2929837270461455,0.0013334027769515465,8.58993952228733e-08,0.000739333985238922,-0.0008158654070203934,-0.002736773823438057,0.0007199028137436079,0,76,1000.0,20260911
WLS,16,1.6945351882610533,0.5020435166292669,1.0613518330028455,1620,0.2749860259797296,0.0013131080742321208,8.784623778641773e-08,0.0006431156028487479,-0.000705147418317407,-0.0024326027030361443,0.0006728332275422757,0,77,1000.0,20260911
WLS,17,1.6933675526730518,0.506859140270883,1.1112290420023783,1695,0.2568735937953228,0.0012856934742857644,9.745524048316439e-08,0.000558253159495028,-0.0006093824285040974,-0.0021315665714647446,0.0006274061162046314,0,70,1000.0,20260911
WLS,18,1.6923556684040337,0.5112718208518833,1.1598900830031198,1768,0.23860401001800696,0.001266128585101923,7.628834845865568e-08,0.00048421836281030694,-0.0005276659062103459,-0.0018347094108155547,0.0005846891215735072,0,69,1000.0,20260911
WLS,19,1.6914920643557374,0.5153016157298448,1.2094410420031636,1843,0.2202924460797043,0.0012676332361013978,9.244872795634719e-08,0.0004119365501768186,-0.0004516674981240767,-0.0015628340416926423,0.0005383959499169632,0,69,1000.0,20260911
WLS,20,1.6907412588111623,0.5190399985988542,1.2548906250012806,1912,0.20488556989282816,0.0012633565441907493,7.835943300284042e-08,0.0003602293135581222,-0.00039057623101665905,-0.0013480992929403761,0.0005036992773676898,0,66,1000.0,20260911
WLS,21,1.6900780774368822,0.5225217401639837,1.3020309580024332,1984,0.19240894438265435,0.0012601432764609228,7.935702407027866e-08,0.0003190695121123011,-0.0003441118621614582,-0.0011878787196422493,0.0004743126950118339,0,67,1000.0,20260911
WLS,22,1.6894941766473324,0.5256705576456864,1.3482713330013212,2054,0.17985555847018503,0.0012550760205905303,9.000999057878111e-08,0.00027871610414043557,-0.000305184685415719,-0.0010335003060812668,0.0004439155298925718,0,66,1000.0,20260911
WLS,23,1.6889817855463345,0.5285270010966783,1.393844333000743,2123,0.16901930807950424,0.001251274002690151,8.377232330975183e-08,0.00024613657790870303,-0.0002662545230873434,-0.0009159852241858409,0.0004182648486780815,0,65,1000.0,20260911
WLS,24,1.6885276788005725,0.5311914535716791,1.440680292002071,2195,0.1594207413017619,0.0012479984132945689,9.058156759032936e-08,0.00021893613477080352,-0.0002351706109934572,-0.0008166418920982027,0.00039474833465906803,0,65,1000.0,20260911
WLS,25,1.6881292211243468,0.5336483810102078,1.4862884579997626,2264,0.14916199470722596,0.0012417938561607245,9.272526273877115e-08,0.00019341191918206536,-0.0002050457570421848,-0.00071400735702622,0.00037081854268980913,0,65,1000.0,20260911
WLS,26,1.6877719688702342,0.5359521423647303,1.5332508749997942,2335,0.1411922224952326,0.0012355481444417443,7.550579439220408e-08,0.00017463187316088893,-0.0001826203809485622,-0.0006395099305445135,0.0003525470453963383,0,67,1000.0,20260911
WLS,27,1.6874488324444945,0.5381263569931771,1.5769209999998566,2401,0.1344668408426885,0.0012287947070125241,9.919837552530674e-08,0.00015817064601842656,-0.00016496577972363753,-0.0005809301385709787,0.0003354991571485833,0,61,1000.0,20260911
WLS,28,1.6871549480818857,0.5401702704029225,1.6228795830029412,2471,0.12852138881441472,0.0012229738975630788,7.037689133353931e-08,0.00014432153593624974,-0.00014956282667569933,-0.0005320030065305,0.0003205515386508492,0,65,1000.0,20260911
WLS,29,1.6868864953948204,0.542094489224471,1.66653537500315,2537,0.12307310468840979,0.0012184711451047221,9.929251377907597e-08,0.00013238716557401815,-0.00013606552148665908,-0.0004888967678168902,0.00030737571484558515,0,61,1000.0,20260911
WLS,30,1.6866383730592465,0.5439001091934095,1.713276708000194,2608,0.11797674941376517,0.0012145829381936697,9.757371406962104e-08,0.00012215858561918794,-0.0001259637499579928,-0.00044780333453799776,0.0002957456095009428,0,67,1000.0,20260911
WLS,31,1.6864103968226687,0.5456004038821779,1.7588043329997163,2677,0.1124821847759094,0.0012116855757539327,9.655396174321744e-08,0.00011208304660678233,-0.00011589318997088719,-0.00040463585802031537,0.0002835094318229548,0,65,1000.0,20260911
WLS,32,1.6862018893958053,0.5472087204611982,1.803403875001095,2745,0.10753808696006766,0.0012085672178998406,8.663350054058306e-08,0.00010267299507223752,-0.00010583443178723748,-0.0003697145804881513,0.00027155352123954784,0,63,1000.0,20260911
WLS,33,1.6860109511381065,0.5487135957207021,1.8466932080009428,2810,0.10244188784139921,0.0012052533767634352,7.564736278465194e-08,9.401058500110973e-05,-9.692767269402275e-05,-0.00033377876152671025,0.0002601883771589856,0,61,1000.0,20260911
WLS,34,1.6858349195091646,0.5501349723857202,1.890735583001515,2877,0.09836751269645776,0.0012017274014979233,8.160630672470362e-08,8.702287757582721e-05,-8.90087513641909e-05,-0.00030777674876252497,0.00025057931170450147,0,62,1000.0,20260911
WLS,35,1.6856709329731416,0.5514935336959763,1.9361621670032036,2946,0.09492771962390123,0.0011979849542509012,6.711959623645736e-08,8.103377766751705e-05,-8.295275836026085e-05,-0.00028657706162669153,0.00024213207089420985,0,65,1000.0,20260911
WLS,36,1.6855175059506102,0.5527977585017229,1.9794300829998974,3011,0.09179138536751014,0.0011950309184597756,9.342942242524048e-08,7.582245740385593e-05,-7.760456512051393e-05,-0.00026785589885293284,0.0002345063108454606,0,61,1000.0,20260911
WLS,37,1.6853742143404895,0.5540488931900431,2.0233317500023986,3078,0.08881201946622358,0.0011927321472328444,8.392367466262348e-08,7.08961499887559e-05,-7.239546013469902e-05,-0.0002510871299627223,0.00022696534320338287,0,61,1000.0,20260911
WLS,38,1.6852406328138083,0.5552477869637971,2.065782292000222,3142,0.08554154016866461,0.001191001327346139,9.94880971200508e-08,6.608376397736065e-05,-6.749776270495432e-05,-0.00023228622804017068,0.0002190937748461181,0,60,1000.0,20260911
WLS,39,1.6851157867197548,0.5564006972939022,2.1061806670004444,3202,0.08266809126499648,0.0011891925721188908,9.570087146583183e-08,6.187711308569667e-05,-6.296898096878809e-05,-0.0002168545716163904,0.0002120758141527524,0,56,1000.0,20260911
WLS,40,1.6849985331212542,0.5575119570692649,2.1493042500005686,3267,0.07997193009206147,0.0011873299805846965,7.98163291416924e-08,5.805983984163585e-05,-5.919375865942777e-05,-0.00020252188163191206,0.00020551348483507473,0,61,1000.0,20260911
WLS,41,1.6848887696824217,0.5585798297640516,2.1924548750030226,3332,0.07733658361468955,0.001186761902796576,9.85604969372098e-08,5.4329902379863474e-05,-5.5433536450659735e-05,-0.0001892839194270826,0.00019879504186622328,0,62,1000.0,20260911
WLS,42,1.6847856368809313,0.5596045870348003,2.2350762500027486,3396,0.07491686888911582,0.0011860251925763466,6.485465902426098e-08,5.1087614856515996e-05,-5.204518663589981e-05,-0.00017749406071701317,0.00019294271028652167,0,60,1000.0,20260911
WLS,43,1.6846884009724226,0.5605940288249738,2.2771090420028486,3459,0.07257804567396033,0.0011849929749918285,8.726410773610551e-08,4.813568273054239e-05,-4.9100225778063225e-05,-0.000166142727183832,0.00018751037995160357,0,60,1000.0,20260911
WLS,44,1.6845965771325764,0.561549373095126,2.3180370420013787,3520,0.07040900528958632,0.0011838500356754233,8.998899339565923e-08,4.545417429429327e-05,-4.636966554797204e-05,-0.00015604756144726632,0.00018242806779548661,0,57,1000.0,20260911
WLS,45,1.6845098102141447,0.5624725863425963,2.3583609580018674,3580,0.06841528625400778,0.0011829267691856739,9.853292808417857e-08,4.303067171720235e-05,-4.37362467152722e-05,-0.00014726565122921134,0.0001776582399524368,0,57,1000.0,20260911
WLS,46,1.6844278615009465,0.5633558986333563,2.400401625000086,3643,0.06628580413645697,0.0011824974570537276,9.82060523554532e-08,4.0453265723021244e-05,-4.149544747966764e-05,-0.00013774167830261577,0.00017242650532885856,0,59,1000.0,20260911
WLS,47,1.6843511547639594,0.564202859593041,2.4408707080001477,3703,0.06391323684122184,0.0011823605519370075,7.646014584288796e-08,3.772995394968226e-05,-3.897678303302265e-05,-0.00012753835518898593,0.0001664692293167827,0,57,1000.0,20260911
WLS,48,1.6842808162883114,0.565006174342957,2.4823523330014723,3765,0.06093881165712239,0.0011816728205082195,7.637787258186354e-08,3.440685738360527e-05,-3.5931618264541375e-05,-0.00011533846266114321,0.00015889234727538087,0,58,1000.0,20260911
WLS,49,1.6842166088958037,0.5657701086434378,2.522743083001842,3825,0.0583257911674232,0.0011801258253618036,9.042028196798265e-08,3.16194695438004e-05,-3.258792296308691e-05,-0.00010588750325761731,0.00015230499273744983,0,56,1000.0,20260911
WLS,50,1.6841575486119453,0.566492254186388,2.561338125000475,3882,0.055492217610161584,0.001178742371256383,8.876291059028723e-08,2.9103963619701833e-05,-2.9956320239789604e-05,-9.490902690629545e-05,0.00014620773221472964,0,54,1000.0,20260911
WLS,51,1.6841024930896076,0.5671759542768237,2.600988292000693,3941,0.05324437240028098,0.0011777553994069723,9.891106693527912e-08,2.6944759016620685e-05,-2.8110763322927182e-05,-8.669263727723549e-05,0.0001406038639141815,0,55,1000.0,20260911
WLS,52,1.6840512267367458,0.567822967792999,2.6389478750024864,3997,0.05104107159509349,0.001176151053311851,9.052549700262104e-08,2.4781360512406486e-05,-2.648499234388353e-05,-7.899319661698338e-05,0.00013476336537870395,0,52,1000.0,20260911
WLS,53,1.68400375910689,0.5684366339244549,2.676354541999899,4052,0.04925003173847167,0.001175660125749305,9.219327957667875e-08,2.3105938892541357e-05,-2.4361690960217918e-05,-7.381065145616598e-05,0.00013011696600516578,0,51,1000.0,20260911
WLS,54,1.6839592850099676,0.5690220020819882,2.7135629580006935,4107,0.04771638899271318,0.0011753179298161314,9.903109415912888e-08,2.166890806129564e-05,-2.2805188864734073e-05,-6.936859200287591e-05,0.00012601779316978538,0,51,1000.0,20260911
WLS,55,1.683917725940582,0.5695810071753757,2.7524155830033123,4165,0.046115302217658305,0.0011754099233376994,9.613404551658828e-08,2.0297250171515833e-05,-2.126181921327792e-05,-6.477198554566536e-05,0.0001219571088241591,0,54,1000.0,20260911
WLS,56,1.6838784929799664,0.5701205481554488,2.7887579170019308,4218,0.04477629429923643,0.0011752558902414444,8.972641364622276e-08,1.9092840534758758e-05,-2.0140120078044035e-05,-6.1012865943004414e-05,0.0001183126838323027,0,50,1000.0,20260911
WLS,57,1.6838415046789077,0.5706421904577234,2.8265688749997935,4274,0.04353828020164266,0.001175007850453712,9.837777022304079e-08,1.8034262047655182e-05,-1.8954039008962102e-05,-5.779079108714391e-05,0.0001150255722915832,0,52,1000.0,20260911
WLS,58,1.6838065443852535,0.5711471539236334,2.864474500001961,4331,0.04235838091067336,0.001174832439540664,6.850599007991296e-08,1.706788000171252e-05,-1.7892413652979624e-05,-5.475132801444451e-05,0.0001119462925119577,0,51,1000.0,20260911
WLS,59,1.6837734116313767,0.5716365840935,2.902925625003263,4388,0.04125613967643521,0.001174692728991703,8.461102881816623e-08,1.6187226599952868e-05,-1.6945527278202872e-05,-5.197069917334649e-05,0.00010906669583805303,0,53,1000.0,20260911
WLS,60,1.6837419562123095,0.5721098158409846,2.941847542002506,4447,0.040134747970885426,0.0011746386980608973,7.995240528248243e-08,1.5341961489846817e-05,-1.6113457575829054e-05,-4.9084480667085676e-05,0.00010624253428486676,0,53,1000.0,20260911
WLS,61,1.683712342004243,0.5725615726470645,2.97804512500079,4500,0.03888600458162904,0.0011747919957835408,8.42977402204905e-08,1.4442735651908236e-05,-1.5171472408809287e-05,-4.599185954965964e-05,0.00010316345412113372,0,50,1000.0,20260911
WLS,62,1.6836842333605437,0.5729964681504931,3.0118108750029933,4548,0.037812184376848273,0.0011748985235665148,9.410885472827917e-08,1.3692843329148885e-05,-1.4415800373512258e-05,-4.33794206681512e-05,0.00010049196527849613,0,46,1000.0,20260911
WLS,63,1.6836574993834066,0.5734168689981479,3.04919429200163,4603,0.03684377146983191,0.0011750464200090656,9.285046428265383e-08,1.3008933180722777e-05,-1.3725043954657193e-05,-4.113919766891001e-05,9.799100619833551e-05,0,51,1000.0,20260911
WLS,64,1.6836320632087514,0.5738248199672171,3.0859635420019913,4657,0.03595097072883276,0.0011752078035971508,8.102116373281494e-08,1.2386722786714608e-05,-1.3049451870999486e-05,-3.918744016204497e-05,9.565630524622311e-05,0,50,1000.0,20260911
WLS,65,1.6836078427592076,0.5742194731134098,3.1208517080012825,4707,0.035073029620112856,0.0011753643775258681,9.177169217739409e-08,1.179901763262844e-05,-1.2421431905822473e-05,-3.7285420792910885e-05,9.339933931489429e-05,0,48,1000.0,20260911
WLS,66,1.683584804204564,0.574600926552774,3.1559200000010605,4758,0.03421853706565986,0.001175596307306269,7.919140795829286e-08,1.1237340409364197e-05,-1.1801214239288188e-05,-3.5506859302112825e-05,9.11884741841577e-05,0,48,1000.0,20260911
WLS,67,1.6835628532277187,0.5749694014974931,3.190669917003106,4808,0.03337865106696447,0.0011758300385987955,9.518467116095631e-08,1.0694692822062583e-05,-1.1256284022996422e-05,-3.375574050718877e-05,8.901202197704148e-05,0,48,1000.0,20260911
WLS,68,1.6835420297824977,0.5753266691817434,3.225544875000196,4858,0.03255114763426808,0.0011760901444540755,8.584867220816455e-08,1.0201313406230253e-05,-1.0622131814017115e-05,-3.2155415394365965e-05,8.697365993589293e-05,0,48,1000.0,20260911
WLS,69,1.6835221634845532,0.5756747337630526,3.2592720829998143,4906,0.03179065286244416,0.0011762854279937398,9.938406102551173e-08,9.74419695154698e-06,-1.0122100992976237e-05,-3.0665982526539544e-05,8.503505242831846e-05,0,46,1000.0,20260911
WLS,70,1.683503145331009,0.5760138739738021,3.2935008330023265,4956,0.03107850448418559,0.0011764212678260727,9.860945204007564e-08,9.323719735178832e-06,-9.694433808696296e-06,-2.9275518504462537e-05,8.32132747434437e-05,0,48,1000.0,20260911
WLS,71,1.6834849425863665,0.5763443201396062,3.3286209580001014,5007,0.030403818639073342,0.0011765372239558388,9.515138185814208e-08,8.92543099621344e-06,-9.277313650579356e-06,-2.801686474940168e-05,8.144613576751726e-05,0,48,1000.0,20260911
WLS,72,1.6834674849062825,0.5766662307763334,3.3637497080017056,5058,0.029757776442410844,0.0011766454391500534,8.488452909776722e-08,8.55402220046118e-06,-8.903657883933363e-06,-2.6818582855837467e-05,7.976242464004136e-05,0,48,1000.0,20260911
WLS,73,1.6834507356634927,0.5769798868069717,3.3974440000019968,5106,0.029136051229403093,0.001176775226246604,8.695419113508622e-08,8.20660071087793e-06,-8.542642078591695e-06,-2.5696231272293707e-05,7.815452326739092e-05,0,46,1000.0,20260911
WLS,74,1.6834346554907822,0.5772858755567131,3.432021333002922,5156,0.028539566414243565,0.0011768895486777746,7.980096309075427e-08,7.876634236964379e-06,-8.203538466688634e-06,-2.4645169845164522e-05,7.659322083655491e-05,0,47,1000.0,20260911
WLS,75,1.6834191931022642,0.5775846580038682,3.4667214170003717,5206,0.02797367658134317,0.0011770152357280543,9.489412145980337e-08,7.570203022925288e-06,-7.892185502347456e-06,-2.3663940555862192e-05,7.511317308982978e-05,0,48,1000.0,20260911
WLS,76,1.6834043340888785,0.5778754380055544,3.5028772080004273,5259,0.027397125524321345,0.001177230862638846,4.608213108841772e-08,7.273142627663488e-06,-7.585870760450908e-06,-2.267111096405585e-05,7.365253575215769e-05,0,50,1000.0,20260911
WLS,77,1.683390040136629,0.5781593321281017,3.539008167001157,5312,0.02685567916595059,0.0011774359809773244,8.454874046259935e-08,6.995119865810777e-06,-7.298832385236417e-06,-2.176742292383463e-05,7.225490747126876e-05,0,50,1000.0,20260911
WLS,78,1.6833762714349676,0.5784362559820666,3.5736814580013743,5363,0.026345041968488223,0.00117762614934916,9.165245424847022e-08,6.733615147877743e-06,-7.035086509327088e-06,-2.0934360154594034e-05,7.091646751580941e-05,0,46,1000.0,20260911
WLS,79,1.6833629784631972,0.5787068122740177,3.6082046250012354,5413,0.02583359599348327,0.0011777466222724364,8.601866338909108e-08,6.483000652240358e-06,-6.809971115623226e-06,-2.0075762327285763e-05,6.960426953557328e-05,0,47,1000.0,20260911
WLS,80,1.6833501527907289,0.578971202368676,3.6434877080027945,5465,0.025339410330495783,0.001177791409310269,7.255209289073568e-08,6.237802398302491e-06,-6.587870072783049e-06,-1.9278613326564463e-05,6.828656223948573e-05,0,47,1000.0,20260911
WLS,81,1.683337828059162,0.5792286132183622,3.677979583000706,5515,0.024839427206655506,0.0011777710845751177,8.689812069650037e-08,5.988992614959037e-06,-6.335738959548705e-06,-1.8525125630866248e-05,6.690320578828671e-05,0,47,1000.0,20260911
WLS,82,1.6833259923712702,0.579479036773995,3.715157333001116,5569,0.02438144041783138,0.0011777086545568395,8.916976145056776e-08,5.751119913692178e-06,-6.084567974193064e-06,-1.7887043950653934e-05,6.554058300607473e-05,0,50,1000.0,20260911
WLS,83,1.68331462610931,0.5797233624070474,3.749664542003302,5619,0.02393013200699228,0.0011778188144904115,9.896444376886903e-08,5.532565123197013e-06,-5.8336968362830374e-06,-1.7266298933304387e-05,6.427324905698555e-05,0,46,1000.0,20260911
WLS,84,1.683303672909391,0.5799618463813246,3.782422708001832,5666,0.023465432841100975,0.0011779484393668518,8.979384073642117e-08,5.323385721521863e-06,-5.629814197299307e-06,-1.657812700217154e-05,6.304395029521613e-05,0,44,1000.0,20260911
WLS,85,1.6832930845133565,0.5801951156753437,3.8136282920022495,5710,0.023050716972072057,0.001178108308915517,9.704480203357206e-08,5.131529928942085e-06,-5.456866110668935e-06,-1.5978381611700964e-05,6.189236851484666e-05,0,42,1000.0,20260911
WLS,86,1.6832828343819075,0.5804220747266268,3.8485699170014414,5761,0.022669278673264945,0.001178217815442312,9.203313139609254e-08,4.939924165172651e-06,-5.3102072792098366e-06,-1.5444678329354987e-05,6.071576205987719e-05,0,47,1000.0,20260911
WLS,87,1.6832729407813567,0.580643473907174,3.8829337080023834,5811,0.022290077331476033,0.0011783183577553406,9.391623671154328e-08,4.761938148323357e-06,-5.131662405563645e-06,-1.4948776821344748e-05,5.960347529979344e-05,0,46,1000.0,20260911
WLS,88,1.6832634195481055,0.5808602128598492,3.9158852079999633,5858,0.021908298137258,0.0011784760265865035,9.771575757036822e-08,4.596113179523454e-06,-4.9251200679139576e-06,-1.4477443112396169e-05,5.85498218493283e-05,0,44,1000.0,20260911
WLS,89,1.6832541929969762,0.5810716623215961,3.957416375000321,5906,0.02151876539646744,0.0011786957725826532,9.140036548947036e-08,4.429849312523327e-06,-4.796701815282399e-06,-1.3926312080072547e-05,5.7481376037773904e-05,0,45,1000.0,20260911
WLS,90,1.6832453064236406,0.5812774324332608,3.9925462920000427,5953,0.02113695430332476,0.001178933943817886,8.921967026547707e-08,4.2668509703713795e-06,-4.6197223693542225e-06,-1.3451968525399492e-05,5.6419249289670215e-05,0,44,1000.0,20260911
WLS,91,1.6832367332840468,0.5814786113512438,4.026421500002471,6000,0.02076825902919452,0.0011791314226432656,7.772090641947877e-08,4.117232288993739e-06,-4.455907307331475e-06,-1.2992889561393297e-05,5.5422383451495354e-05,0,44,1000.0,20260911
WLS,92,1.6832284525299257,0.5816753403463095,4.061808833001123,6049,0.020412377700804438,0.0011793302486630807,7.931234966981679e-08,3.976808822734198e-06,-4.303945301670983e-06,-1.2552504048944372e-05,5.447072833166449e-05,0,47,1000.0,20260911
WLS,93,1.683220448305806,0.5818654255182631,4.096568125001795,6099,0.020005895615152102,0.0011796666192050143,7.791343488865105e-08,3.82596511258463e-06,-4.178259005434088e-06,-1.200756884848943e-05,5.339345498390861e-05,0,46,1000.0,20260911
WLS,94,1.6832127315097973,0.5820505025404382,4.130490542000189,6147,0.01964353206262064,0.0011798819806844475,7.6871348558252e-08,3.691045613120578e-06,-4.025750393599001e-06,-1.1576621586121417e-05,5.243095792040099e-05,0,45,1000.0,20260911
WLS,95,1.683205266995979,0.5822314397357183,4.163923957999941,6194,0.019313065766023995,0.0011800257607407362,8.592243789925096e-08,3.5671074253495496e-06,-3.897406395671886e-06,-1.1185211645749095e-05,5.153790425940289e-05,0,44,1000.0,20260911
WLS,96,1.6831980235469646,0.582408426256343,4.19724133300042,6242,0.018982530882668148,0.0011801338263578217,9.596543634164089e-08,3.447631780956506e-06,-3.7958172341566018e-06,-1.0773374921201151e-05,5.0668143842481265e-05,0,43,1000.0,20260911
WLS,97,1.6831910063680988,0.5825816706601674,4.230370291999861,6289,0.018675356730765525,0.0011802432010281523,9.377359201601437e-08,3.3350290170013637e-06,-3.682149846236414e-06,-1.0421268585313868e-05,4.983496988677925e-05,0,43,1000.0,20260911
WLS,98,1.6831841924774833,0.5827513088498071,4.266985917001875,6342,0.018382527146717977,0.001180356633396681,4.3561816334051746e-08,3.2279809707845876e-06,-3.585909642315279e-06,-1.0081974599470989e-05,4.9027616857412145e-05,0,49,1000.0,20260911
WLS,99,1.6831776059926662,0.5829176544574078,4.301797833002638,6391,0.018081770718940647,0.0011804775540211038,9.228898934572391e-08,3.1255053798354562e-06,-3.460979438054075e-06,-9.761036799510972e-06,4.8247287226256885e-05,0,45,1000.0,20260911
WLS,100,1.6831712081881391,0.583080674157905,4.3358455000015965,6439,0.017805619399557184,0.0011805846314874838,8.51226171909333e-08,3.0283342179600185e-06,-3.369470310666036e-06,-9.454199583046946e-06,4.7494237597152276e-05,0,44,1000.0,20260911
Poisson,0,6.139926648819068,0.41528568820087214,0.0,0,0.0,0.08940047290503304,0.0,0.0,0.0,0.0,0.0,0,0,1000.0,20260911
Poisson,1,3.3588818083103935,0.3381224943547013,0.025917541999660898,27,2.96612868043976,0.04776019301293129,6.769923279435763e-08,0.5010455747112577,-2.27999926579741,2.3411488730623087,0.01818250072141433,0,24,1000.0,20260911
Poisson,2,2.5733644626228602,0.2981671155977144,0.04927933300132281,52,1.8524479622745769,0.029032551850368713,3.9215915231729376e-08,0.1146931849900497,-0.6708241606974834,0.6139391730407717,0.008730119283812256,0,22,1000.0,20260911
Poisson,3,2.28297046255097,0.2763960392128991,0.0734928329984541,75,1.3110190429695332,0.0189168963490094,9.973860025466757e-08,0.03000225951293801,-0.26039174055895103,0.20445545352045255,0.0045006722452885055,0,21,1000.0,20260911
Poisson,4,2.139244876609799,0.26488145560500487,0.11049341699981596,98,1.0188189485060692,0.013114459318599517,8.148551037382205e-08,0.01007241153951104,-0.13365317440165847,0.09182598344942039,0.0026459761480851565,0,21,1000.0,20260911
Poisson,5,2.0515607718909017,0.25973253444166794,0.1441600420002942,120,0.8339682007391969,0.00964320198529192,8.985275217452977e-08,0.004590241370071556,-0.08309386334882814,0.05290895672668876,0.0018076721932655147,0,20,1000.0,20260911
Poisson,6,1.9911888075595612,0.25862901412864137,0.17067666699949768,141,0.7058484249510749,0.00785342077636539,5.962684822291304e-08,0.002806818936476486,-0.05756514539485855,0.03546086438104484,0.0014198209582646296,0,19,1000.0,20260911
Poisson,7,1.9467744597014247,0.26014311198802503,0.195260791999317,162,0.6105414247632384,0.0065683415674239985,3.161291357528062e-08,0.002054308392680799,-0.04236003946546494,0.02577630629054022,0.0012164633087675088,0,18,1000.0,20260911
Poisson,8,1.9126132810032246,0.26333055428767677,0.2192420419996779,182,0.5371279498238593,0.005571053747773748,8.2222142953111e-08,0.0016247449642209752,-0.032536433733975204,0.01973585697410101,0.0010820819799032455,0,17,1000.0,20260911
Poisson,9,1.885896205679585,0.2675945951079612,0.2429447499998787,203,0.4749502079765355,0.004587858957394853,3.8844257808901515e-08,0.0013338977570373856,-0.025383177566603413,0.015438190320791934,0.0009825290166500108,0,18,1000.0,20260911
Poisson,10,1.8644711500272801,0.2725156333003744,0.26511145800031954,224,0.42530082540969866,0.004206890996819536,4.8382625477847926e-08,0.0011060271050550195,-0.020319028547247656,0.012381016047596243,0.0008934622878618308,0,17,1000.0,20260911
Poisson,11,1.847071244964468,0.27776443489459257,0.28554704199996195,243,0.38384989029809824,0.003882775359327895,8.484716901432324e-08,0.0009402000209176162,-0.016459705041897466,0.01003286814871909,0.0008224605719083964,0,16,1000.0,20260911
Poisson,12,1.832555281545103,0.28322523548267103,0.30600829199829604,262,0.3507570870879681,0.003603830610239627,9.113049454563971e-08,0.0008052350893088069,-0.013710728330051845,0.008364436712243186,0.0007591251750412891,0,16,1000.0,20260911
Poisson,13,1.8202898762047566,0.28872338214087007,0.3280033330011065,282,0.32225360363929084,0.0028639811187781304,8.238688644431232e-08,0.0007059352615886333,-0.011559470078756373,0.00707303608742091,0.0007096636155817358,0,18,1000.0,20260911
Poisson,14,1.8097932098553964,0.2941680983258737,0.34897366700170096,302,0.2980464662221336,0.0026739148474948632,6.34456659963107e-08,0.0006209863118569251,-0.009875680037505413,0.006055081547985124,0.0006650099702652669,0,18,1000.0,20260911
Poisson,15,1.8007919457769377,0.29944000994790626,0.3694851670006756,321,0.2754395477327878,0.0024837422843281423,9.496215979559221e-08,0.0005473377791817006,-0.008453926299279999,0.005207916855696559,0.000623883525786263,0,17,1000.0,20260911
Poisson,16,1.7930036655209474,0.30456091706190386,0.3899830000009388,340,0.25617153911196233,0.002342385771367396,6.72809642125868e-08,0.0004919504007802197,-0.007296329855213996,0.004507087383440739,0.000590838097485679,0,17,1000.0,20260911
Poisson,17,1.7861434274692187,0.3095606637766805,0.4104932500013092,359,0.2406667385651489,0.0022621203957124934,7.479196119094882e-08,0.0004402771961547828,-0.0064199608555682575,0.003964214099149353,0.0005585705039280898,0,17,1000.0,20260911
Poisson,18,1.7800037938738253,0.31444926279165775,0.43008895800085156,378,0.2277885780622449,0.0021794857455975447,6.932939900969846e-08,0.000397046743551567,-0.0057425868518437215,0.003545251780612407,0.0005300855114318443,0,17,1000.0,20260911
Poisson,19,1.7744957672309782,0.31919787662549975,0.4506925419991603,398,0.21546668208356215,0.001997875635653326,3.958817645970331e-08,0.00035664451498995843,-0.005151382127856151,0.0031867320884421658,0.0005014020659822817,0,18,1000.0,20260911
Poisson,20,1.7695974342600715,0.3237521595908175,0.46963262500139535,416,0.20348326362592542,0.0019381321938878094,7.601125867677484e-08,0.0003166910840509264,-0.0045816418868590515,0.0028280610421138005,0.00047175130894303523,0,16,1000.0,20260911
Poisson,21,1.765185441203477,0.32815740832785956,0.4906632919992262,436,0.19317341968241433,0.0018854876764001264,3.3587944987974443e-08,0.0002856388333609136,-0.004126354223234513,0.002546194553004545,0.00044716880526504715,0,18,1000.0,20260911
Poisson,22,1.761194923421758,0.3324460162519257,0.5112687920009193,455,0.18373671851814422,0.0018407289379517707,7.276915812984221e-08,0.00026004677608985855,-0.003730471005626432,0.002302558695128206,0.000425965555029081,0,17,1000.0,20260911
Poisson,23,1.7575555178362439,0.3366145196899439,0.5315157500008354,475,0.17568552643322063,0.0017998013068214137,6.948299171918577e-08,0.00024012772953812335,-0.0033992778559723867,0.0020961353756083394,0.00040903354966606863,0,17,1000.0,20260911
Poisson,24,1.7542350801138336,0.3406361731711446,0.5514737500016054,493,0.16759996283748074,0.0017451909652215236,6.549932122498553e-08,0.00021979480643945186,-0.0031006429159742143,0.0019159503452540613,0.0003912497531588101,0,15,1000.0,20260911
Poisson,25,1.7511755964093036,0.344526875410549,0.5735600830012118,511,0.16106605513339234,0.001693035364672438,5.541845358407861e-08,0.00020375592487150486,-0.0028557277796527974,0.0017623699987182593,0.0003765245797679534,0,16,1000.0,20260911
Poisson,26,1.748347904196156,0.3482865152570807,0.5939553749994957,529,0.15486773251955158,0.0016452438172628156,5.038528415191447e-08,0.00018920242872496124,-0.002638489784428008,0.0016284914843602348,0.00036241371388872766,0,16,1000.0,20260911
Poisson,27,1.745733368457881,0.351924597678107,0.6130370419996325,547,0.1488622931272997,0.0016039063561165503,6.088799901429612e-08,0.0001737034272569888,-0.0024408323110177215,0.001506536622519065,0.00034678130834327973,0,16,1000.0,20260911
Poisson,28,1.7433353728820085,0.3554062763051477,0.6319789170011063,565,0.14278248767360172,0.001564553464509653,8.809825170736458e-08,0.00015816448872167026,-0.0022398310871497955,0.001378653636559502,0.00033027995491705927,0,15,1000.0,20260911
Poisson,29,1.741106497678226,0.35877753959693165,0.6512744999999995,583,0.13770468602843752,0.0015106566740205958,6.889240821819132e-08,0.00014776370184113764,-0.0020811115019400473,0.0012807461760729263,0.00031923585244029713,0,15,1000.0,20260911
Poisson,30,1.7390210614610182,0.3620475602556684,0.6704907919993275,601,0.13325873922727038,0.001457500689684915,7.739354812233293e-08,0.00013879843511055794,-0.0019466377820992185,0.0011975416381857207,0.0003092855158632942,0,15,1000.0,20260911
Poisson,31,1.7370653266974985,0.3652158973467372,0.6894155420013703,620,0.12912885073321084,0.0014100847020814332,6.979441647075955e-08,0.00013007809399270828,-0.0018256566695308194,0.001122021758935742,0.0002993556832399075,0,15,1000.0,20260911
Poisson,32,1.7352268544072784,0.3682969085214761,0.7081683750002412,638,0.1252036484994392,0.001363647766437366,7.163343416864958e-08,0.00012218616025514155,-0.0017162861299643657,0.0010546746103414937,0.00029009906314657666,0,15,1000.0,20260911
Poisson,33,1.7334934722945574,0.37128642913938126,0.7270828750006331,656,0.12166028852460849,0.0013214997414677705,3.990907030161097e-08,0.00011523358050937985,-0.0016181485322077308,0.0009933208225264556,0.00028158290250068676,0,15,1000.0,20260911
Poisson,34,1.7318519136131545,0.3742064877350329,0.7447055420016113,673,0.11841758882403922,0.0012855849321442958,6.682074479581182e-08,0.00010868164531556203,-0.0015328770360877972,0.0009404224142579606,0.0002735386376989523,0,14,1000.0,20260911
Poisson,35,1.7303091459510396,0.37703355599392135,0.763365208000323,691,0.11471033491668602,0.001250223488911672,5.96840608496357e-08,0.00010207448609014162,-0.0014406931760238973,0.0008848446152800051,0.0002651257504211602,0,15,1000.0,20260911
Poisson,36,1.7288560229272216,0.3797709651594044,0.7815019580011722,708,0.11142486486639874,0.001218297819543213,4.926097824461571e-08,9.614754891397838e-05,-0.0013569754749064088,0.0008323479982931871,0.00025715767345734755,0,14,1000.0,20260911
Poisson,37,1.7274764867351557,0.3824385343981736,0.7987617920007324,724,0.1086597435368894,0.001193612074746112,9.048495162503447e-08,9.116334438258574e-05,-0.0012883728476864036,0.0007891891987907489,0.00025028018170930295,0,13,1000.0,20260911
Poisson,38,1.7261670606720332,0.38503614513831075,0.8158624579991738,740,0.10575868510509405,0.001170958610613324,7.005543974360705e-08,8.657214936760155e-05,-0.001222853913752313,0.000750181089364643,0.0002439493024261245,0,13,1000.0,20260911
Poisson,39,1.7249251303159931,0.38755652381612554,0.8374897920002695,756,0.1030539722793878,0.0011486440644671815,8.33026588851018e-08,8.242878709252231e-05,-0.001159501568947215,0.0007109242959119916,0.0002378757582613371,0,13,1000.0,20260911
Poisson,40,1.7237462744783543,0.38999814230126245,0.8572549579985207,772,0.10039820607567314,0.0011248352889099418,8.401388590359763e-08,7.854952269145908e-05,-0.0011003063149500163,0.0006748658484782147,0.00023217862939624333,0,13,1000.0,20260911
Poisson,41,1.7226207207799424,0.39237983775173096,0.8745526249986142,788,0.09815630097839947,0.0011002551705744724,8.0065970955816e-08,7.512752520553558e-05,-0.0010504261732021045,0.0006438207273237223,0.0002270790036982272,0,13,1000.0,20260911
Poisson,42,1.721542232263194,0.39470999083187314,0.8919336250000924,804,0.09608439581672498,0.0010787249588033857,6.572024254062345e-08,7.196190863717394e-05,-0.0010065266081101681,0.0006168779607752676,0.000222085919284524,0,13,1000.0,20260911
Poisson,43,1.7205103899260066,0.39698490065119546,0.9087827500006824,820,0.09398814072345067,0.001068778290523544,5.2065227682310516e-08,6.879309152106639e-05,-0.0009630492456643122,0.0005901538073547802,0.0002169895742469836,0,13,1000.0,20260911
Poisson,44,1.7195188427277839,0.39921641251060386,0.9256076669989852,836,0.09219307193151036,0.0010576231408395934,6.323157504434002e-08,6.60906750570904e-05,-0.0009254565231661719,0.0005665690726142654,0.00021255417213734184,0,13,1000.0,20260911
Poisson,45,1.7185652902283517,0.40140465060969815,0.9421673329998157,852,0.09043736272476524,0.0010463538002856826,5.896231001538345e-08,6.341585862128441e-05,-0.0008901366408120246,0.0005446066706016486,0.0002080903773982122,0,13,1000.0,20260911
Poisson,46,1.7176521249041143,0.40354291859393704,0.9602216249986668,869,0.08847133275220524,0.0010364806835016418,3.38824359638097e-08,6.066144979131595e-05,-0.0008525038744482946,0.0005218064882897815,0.0002034173397490327,0,14,1000.0,20260911
Poisson,47,1.7167723693489059,0.4056441198317322,0.9774835419993906,885,0.0869197570762382,0.0010257499537754235,6.461213777970618e-08,5.8383448335409535e-05,-0.0008213721068729279,0.0005020033466988593,0.00019945249173895058,0,13,1000.0,20260911
Poisson,48,1.7159246131170522,0.4077083323412886,0.9945697080001992,901,0.08526094409615163,0.0010146477619265358,5.120343054609356e-08,5.62610294903028e-05,-0.000791495202360607,0.00048428480244527,0.00019587852222399554,0,13,1000.0,20260911
Poisson,49,1.7151078467895353,0.4097330744386531,1.0111897919996409,917,0.08370329782003812,0.0010028821225168457,6.063303970676428e-08,5.431144745115214e-05,-0.0007624548800638667,0.0004664542242194269,0.0001925178335692291,0,13,1000.0,20260911
Poisson,50,1.7143207298189678,0.41171587491355927,1.0277780420001363,933,0.08222464738054157,0.000991209787016997,9.771668835510195e-08,5.2340463549799684e-05,-0.0007347765070200483,0.0004490723387248273,0.00018901913850825872,0,13,1000.0,20260911
Poisson,51,1.7135593391947164,0.4136661183395996,1.0447863330009568,950,0.08086486304164403,0.0009792436874012998,3.579530359181784e-08,5.054428776421559e-05,-0.0007108463364850343,0.0004344343205142089,0.0001857712830428016,0,13,1000.0,20260911
Poisson,52,1.712823559782634,0.4155770185916303,1.0612081670005864,966,0.07949217950040685,0.0009676466412618936,4.3950188689990564e-08,4.8778930189032306e-05,-0.0006870004818987681,0.000419829081996115,0.0001824274469833251,0,13,1000.0,20260911
Poisson,53,1.7121119343534366,0.4174545020996206,1.0776803750013642,982,0.07822809697583073,0.0009566928595462334,6.127768879555379e-08,4.7080647474841866e-05,-0.0006645447817154706,0.00040564367137445,0.00017905441425180533,0,13,1000.0,20260911
Poisson,54,1.7114229744940412,0.4192995723812498,1.0943310000002384,998,0.07695073146662365,0.0009453455528892108,4.078121194500694e-08,4.552977525127363e-05,-0.0006434300841480385,0.0003928891057329005,0.00017607679177018547,0,13,1000.0,20260911
Poisson,55,1.7107555401190062,0.42111517764812423,1.1109369170007994,1014,0.0757557509779734,0.0009344257836674581,6.156105165108609e-08,4.414424532707411e-05,-0.0006232901297104416,0.0003804876847231895,0.00017344173155217217,0,13,1000.0,20260911
Poisson,56,1.7101149898724497,0.42289034241964685,1.127277999999933,1030,0.07412028496507944,0.0009236997371942185,5.753162250598235e-08,4.2054093016963456e-05,-0.0005984961535356959,0.00036585941439128583,0.00016937364997486913,0,13,1000.0,20260911
Poisson,57,1.7095010119728609,0.42462103879954927,1.143905500000983,1046,0.07267224418855289,0.0009137391788043393,6.050063523205777e-08,4.029600788366961e-05,-0.0005736818917060272,0.00034991514581880263,0.00016593220229298747,0,13,1000.0,20260911
Poisson,58,1.708906671988197,0.42632223713394896,1.1598405830009142,1062,0.07152774026582016,0.0009034832294967394,4.8406989145097675e-08,3.9008798296191e-05,-0.0005553311863669669,0.0003385291032872292,0.00016332961547668845,0,13,1000.0,20260911
Poisson,59,1.7083317682605126,0.4279922445159302,1.1761005420012225,1078,0.0703672406217725,0.000893265200328866,5.144997404857169e-08,3.7759175453647354e-05,-0.0005371445522353728,0.00032732630004819567,0.00016075779282189907,0,13,1000.0,20260911
Poisson,60,1.7077740748631343,0.4296371629041579,1.192510291999497,1094,0.06930421673347927,0.0008835180889621656,5.180000315924832e-08,3.658185618646523e-05,-0.0005211115411809752,0.0003175396745262693,0.0001581795215867476,0,13,1000.0,20260911
Poisson,61,1.7072332186371737,0.4312550458985974,1.2098177920015587,1110,0.06827317486572232,0.0008737055619117323,4.596237658744865e-08,3.5464085136915236e-05,-0.0005053921408237175,0.00030779490564828717,0.00015568991663844758,0,13,1000.0,20260911
Poisson,62,1.7067098525285604,0.43284271483140474,1.2273342080006842,1126,0.06710378239631619,0.0008645664513720892,4.080298932254277e-08,3.428484718561296e-05,-0.0004890812614278069,0.0002982202280186469,0.00015315297699701843,0,13,1000.0,20260911
Poisson,63,1.7062027333509402,0.4344028714240526,1.245734457999788,1141,0.06610815646787477,0.0008552991675126568,4.4005105383768724e-08,3.3273320489910663e-05,-0.00047384585713247646,0.00028860476004120156,0.00015089196665328704,0,12,1000.0,20260911
Poisson,64,1.7057095882272997,0.43594060660939477,1.2634973329986678,1157,0.06519918723628321,0.0008462764478863428,7.849487890668823e-08,3.236017085243131e-05,-0.00046078495278682697,0.00028059842282691916,0.0001488521372858513,0,13,1000.0,20260911
Poisson,65,1.7052292456281364,0.4374589038746652,1.2809308329997293,1173,0.06436075648408636,0.0008374032072624432,4.6553266652997385e-08,3.149962785710854e-05,-0.0004488429713071107,0.0002732272504031038,0.0001468610512817466,0,13,1000.0,20260911
Poisson,66,1.7047633235343942,0.43895097156358354,1.2973939580006117,1188,0.06336634646163908,0.0008286457236267776,5.040384962969643e-08,3.046112754473471e-05,-0.0004354609661998471,0.0002651574005473642,0.00014432081657862555,0,12,1000.0,20260911
Poisson,67,1.704310959191373,0.4404184913298275,1.314064292000694,1203,0.062422326201952906,0.0008198515634184776,6.896485455766646e-08,2.958961687017061e-05,-0.0004227747261480129,0.0002575370025980546,0.0001422989668667645,0,12,1000.0,20260911
Poisson,68,1.7038735783357741,0.44185388407604975,1.3317742079998425,1219,0.06137013039772226,0.0008108279122064618,8.786318444788805e-08,2.8771737226617016e-05,-0.0004086091183709358,0.000249066210347185,0.00014032126853359282,0,13,1000.0,20260911
Poisson,69,1.7034485585828238,0.44326692739522594,1.34883845800141,1235,0.06051878238290967,0.0008011772352261489,7.827341456066728e-08,2.799112158692517e-05,-0.0003970286313674787,0.00024189360189478526,0.0001384165477092394,0,13,1000.0,20260911
Poisson,70,1.703034848930592,0.44465976562560516,1.36550066700147,1250,0.05970469687739079,0.0007914391199048058,9.061194573584553e-08,2.7267508879778307e-05,-0.0003864421433547948,0.0002354771107708081,0.00013663639380105664,0,12,1000.0,20260911
Poisson,71,1.7026317175971093,0.4460335508478783,1.3819298329981393,1265,0.058948989494558485,0.0007816856779144757,9.466651017286162e-08,2.658493623242512e-05,-0.0003765463972474196,0.0002293821653612086,0.00013492168637905576,0,12,1000.0,20260911
Poisson,72,1.7022382546124049,0.44739007703765754,1.3989547079982003,1281,0.05824602370802309,0.0007722936700472786,5.54803446928937e-08,2.59345358584359e-05,-0.0003675284488417785,0.00022383302081466076,0.00013327974761562865,0,13,1000.0,20260911
Poisson,73,1.701853859261863,0.44873142603160726,1.4160926670010667,1296,0.057578147170786416,0.000763170840560604,8.606384862251421e-08,2.5323091182449867e-05,-0.0003590722593624155,0.00021863319896076264,0.00013173386068511338,0,12,1000.0,20260911
Poisson,74,1.7014790827257504,0.45005394531506815,1.4335572499985574,1311,0.056851846922568054,0.0007537640509293805,8.367261524489249e-08,2.455064773731492e-05,-0.0003502258883767637,0.00021316991118726432,0.00012969703363343194,0,12,1000.0,20260911
Poisson,75,1.701113726866839,0.45135725553087164,1.4524041250006121,1327,0.05617128665446061,0.0007444286116575216,5.0876993550562615e-08,2.3901226924179392e-05,-0.0003414546319842754,0.00020759518669051885,0.00012798479828939472,0,13,1000.0,20260911
Poisson,76,1.7007565821326147,0.4526458738354489,1.473167457999807,1343,0.055530432613365634,0.0007356465736923081,6.007323437754266e-08,2.3317530104381046e-05,-0.0003338272041232366,0.0002029632869129468,0.00012641186504584184,0,13,1000.0,20260911
Poisson,77,1.7004082845460475,0.4539172973432977,1.492358832998434,1359,0.054873194786307804,0.0007276476512723169,5.2875406015138906e-08,2.2651661864831578e-05,-0.00032564592470385966,0.00019774421126437722,0.00012454354911016534,0,13,1000.0,20260911
Poisson,78,1.7000680084547908,0.45517215073115425,1.5107180829982099,1374,0.05424015669303439,0.0007194829268299073,5.953426313767198e-08,2.2122514837516087e-05,-0.0003181535764196991,0.00019317636135250644,0.00012306866153146757,0,12,1000.0,20260911
Poisson,79,1.699735488804181,0.4564122986064102,1.5313141250007902,1390,0.053604679600301894,0.000711473487316012,5.317880607958315e-08,2.162221607234862e-05,-0.0003108974345380306,0.00018884656685732378,0.00012170327964964339,0,13,1000.0,20260911
Poisson,80,1.6994101556325498,0.4576388876647575,1.5657484580005985,1405,0.05303699236733309,0.0007037290022799423,6.777685664800447e-08,2.116778345997511e-05,-0.0003041653881643776,0.000184687043662454,0.00012043842815007723,0,12,1000.0,20260911
Poisson,81,1.699091812799388,0.4588515777156371,1.5929554169997573,1420,0.05247557214955212,0.0006964798505018181,6.348490614336074e-08,2.0661054803733736e-05,-0.0002976817783606826,0.00018065854954075732,0.00011897142890948145,0,12,1000.0,20260911
Poisson,82,1.6987806512732941,0.4600484418891123,1.6128612079992308,1435,0.051870908307034946,0.0006892731929733793,7.628091035096049e-08,2.0120361047018217e-05,-0.00029104116505195005,0.00017663196966394252,0.00011737771818087368,0,12,1000.0,20260911
Poisson,83,1.6984776725348272,0.46122556015031774,1.6339539170003263,1450,0.051187978997254246,0.0006819271136978359,8.61642182972168e-08,1.960788861060388e-05,-0.00028337084985082423,0.00017196827877579644,0.00011596802158596981,0,12,1000.0,20260911
Poisson,84,1.6981810704611757,0.4623883022155405,1.6509385419994942,1465,0.05066606371540834,0.0006742796283262248,9.670421754845871e-08,1.9216103747021516e-05,-0.00027738596990576004,0.00016824957303076206,0.00011483783339958746,0,12,1000.0,20260911
Poisson,85,1.6978907060136839,0.4635381808120538,1.6703259579990117,1480,0.0501165917974802,0.0006667863584583118,9.122261215510565e-08,1.8764974933593615e-05,-0.00027159947256006305,0.0001647808088221013,0.00011349230750191251,0,12,1000.0,20260911
Poisson,86,1.6976091884333737,0.46466622361450494,1.6975426669996523,1496,0.04933127875835293,0.0006595500429236274,4.100409025110919e-08,1.8060337130814618e-05,-0.00026345724317424315,0.00015983882711342602,0.00011110777760785441,0,13,1000.0,20260911
Poisson,87,1.6973351639454808,0.46577571446943045,1.722368999999162,1511,0.04869963624706977,0.0006527749834451545,9.272402811126741e-08,1.7611527356352442e-05,-0.0002564129605475337,0.0001554417593630865,0.00010968179456114585,0,12,1000.0,20260911
Poisson,88,1.6970674227626263,0.46686903207724106,1.7425435000004654,1527,0.04815621135503419,0.0006462008497519381,5.590031573752868e-08,1.7200295777438415e-05,-0.0002505408870709309,0.00015179014825090565,0.00010834226467639476,0,13,1000.0,20260911
Poisson,89,1.6968053778445658,0.46794947961898503,1.7666730419987289,1543,0.04764612898051047,0.0006397910651635916,4.491835047575475e-08,1.6828922981290706e-05,-0.00024521599507428487,0.00014853723771921683,0.00010715022481333324,0,13,1000.0,20260911
Poisson,90,1.6965497928221067,0.4690130978714199,1.7914898749986605,1559,0.04703036644408157,0.0006334317389184421,4.239659885066794e-08,1.6430558194577803e-05,-0.00023915446426861964,0.00014499225406580757,0.00010580859479699887,0,13,1000.0,20260911
Poisson,91,1.6963005722856874,0.4700612104018301,1.8113402919989312,1575,0.046450731752455135,0.0006268730874121964,5.575436398186969e-08,1.6028893616984995e-05,-0.00023319164280083448,0.0001413370124023651,0.00010448015560587157,0,13,1000.0,20260911
Poisson,92,1.696056615722885,0.4710976159497232,1.8330417920005857,1591,0.045968876266016076,0.0006204582189987362,7.565566010497328e-08,1.5705550845904277e-05,-0.00022825101195998748,0.0001382996835445016,0.00010342389696529818,0,13,1000.0,20260911
Poisson,93,1.6958181283363303,0.4721215780829868,1.8569606669989298,1607,0.04545823957883386,0.000614705035882396,3.934660072073043e-08,1.5285713506507123e-05,-0.00022320167304956928,0.0001351648092742982,0.00010204986299155459,0,13,1000.0,20260911
Poisson,94,1.6955845875586437,0.4731338585550717,1.8754113750001125,1623,0.044995505984574496,0.0006089541794748006,4.2595197969006186e-08,1.495669882598921e-05,-0.00021858407885862467,0.00013231099974616437,0.00010093911153198393,0,13,1000.0,20260911
Poisson,95,1.6953559781218643,0.47413398850283434,1.8936674169999606,1639,0.0445196132736806,0.0006033627223516252,4.014232562793343e-08,1.461538891393685e-05,-0.00021399404786407524,0.00012950963847747725,9.972310462794367e-05,0,13,1000.0,20260911
Poisson,96,1.695131854295933,0.4751240733290051,1.9124780419988383,1655,0.044090815326849324,0.0005977865110725749,3.1227045571607026e-08,1.4320280139037403e-05,-0.0002098035457932606,0.00012692382612197175,9.869097546415798e-05,0,13,1000.0,20260911
Poisson,97,1.6949120168507052,0.4761045872296367,1.930620999999519,1671,0.043667887626662565,0.0005923127129291399,4.1908326738879014e-08,1.4034249747171962e-05,-0.0002058031954836213,0.00012449322473905808,9.768794041713993e-05,0,13,1000.0,20260911
Poisson,98,1.694697914066084,0.4770683562215103,1.9483080829995743,1687,0.0430642583741847,0.0005870193387898475,2.968705024660278e-08,1.365732312313559e-05,-0.00020044546149350075,0.0001213762671552683,9.63710877390868e-05,0,13,1000.0,20260911
Poisson,99,1.694488450843786,0.47801974676143943,1.9669188330008183,1702,0.04262411936324007,0.0005814870981260474,8.502239479105567e-08,1.3374016060090157e-05,-0.00019608920623622697,0.00011862244472339177,9.535919060503355e-05,0,12,1000.0,20260911
Poisson,100,1.6942835777908858,0.4789585642445174,1.9850648749998072,1718,0.04215503330000462,0.0005761537165911281,7.393834198034863e-08,1.3060842801229482e-05,-0.0001918122101031616,0.00011602071127406465,9.417224442673001e-05,0,13,1000.0,20260911
SIRT,0,6.1914417536896025,0.4212667850084822,0.0,0,0.0,0.08710072990643926,0.0,0.0,0.0,0.0,0.0,0,0,1000.0,20260912
SIRT,1,4.14391629612382,0.394891856935431,0.002446750000672182,1,1.801229804772467,0.05549220239369161,nan,0.4094105053499231,-1.6381149522158496,1.8853040170857498,0.01711028833447961,0,1,1000.0,20260912
SIRT,2,3.5304540557971533,0.3827059354336995,0.004029249997984152,2,0.9766229890502809,0.04465529223393728,nan,0.09184813810764529,-0.5216141022190266,0.565772617189591,0.00797049402851073,0,1,1000.0,20260912
SIRT,3,3.2794593561551872,0.375239528143736,0.005491791998792905,3,0.5850884834837475,0.039144911650904855,nan,0.026893391385492058,-0.22410130825647212,0.2338782729667005,0.004285351014134736,0,1,1000.0,20260912
SIRT,4,3.1470647776383207,0.36959998135572997,0.006945000000996515,4,0.39421248663471903,0.035611014040485466,nan,0.009504500269408422,-0.12289007824746072,0.12462440428593011,0.0025596645274660853,0,1,1000.0,20260912
SIRT,5,3.059874560337338,0.3648301453657614,0.00840145899928757,5,0.30267225512264223,0.03306276559142515,nan,0.0039025337412278466,-0.0832876835597536,0.08260969259993135,0.001651482877523146,0,1,1000.0,20260912
SIRT,6,2.9925913522735246,0.3605658914295797,0.009903375001158565,6,0.2569981570370057,0.03117717736424585,nan,0.0018747180003879863,-0.06540849006342198,0.06398080542779262,0.0011549225972569252,0,1,1000.0,20260912
SIRT,7,2.935867748180404,0.3566736232448411,0.011403708998841466,7,0.2323597845422687,0.029679562268760177,nan,0.001107180932347523,-0.0556164231607758,0.05402405061949424,0.0008897619868509381,0,1,1000.0,20260912
SIRT,8,2.886240417138574,0.353079470962533,0.012851916999352397,8,0.2155533392107922,0.028369832511345616,nan,0.0007596145091582927,-0.04886771653267158,0.04730416893958389,0.0007360042295551217,0,1,1000.0,20260912
SIRT,9,2.841992754679737,0.3497406187343248,0.014244666999729816,9,0.20292981250441328,0.02717617696890815,nan,0.0005779151033585854,-0.04366974735547454,0.042188637018682786,0.0006401133434538018,0,1,1000.0,20260912
SIRT,10,2.8012349028213595,0.3466222598902786,0.015639624998584623,10,0.19325465568556632,0.026135109357279536,nan,0.00045802968129095143,-0.04029982217709335,0.03889048376117043,0.0005703413517620518,0,1,1000.0,20260912
SIRT,11,2.763727262904239,0.3437058430391858,0.01708154199877754,11,0.1849023724504865,0.02516004466703454,nan,0.00038055871329306147,-0.03712708120382432,0.035798195550229436,0.0005199139139569142,0,1,1000.0,20260912
SIRT,12,2.7289923756322496,0.34097294757940666,0.018556958999397466,12,0.17727225692435666,0.024256922981814404,nan,0.00031851890403643084,-0.034416368367950555,0.03316361461823672,0.00047626080770936033,0,1,1000.0,20260912
SIRT,13,2.696489807755011,0.3384045565766632,0.020151124997937586,13,0.17091012911801576,0.023417735860017167,nan,0.0002728422257310697,-0.032229725651511526,0.031042054265481758,0.00044196635646137817,0,1,1000.0,20260912
SIRT,14,2.66581443676784,0.3359947417318974,0.02182854199782014,14,0.1654044013858706,0.022633816146971828,nan,0.0002399672019597311,-0.030435403785213345,0.029307440187280303,0.0004153458795979205,0,1,1000.0,20260912
SIRT,15,2.636904060081618,0.3337337790921225,0.023224249998747837,15,0.16026568395560356,0.02188731211971634,nan,0.00021250814440332844,-0.0286978685418184,0.027626122213534113,0.0003914307667553639,0,1,1000.0,20260912
SIRT,16,2.6096626301565498,0.3316073476309346,0.02463875000103144,16,0.1553226968238368,0.021265544463614883,nan,0.0001899950039273218,-0.027051434921138772,0.026035172917636587,0.00037078681946264516,0,1,1000.0,20260912
SIRT,17,2.5839748907593125,0.3296106916857545,0.026096708999830298,17,0.15061879609135398,0.020890313052220964,nan,0.00017118315875442648,-0.025516556238481952,0.024553438310436788,0.0003513699859369869,0,1,1000.0,20260912
SIRT,18,2.5596913804478962,0.32773803396146794,0.027524583998456364,18,0.14636829004233862,0.019832789679835407,nan,0.00015432074165936077,-0.024129189569762365,0.02321232649492038,0.00033282149948303964,0,1,1000.0,20260912
SIRT,19,2.536794576214281,0.3259824550810457,0.029003333998844028,19,0.1423119142443537,0.019609123598927868,nan,0.00014084015905776272,-0.022755964074556944,0.02188417018682045,0.00031710915729950105,0,1,1000.0,20260912
SIRT,20,2.5150103195288565,0.3243376340233982,0.030412416999752168,20,0.13856399797659272,0.019386951028701707,nan,0.00012890532553351297,-0.0216553513598893,0.02082425760866186,0.00030337120467131145,0,1,1000.0,20260912
SIRT,21,2.4943389053613774,0.32279380326518387,0.03181608399972902,21,0.13493184399200608,0.019186910330560396,nan,0.00011859033177161895,-0.020552823835709135,0.01976108404132493,0.0002905182533936193,0,1,1000.0,20260912
SIRT,22,2.474632511564214,0.3213390054805586,0.033235041999432724,22,0.13154227042948766,0.018974407357496056,nan,0.00010970986762287632,-0.019596683929543137,0.018841225351676323,0.0002795340107616335,0,1,1000.0,20260912
SIRT,23,2.4558939444753154,0.3199720812688255,0.03470141700017848,23,0.12823668573805144,0.018465772767266513,nan,0.0001024833277339558,-0.018636083761168088,0.01791633471044444,0.00027020425843162654,0,1,1000.0,20260912
SIRT,24,2.4379916780862603,0.31869091179351666,0.03615187499963213,24,0.12529942960449003,0.018233999152979945,nan,9.654784839739853e-05,-0.017805718540657038,0.017117269036094594,0.00026160573473530654,0,1,1000.0,20260912
SIRT,25,2.420854964628279,0.31749162817103077,0.03756920899832039,25,0.12232924623038526,0.017997553879885473,nan,9.085725569722797e-05,-0.01704585620227848,0.01638849123381669,0.0002533748491343413,0,1,1000.0,20260912
SIRT,26,2.4044734419532343,0.31636518693254817,0.03895674999876064,26,0.11952232726687786,0.017765577339289285,nan,8.571689493457767e-05,-0.016295805780114126,0.015667243339280025,0.00024579479085814793,0,1,1000.0,20260912
SIRT,27,2.388826908211512,0.31531209117224146,0.04036099999939324,27,0.1167030418810174,0.01753522328475257,nan,8.053773706086309e-05,-0.015565996004662814,0.014965553742508077,0.0002382662368188788,0,1,1000.0,20260912
SIRT,28,2.3738297976744214,0.31432978346757473,0.04176133399960236,28,0.1141452234357939,0.01730547479091198,nan,7.601942251592082e-05,-0.014921091114573532,0.014345653935430375,0.0002320045356817564,0,1,1000.0,20260912
SIRT,29,2.3593521351627906,0.3134178372668107,0.04319754199968884,29,0.11196208600559633,0.017074240689699597,nan,7.252259017412643e-05,-0.01440513992146043,0.013850887076494513,0.00022663994320135716,0,1,1000.0,20260912
SIRT,30,2.3454375801651115,0.3125701714214422,0.044722541999362875,30,0.10960136521392452,0.0168481320966493,nan,6.916219392822406e-05,-0.013845392803742905,0.013313932034841327,0.0002213737781252613,0,1,1000.0,20260912
SIRT,31,2.3321022038684815,0.3117765209055366,0.0461385419985163,31,0.10730511506221033,0.016630080332873467,nan,6.645110872858114e-05,-0.013268925187903713,0.012759656910704242,0.00021716143032395147,0,1,1000.0,20260912
SIRT,32,2.319230421855696,0.311044025552236,0.047529708997899434,32,0.10536532337802791,0.016418386117262394,nan,6.346068641670189e-05,-0.012808321326371466,0.012316689444257895,0.00021172878580303153,0,1,1000.0,20260912
SIRT,33,2.30680796914311,0.310366857501322,0.048912375001236796,33,0.10334613702420027,0.01621055713785861,nan,6.072485957428398e-05,-0.012361727853014527,0.01188843151069478,0.00020706861638913345,0,1,1000.0,20260912
SIRT,34,2.2949011618150426,0.30973097689181067,0.0503360420007084,34,0.10108506380749277,0.01600470884795041,nan,5.796851432439981e-05,-0.01184883881374802,0.011395897821819014,0.00020247912907774495,0,1,1000.0,20260912
SIRT,35,2.2833945523822448,0.3091458068025815,0.051792833997751586,35,0.09924797033201459,0.015798222106924602,nan,5.5483221214607095e-05,-0.011451126211577506,0.011014101452046576,0.00019794896827291845,0,1,1000.0,20260912
SIRT,36,2.272264285426259,0.3086102987589608,0.05325079199974425,36,0.09751394551784338,0.015594135361986138,nan,5.316312416949591e-05,-0.01107710383181209,0.010654818477463,0.00019372652292172794,0,1,1000.0,20260912
SIRT,37,2.261525745946812,0.308117997708982,0.05471870899782516,37,0.09570337642332383,0.015405141738339017,nan,5.10302363757668e-05,-0.010687509243075403,0.010280582666505587,0.00018984371052820843,0,1,1000.0,20260912
SIRT,38,2.251162813283461,0.3076699633520713,0.0561357090009551,38,0.09403798195755268,0.015223896439646774,nan,4.8982001553323055e-05,-0.010313950661799656,0.009920775560818749,0.0001856317586272535,0,1,1000.0,20260912
SIRT,39,2.241154282735709,0.30726376641296316,0.057570834000216564,39,0.09232695039460485,0.015044752530821189,nan,4.7257663186204166e-05,-0.00996127288456034,0.00958231725929358,0.00018247487233646293,0,1,1000.0,20260912
SIRT,40,2.231516934154537,0.3068999441351358,0.05897737499981304,40,0.0907374786633505,0.012457273754638272,nan,4.543562285729699e-05,-0.009591912958316877,0.009225684079462946,0.0001786005283067937,0,1,1000.0,20260912
SIRT,41,2.222188206748009,0.3065757446249455,0.06057824999879813,41,0.08929549546832216,0.01234442960662271,nan,4.382998402664968e-05,-0.009284897422501246,0.008930043130981247,0.00017504262461598272,0,1,1000.0,20260912
SIRT,42,2.213160659973782,0.3062817082278104,0.06201941700055613,42,0.08772373799645489,0.012231382715385508,nan,4.216085364460696e-05,-0.008985385920582482,0.008642774063823369,0.00017154126652718258,0,1,1000.0,20260912
SIRT,43,2.2044041953382174,0.3060216365713651,0.0634645840000303,43,0.08634186425649115,0.012117174434096952,nan,4.057837027187165e-05,-0.008715886265294806,0.008383718759400359,0.0001683790211131987,0,1,1000.0,20260912
SIRT,44,2.1958971150376825,0.30579522931470327,0.06487304199981736,44,0.08498302626564641,0.012002552955430871,nan,3.933131149113381e-05,-0.008467748989047735,0.008145974562871553,0.0001658032223335723,0,1,1000.0,20260912
SIRT,45,2.1876831732754307,0.30559756997503684,0.06626875000074506,45,0.0834841071050225,0.011892122507426396,nan,3.804449364593919e-05,-0.008175897268601628,0.007865461955295621,0.000163220320739048,0,1,1000.0,20260912
SIRT,46,2.1797064174184633,0.305423875072676,0.06774970900005428,46,0.0821351562834733,0.011778821842846097,nan,3.666145947634626e-05,-0.007940094397490991,0.007639446662081915,0.00016032334942734405,0,1,1000.0,20260912
SIRT,47,2.1719577441172646,0.3052793674387689,0.06924645899925963,47,0.08088522868879171,0.011665739865474482,nan,3.558091917837339e-05,-0.007713092382019408,0.007421552290196754,0.0001579086998907788,0,1,1000.0,20260912
SIRT,48,2.1644484357453075,0.3051654694964349,0.07073316699825227,48,0.07963365130602035,0.01155355419035122,nan,3.450982351947495e-05,-0.007474798548435809,0.007192232450940627,0.00015533062728133665,0,1,1000.0,20260912
SIRT,49,2.1571438662366447,0.30507746919951634,0.0720735840004636,49,0.07843171831319419,0.011440189866435536,nan,3.3462488843347765e-05,-0.007271107019822543,0.006996992786784861,0.00015285480497400633,0,1,1000.0,20260912
SIRT,50,2.150078561045898,0.3050127928565851,0.07348312500107568,50,0.0771018690556123,0.011331947757925705,nan,3.2204443112064773e-05,-0.007033100747630459,0.006768070280153334,0.00014961188749691964,0,1,1000.0,20260912
SIRT,51,2.143236075463088,0.3049663609965436,0.07489524999982677,51,0.07586330320669105,0.011224139075631669,nan,3.128699559238723e-05,-0.006811198587217051,0.006554723544138237,0.00014746397248210496,0,1,1000.0,20260912
SIRT,52,2.1365754157281183,0.3049437301590918,0.07631729199783877,52,0.07482244683614306,0.011115451158548546,nan,3.044260273998383e-05,-0.006630217132236968,0.006380739807442503,0.00014548672491959783,0,1,1000.0,20260912
SIRT,53,2.1300848184826546,0.3049459633722311,0.07782175000102143,53,0.07382415037241098,0.011006787124356534,nan,2.969223615143391e-05,-0.006460905009307381,0.006218096986553219,0.00014367381595860478,0,1,1000.0,20260912
SIRT,54,2.123793087568397,0.30497369482796954,0.07952408399796695,54,0.07266923995348183,0.010899303720495501,nan,2.876672045815613e-05,-0.006262964193802668,0.0060276899924867735,0.00014138467371531402,0,1,1000.0,20260912
SIRT,55,2.1177011881420977,0.3050261642304344,0.08095041699925787,55,0.07161594060870188,0.010793779384656024,nan,2.795972916834559e-05,-0.0060639396971264746,0.00583545727883583,0.00013938388088623974,0,1,1000.0,20260912
SIRT,56,2.1117985981391865,0.30509784996283495,0.0823430839991488,56,0.07052443732038219,0.010688406538019756,nan,2.714740775189442e-05,-0.005875442595160429,0.005653905189943442,0.0001373590934608553,0,1,1000.0,20260912
SIRT,57,2.1060680286059243,0.3051904911910961,0.08377691699934076,57,0.06958477813665567,0.010610477490718868,nan,2.6438738827937594e-05,-0.005704130794435347,0.00548846746584574,0.00013532040854596106,0,1,1000.0,20260912
SIRT,58,2.1005123388448146,0.305300324524208,0.08524641699841595,58,0.06846442823304502,0.010567687247677445,nan,2.5731773784378265e-05,-0.005529957987327466,0.0053213208644458726,0.00013333856366867596,0,1,1000.0,20260912
SIRT,59,2.0951156519189533,0.30542299102988274,0.08667837499888265,59,0.0673717204411364,0.010521154688924677,nan,2.4968042745334553e-05,-0.005371718883114264,0.005169739490101329,0.00013145864449705023,0,1,1000.0,20260912
SIRT,60,2.0898623741440505,0.3055601251255678,0.08801983399825986,60,0.06644827643209204,0.010472458179530197,nan,2.4337403134344826e-05,-0.005228940371765685,0.005032509102863023,0.00012981773180136368,0,1,1000.0,20260912
SIRT,61,2.0847331028133786,0.3057154630580736,0.08941699999923003,61,0.06564982143108697,0.010424437880461131,nan,2.3689657911423718e-05,-0.005105581672766762,0.004913776377975189,0.00012794942392967988,0,1,1000.0,20260912
SIRT,62,2.0797333723258045,0.3058884866883652,0.09083379200092168,62,0.0648493015015736,0.010376892161139465,nan,2.3036901350171907e-05,-0.00497669358622394,0.0047894588923120835,0.0001259540568438544,0,1,1000.0,20260912
SIRT,63,2.0748455951968436,0.3060791661561592,0.09231029199872864,63,0.06409456731582806,0.010327815120053024,nan,2.2500043789587497e-05,-0.0048652770851692635,0.0046823714509906635,0.00012444125047456853,0,1,1000.0,20260912
SIRT,64,2.070071541617964,0.3062852386461276,0.09382004199869698,64,0.06333293482713433,0.01027812082381252,nan,2.1963711511371742e-05,-0.004752089867369044,0.004573500547188931,0.0001229450374897695,0,1,1000.0,20260912
SIRT,65,2.06542302285003,0.30650136340365924,0.09518216699871118,65,0.062433453395188465,0.010228155047972642,nan,2.1322875727280344e-05,-0.00462719589220872,0.00445362196279147,0.00012129498988719025,0,1,1000.0,20260912
SIRT,66,2.06090945256636,0.3067247253462756,0.09649725000053877,66,0.06156996503074882,0.010179163040921306,nan,2.076505250032888e-05,-0.004492805231166225,0.00432402725397545,0.00011970129895812602,0,1,1000.0,20260912
SIRT,67,2.0565070323313654,0.3069554088560737,0.09789316699971096,67,0.06071010136720543,0.01012934326831114,nan,2.021750885232286e-05,-0.00438220272615027,0.0042181344145937796,0.00011806364796224007,0,1,1000.0,20260912
SIRT,68,2.052219158062456,0.30719077753101914,0.09928654200120945,68,0.05985423291032084,0.010078808976796517,nan,1.963834998786421e-05,-0.004268235918910543,0.004108747809045273,0.00011637479299198435,0,1,1000.0,20260912
SIRT,69,2.0480479812861963,0.3074348254705411,0.10073033400112763,69,0.0590072982150471,0.010032783888686723,nan,1.9178872551103173e-05,-0.004151997903713416,0.003997083714127802,0.00011500757452586669,0,1,1000.0,20260912
SIRT,70,2.043994337779778,0.30769091541893595,0.10213916700013215,70,0.05826328820688235,0.009991961293887776,nan,1.8799775291570933e-05,-0.004034843731121456,0.0038839129687843247,0.00011400125874860774,0,1,1000.0,20260912
SIRT,71,2.040015543255215,0.3079595704098647,0.10359941699789488,71,0.05764457880492965,0.009948731724431384,nan,1.8404355967281065e-05,-0.0039603901685986214,0.00381264965128318,0.00011277404885976705,0,1,1000.0,20260912
SIRT,72,2.0361328472861095,0.3082377376517459,0.10491279199777637,72,0.056972968334532505,0.009878068301843637,nan,1.7852128442962105e-05,-0.003864843840660537,0.0037204000130630164,0.00011106119297813987,0,1,1000.0,20260912
SIRT,73,2.0323714381214906,0.3085262205957411,0.10629695899842773,73,0.056206459947806035,0.009865162286676138,nan,1.7299011327819713e-05,-0.0037441101532865073,0.0036034508576257623,0.00010892167290333193,0,1,1000.0,20260912
SIRT,74,2.0286990403877314,0.30882182837497923,0.10772508399895742,74,0.05551139765275052,0.009851147489510999,nan,1.7027443553774887e-05,-0.0036553702902211967,0.0035183219702910684,0.00010813085519290999,0,1,1000.0,20260912
SIRT,75,2.0251015121675953,0.3091256341939128,0.1091393339993374,75,0.05491947772573213,0.009836519224730467,nan,1.6660324590660393e-05,-0.0035808678955340685,0.0034467207684527887,0.00010694668851490842,0,1,1000.0,20260912
SIRT,76,2.0215761929841403,0.30944050886275176,0.11060333400018862,76,0.05434145332350599,0.009823076180973844,nan,1.6294443043768993e-05,-0.003509024740416512,0.003377669505989461,0.0001057210017302663,0,1,1000.0,20260912
SIRT,77,2.0181290569961217,0.30976402634760253,0.11206104200027767,77,0.05373630055615466,0.00981021366932653,nan,1.6003335048664684e-05,-0.0034311326529666442,0.0033027564881455323,0.00010472518208191419,0,1,1000.0,20260912
SIRT,78,2.0147492254778014,0.3100978610259909,0.11346820899780141,78,0.05320157093400024,0.009797256673093268,nan,1.569061575769209e-05,-0.00336414090256469,0.003238311160827947,0.00010366895159290801,0,1,1000.0,20260912
SIRT,79,2.0114342466996487,0.310441813791589,0.11485191699830466,79,0.052678329836319225,0.009785055456144588,nan,1.5394960223096916e-05,-0.003299583817931851,0.0031762284564355865,0.00010266489878846954,0,1,1000.0,20260912
SIRT,80,2.0081865091882634,0.31079559253015865,0.11623358399810968,80,0.05213407334990393,0.009772998443862474,nan,1.5108845872952647e-05,-0.0032326286655129425,0.0031118394311826377,0.00010172929202766116,0,1,1000.0,20260912
SIRT,81,2.0050082630095925,0.3111579721181801,0.11767837499792222,81,0.05158421637257629,0.009760830185023429,nan,1.4824846316523353e-05,-0.003163421332344358,0.0030451996097322688,0.00010086190564658443,0,1,1000.0,20260912
SIRT,82,2.001899073545948,0.3115275769491506,0.11910150000039721,82,0.051052379474275066,0.009749864182715956,nan,1.448930192869603e-05,-0.0030947001617260134,0.00297887219114531,9.96163204360801e-05,0,1,1000.0,20260912
SIRT,83,1.9988566361699223,0.3119026094915014,0.12056124999799067,83,0.05051150237207078,0.009739292379062885,nan,1.4109720467172909e-05,-0.003028327655550557,0.002914866782431423,9.831369247909641e-05,0,1,1000.0,20260912
SIRT,84,1.9958959007529242,0.31228269139229126,0.12190412500058301,84,0.0498906126577496,0.009730010916085706,nan,1.386621948724891e-05,-0.0029468691975138212,0.002836281755429759,9.742798338311666e-05,0,1,1000.0,20260912
SIRT,85,1.9929990567877498,0.31266845502758256,0.12334416700105066,85,0.04937592252665437,0.009721116538129185,nan,1.3659090485281193e-05,-0.0028831848746952763,0.002774944878906514,9.66903895259266e-05,0,1,1000.0,20260912
SIRT,86,1.99017005126185,0.3130580719311212,0.12474195899994811,86,0.04882501741157871,0.00971163202318663,nan,1.3456434306582186e-05,-0.0028155490915936668,0.00270981140963766,9.590505297164866e-05,0,1,1000.0,20260912
SIRT,87,1.9873957219533247,0.31345115138409047,0.12636920899967663,87,0.048322767413761764,0.009701232713771487,nan,1.3168681831686797e-05,-0.0027611606266901606,0.002657574815999166,9.491734018941094e-05,0,1,1000.0,20260912
SIRT,88,1.9846867268345632,0.3138465463897585,0.12786962500103982,88,0.04778173524447017,0.009692789327539633,nan,1.2882621596186407e-05,-0.0026961124971689424,0.002594840407612916,9.388450013755223e-05,0,1,1000.0,20260912
SIRT,89,1.9820331248583174,0.314243951628353,0.12932341700070538,89,0.04728558056983378,0.009684359238610848,nan,1.2613610654088521e-05,-0.002640988365588683,0.002541805669754444,9.2992549330023e-05,0,1,1000.0,20260912
SIRT,90,1.9794274540663215,0.3146453286333487,0.13073266699939268,90,0.04682396323557341,0.009675162427817689,nan,1.240758749911161e-05,-0.002593263204496471,0.002496046615341601,9.224684282264636e-05,0,1,1000.0,20260912
SIRT,91,1.9768700050505275,0.31505052167904257,0.13212791700061643,91,0.046386339693332654,0.009666084619709572,nan,1.2230437958092926e-05,-0.002545218577837099,0.00244986439028676,9.155385015352173e-05,0,1,1000.0,20260912
SIRT,92,1.9743561614748502,0.3154601577880169,0.13355500000034226,92,0.04596679244122152,0.009656613631050465,nan,1.2061428929835813e-05,-0.002501782146749746,0.002408196275310582,9.088284556741875e-05,0,1,1000.0,20260912
SIRT,93,1.9719146662845515,0.3158695524818587,0.13503508400026476,93,0.045337029575441265,0.009648479085302244,nan,1.1742587770932927e-05,-0.0024297526025279102,0.0023387228777624596,8.961494365511715e-05,0,1,1000.0,20260912
SIRT,94,1.9695280091271143,0.316280515564247,0.13648120899961214,94,0.04484353837191025,0.009640570867224151,nan,1.154498421978391e-05,-0.0023751121732180085,0.002286110010751484,8.890332818889103e-05,0,1,1000.0,20260912
SIRT,95,1.9671772870864694,0.3166954127392982,0.13790879199950723,95,0.04444067607546518,0.00963185729992716,nan,1.1356340708362969e-05,-0.0023393656999305583,0.0022519733561426826,8.81822916125374e-05,0,1,1000.0,20260912
SIRT,96,1.9648924542729413,0.3171111161968673,0.139294874999905,96,0.04390377002454241,0.009623386721252836,nan,1.1156316487077164e-05,-0.0022736764970440076,0.002188455762409697,8.736184675359924e-05,0,1,1000.0,20260912
SIRT,97,1.9626478913274072,0.3175284464700546,0.14070291700045345,97,0.04340940651470527,0.009614207104503381,nan,1.09149858204165e-05,-0.0022336479597120174,0.0021503441168361542,8.649098962153193e-05,0,1,1000.0,20260912
SIRT,98,1.960449773295282,0.3179491230441008,0.14210562500011292,98,0.04300415475881957,0.009605471804263403,nan,1.074864668287961e-05,-0.002187369385443794,0.0021056501657993037,8.586319595171829e-05,0,1,1000.0,20260912
SIRT,99,1.9582837502469363,0.3183744829939362,0.1435725419978553,99,0.042635179719317316,0.009596306540570951,nan,1.0586785199502057e-05,-0.0021554362631465433,0.0020751351208606423,8.521013485140708e-05,0,1,1000.0,20260912
SIRT,100,1.956159923242049,0.3188045238156957,0.14513008399808314,100,0.04220801964374142,0.009587158597473914,nan,1.0406648827475742e-05,-0.002113420356056851,0.0020347511587750122,8.44971828473517e-05,0,1,1000.0,20260912
LS,0,6.1914417536896025,0.4212667850084822,0.0,0,0.0,0.08710072990643926,0.0,0.0,0.0,0.0,0.0,0,0,1000.0,20260912
LS,1,2.402628454474586,0.3311683286608676,0.16701941700011957,256,11.1120119972432,0.028408270050344367,8.141058869344684e-08,0.7819198709578322,-3.0068934282571727,-2.3850272321288255,0.022163839465528298,0,241,1000.0,20260912
LS,2,1.9642244315596715,0.36011661806884676,0.2532487079988641,387,2.5645214712782107,0.012221802224424625,9.491491017893642e-08,0.12704129037395814,-0.31136273254096153,0.10956550408256649,0.00921890675138056,0,124,1000.0,20260912
LS,3,1.8714812054257879,0.38203747463451776,0.3317292079991603,505,1.5003530145918145,0.005798785545310993,9.225488496606472e-08,0.03156171011975615,-0.061181516014132103,-0.019809732285853643,0.0047010962389526754,0,112,1000.0,20260912
LS,4,1.8379310584502226,0.39976976063062625,0.4147996249994321,620,1.1099311983262459,0.006787158064928883,8.127916528812776e-08,0.013453621464417946,-0.02009652551114561,-0.02804721627533157,0.0030690196985170863,0,107,1000.0,20260912
LS,5,1.8199972383845333,0.4149394188865569,0.4894190000013623,732,0.8961834182311755,0.007347758127739015,8.651392988900085e-08,0.007830286740412772,-0.01010353332527851,-0.02222341588993637,0.0023267745120836183,0,105,1000.0,20260912
LS,6,1.8083586884541656,0.4282392616652899,0.5648457499992219,844,0.7542568811563046,0.0075617787396317585,8.345734109359899e-08,0.005288550073004195,-0.006349999857367216,-0.016806622208214068,0.001908549715865351,0,103,1000.0,20260912
LS,7,1.8001507908844838,0.44001365770832007,0.6349376250000205,949,0.6356324164446789,0.007677089873318788,8.91529412712965e-08,0.0037705387862997453,-0.004437358783374524,-0.011993530872083324,0.00161322507884384,0,98,1000.0,20260912
LS,8,1.7942273185146955,0.45050626146054684,0.7212703750010405,1049,0.546586185394107,0.007745343008379398,8.764064705870412e-08,0.002767619566487663,-0.003155852803304611,-0.009014350533395757,0.0013852971814238984,0,95,1000.0,20260912
LS,9,1.7898441250021047,0.45954071348106573,0.8088468749992899,1145,0.4747211155723115,0.007828563702502848,9.198333334230808e-08,0.002076342029768521,-0.0023068514828226967,-0.006884813365920131,0.0011988922361316412,0,90,1000.0,20260912
LS,10,1.7864694413436426,0.46740103874291816,0.8738724579998234,1238,0.41599395605999195,0.006334925176512364,9.816312238731152e-08,0.001605943118652607,-0.0017687405398150102,-0.005277864915460074,0.0010542474750652223,0,87,1000.0,20260912
LS,11,1.7838668914049798,0.47435516018183627,0.937373500000831,1333,0.3734080431694527,0.006368884421366004,7.475873715622473e-08,0.0012710758851429763,-0.0013314740535138579,-0.004369128396519169,0.0009366605902799358,0,90,1000.0,20260912
LS,12,1.7817609775049776,0.48066004805639384,0.9994835830002557,1425,0.33910450265195435,0.00642746148391129,9.94999671505618e-08,0.0010362439633652114,-0.0010696699366402477,-0.003643679285939323,0.0008451855843438761,0,86,1000.0,20260912
LS,13,1.7800128906934394,0.48642808131224824,1.0652750000008382,1521,0.31150557215733876,0.006478845451287476,9.202957649872595e-08,0.0008609693868315653,-0.0008871174247099665,-0.0031036992627152867,0.0007702996488184978,0,89,1000.0,20260912
LS,14,1.7785658388525836,0.49175379789732543,1.1265262499982782,1611,0.28714692186243207,0.00652028468018244,8.556807847586073e-08,0.0007265176817443983,-0.0007205341591049122,-0.0026756158958976773,0.0007076020002745635,0,85,1000.0,20260912
LS,15,1.7773275515687055,0.4966418881536794,1.1839212499980931,1696,0.2656316102322967,0.006547167875652391,8.943607749660444e-08,0.0006168219140992501,-0.0006214653697777163,-0.0022897203338520474,0.0006527303865231149,0,80,1000.0,20260912
LS,16,1.7762715377572613,0.5010638071181162,1.2476102920008998,1781,0.24620962654165995,0.006567009198476495,9.211780798727543e-08,0.0005277830347873603,-0.0005282307766622263,-0.001974945198645027,0.0006052373952669488,0,81,1000.0,20260912
LS,17,1.7753896212548592,0.5051385763154512,1.305642874998739,1866,0.2283369912935096,0.006582430236847046,9.179835701817132e-08,0.00045595047480096135,-0.00042596602760327606,-0.0017249725772465114,0.0005626854511841278,0,80,1000.0,20260912
LS,18,1.7746135382989778,0.5089153626183512,1.3688265419987147,1949,0.2128734057519268,0.006591747657702792,9.397305402081274e-08,0.00039753369521531873,-0.00037854926066143726,-0.0014896713879398375,0.000525849708563996,0,81,1000.0,20260912
LS,19,1.7739299836312892,0.5124233031724702,1.4272514580006828,2036,0.19877542901845655,0.006600311037510481,9.530402312840328e-08,0.0003500740570802434,-0.0003334806106132791,-0.0012920288913849157,0.0004941057722189624,0,79,1000.0,20260912
LS,20,1.7733253778849776,0.5157201499338312,1.4829294580013084,2118,0.18741009437890752,0.0066082394002479426,9.177831661601564e-08,0.00031125810010817665,-0.00029334764619728216,-0.0011515214274439472,0.00046629798555211313,0,78,1000.0,20260912
LS,21,1.7727760390986882,0.5188134164629021,1.536906707999151,2197,0.17685325544433436,0.006617135137695098,7.394180399757735e-08,0.0002788953360416566,-0.0002704434502541924,-0.001014514911773572,0.0004421337237044125,0,75,1000.0,20260912
LS,22,1.7722792017855493,0.5216628852409084,1.5891080420005892,2274,0.16687516061440846,0.006622702596133101,8.737840208055236e-08,0.00024875725777494614,-0.0002480800553562599,-0.0008955286483653551,0.00041857029749181124,0,74,1000.0,20260912
LS,23,1.7718379074479784,0.5242965337771786,1.6524922499993409,2356,0.15799906727331173,0.0066281702814747386,8.739179539748219e-08,0.0002245506639731223,-0.0002167436736020622,-0.0008068909253909277,0.00039852612597107484,0,75,1000.0,20260912
LS,24,1.7714443940223505,0.5267427392701425,1.7267972500012547,2440,0.14992329874269789,0.006633685592881479,8.894282426907683e-08,0.00020305045529343574,-0.00019046297033474245,-0.0007303363496667336,0.00038016916077025065,0,77,1000.0,20260912
LS,25,1.7710884953212536,0.5290611523440546,1.7835187499986205,2523,0.1434389827916397,0.006638037746529379,7.930703790316313e-08,0.0001860223405481412,-0.00016987636054792454,-0.000672838388118036,0.0003645798958065781,0,77,1000.0,20260912
LS,26,1.7707627389401277,0.53126588325788,1.8358398329983174,2601,0.13757112884570985,0.0066413604612748115,9.71523700460208e-08,0.0001713635017752513,-0.000154392879351939,-0.0006205343934682817,0.00035046623867201793,0,73,1000.0,20260912
LS,27,1.7704727287721,0.533314265142587,1.8895305000005465,2682,0.1316548639588499,0.0066437297711782525,9.338995732488933e-08,0.0001555259337972956,-0.0001344842342311454,-0.0005766399921735091,0.00033436843106070274,0,74,1000.0,20260912
LS,28,1.7702072335751344,0.535251247569534,1.9431558329997642,2762,0.12602179385533166,0.006645681476702608,7.381771362662957e-08,0.0001428908404543198,-0.00012260435650934045,-0.0005285794293601706,0.0003209300120971748,0,74,1000.0,20260912
LS,29,1.7699638039634717,0.537097191957753,1.9933192079988657,2836,0.12118365353174033,0.006647776512181423,8.746097689568885e-08,0.00013220641526278558,-0.00011122319640176757,-0.0004908442825023619,0.00030911073289347895,0,69,1000.0,20260912
LS,30,1.7697396455874894,0.5388622513462441,2.0436608329982846,2908,0.11658931781640972,0.006649771967317553,9.884187535785042e-08,0.0001223256936141589,-0.00010183268236186932,-0.00045549507546245897,0.00029784393596838434,0,69,1000.0,20260912
LS,31,1.7695359831204942,0.5405565192320892,2.093187582999235,2982,0.11261230815698536,0.006651499483616468,9.829952342322497e-08,0.00011389148962985571,-8.977097737191237e-05,-0.000430414130426978,0.00028780295348277877,0,69,1000.0,20260912
LS,32,1.769349880483553,0.5421853165660132,2.1447399579992634,3058,0.10893342460259585,0.006653312699419365,9.824287124559609e-08,0.00010621116177877166,-7.98914751638878e-05,-0.00040722191284128404,0.00027833788400397915,0,69,1000.0,20260912
LS,33,1.7691783025505992,0.5437561717738636,2.1950499169979594,3133,0.10551592286786146,0.006655326209985464,7.363441267792178e-08,9.94981075612029e-05,-7.20798253927212e-05,-0.0003851025659789654,0.0002697807849395865,0,70,1000.0,20260912
LS,34,1.769020266596153,0.5452694049741464,2.246390042000712,3210,0.10235983510828534,0.006657539168352941,8.321236717259827e-08,9.33943770636385e-05,-6.464157738430169e-05,-0.00036584083772357864,0.0002617254901878781,0,71,1000.0,20260912
LS,35,1.7688752592545613,0.5467343056725834,2.29681383299976,3285,0.09925363281916749,0.0066614942082314655,9.636354186972343e-08,8.781042149068207e-05,-5.7196920097695184e-05,-0.00034755683979848743,0.0002540140787078985,0,70,1000.0,20260912
LS,36,1.7687391750854582,0.5481424042818354,2.3480624170006195,3361,0.09598107892512404,0.006665590595241526,8.725413499462345e-08,8.228041551876247e-05,-5.380375358826812e-05,-0.0003245342064783879,0.00024611767869571146,0,70,1000.0,20260912
LS,37,1.7686126932840016,0.5494959347734267,2.3965513330003887,3431,0.09301093891504476,0.006668195500897341,8.891265295140951e-08,7.763044321779646e-05,-4.885135823343232e-05,-0.00030606993643633,0.00023932996221969174,0,66,1000.0,20260912
LS,38,1.7684940660152249,0.5508088550613346,2.4464725830002862,3504,0.09045290203483652,0.006670061705206365,8.381572878717122e-08,7.349935354469655e-05,-4.512791523276781e-05,-0.0002904591055494258,0.0002330828635884094,0,67,1000.0,20260912
LS,39,1.7683830720220735,0.5520830135595408,2.4974963329987077,3580,0.08790715909284386,0.006671809680367648,7.103409567822612e-08,6.964151768490923e-05,-4.1352475470945324e-05,-0.0002753894378373299,0.00022702179848422277,0,70,1000.0,20260912
LS,40,1.7682825707705756,0.5533116159057293,2.5474562919989694,3653,0.08512106849704124,0.006672743063906248,9.288303283848851e-08,6.562722718628599e-05,-3.487402431171746e-05,-0.00026177856360604616,0.00022037867501230264,0,67,1000.0,20260912
LS,41,1.7681880136568524,0.5544990089442352,2.5944290830011596,3721,0.08267742543755148,0.006673960847689355,9.602766161681285e-08,6.212196176385075e-05,-3.24351519550844e-05,-0.0002472207201259016,0.00021450617046080248,0,65,1000.0,20260912
LS,42,1.7681034041801276,0.5556143279356577,2.6422842079991824,3791,0.08003602336961041,0.006675578976809009,9.995024935947015e-08,5.8044370758704556e-05,-2.6565105974595727e-05,-0.00023567877511620165,0.00020751878548122,0,67,1000.0,20260912
LS,43,1.768022709290556,0.5566941048843069,2.691064082999219,3863,0.07761844961417999,0.006676451725676905,8.719752392687813e-08,5.49871217541999e-05,-2.5707767814229e-05,-0.0002205362964539301,0.0002021003566956594,0,68,1000.0,20260912
LS,44,1.7679473032576387,0.5577349952602962,2.737658875001216,3931,0.07492144945226974,0.00667799007062781,9.837718865206145e-08,5.162999954541391e-05,-2.377603337558582e-05,-0.00020525514648411482,0.0001959384592429565,0,63,1000.0,20260912
LS,45,1.7678783564455838,0.5587456553460232,2.785556374998123,4001,0.07248829548551826,0.0066793252396599835,9.920905025934857e-08,4.839249193815809e-05,-2.0554320109593966e-05,-0.00019378083706485288,0.0001898245856446271,0,66,1000.0,20260912
LS,46,1.7678146235003165,0.5597200280072542,2.8338697500003036,4069,0.07028266228866724,0.006680971310967722,7.828233257501238e-08,4.5719072489136656e-05,-1.8013872778988362e-05,-0.00018324968565185047,0.00018464038347020835,0,65,1000.0,20260912
LS,47,1.767754134814067,0.5606582484518154,2.8839115830014634,4139,0.06832382940300907,0.006682168357159927,9.521708871105124e-08,4.319731179072948e-05,-1.729137446340451e-05,-0.00017291859696515855,0.0001796302101617012,0,66,1000.0,20260912
LS,48,1.7676979565969517,0.5615612700937314,2.936818707999919,4210,0.06645744863136928,0.006683187425286432,6.910361417778376e-08,4.088843516023921e-05,-1.5289781952057584e-05,-0.0001646514068142108,0.00017488106990488605,0,65,1000.0,20260912
LS,49,1.767648247845833,0.5624322246530901,2.9868903329988825,4277,0.06472137377128666,0.006684362960441355,9.734494730300386e-08,3.873056553067041e-05,-1.0978185591816203e-05,-0.00015973406002348073,0.00017025048491577213,0,63,1000.0,20260912
LS,50,1.7676017388453202,0.5632763919240296,3.033809624997957,4343,0.06308735770726437,0.006685397666767704,9.150087967496263e-08,3.679529282532316e-05,-9.713707684100892e-06,-0.00015249173461137655,0.00016598610623053765,0,62,1000.0,20260912
LS,51,1.7675594861373651,0.564093259568414,3.0849821669980884,4413,0.06148851270557143,0.006686436136683526,8.521979201176414e-08,3.496139137411093e-05,-7.291316585036481e-06,-0.00014678915178205712,0.00016190772714313076,0,64,1000.0,20260912
LS,52,1.7675208390561903,0.564889007232394,3.1315178330005438,4478,0.06000742039165863,0.006687463821905831,9.500678746177169e-08,3.327564790161492e-05,-5.371433272419481e-06,-0.00014139744392821502,0.00015802382071019807,0,61,1000.0,20260912
LS,53,1.7674850119587613,0.5656615156936684,3.177824499998678,4542,0.05860466403658932,0.006688446466413927,8.500347854077098e-08,3.170014687791921e-05,-4.126950553494777e-06,-0.00013589823491307772,0.00015426328917253905,0,61,1000.0,20260912
LS,54,1.767452022257377,0.5664122234338994,3.2248386249993928,4608,0.05729655285076367,0.006689358429912606,9.755966245288009e-08,3.0271364003094893e-05,-2.718337376684022e-06,-0.00013115504704480597,0.0001507744690738964,0,61,1000.0,20260912
LS,55,1.767421660562502,0.5671437711353157,3.2728670830001647,4677,0.056061137879770614,0.006690203663610939,9.882118313476919e-08,2.8974860750627845e-05,-1.3868341239280866e-06,-0.00012678086414359642,0.00014755422408396188,0,63,1000.0,20260912
LS,56,1.7673934388910693,0.567856609466723,3.320429708001029,4744,0.05485841871711889,0.006690938087411671,9.035104910484466e-08,2.7719023484620017e-05,-5.026479458242524e-07,-0.00012225063377445486,0.00014436298242612462,0,62,1000.0,20260912
LS,57,1.7673670988276913,0.5685496763093351,3.3684516249995795,4812,0.053764900629440025,0.006691431778931403,9.929257394857577e-08,2.654914324007722e-05,2.0907986214935194e-07,-0.00011819316360669492,0.00014133192445174095,0,64,1000.0,20260912
LS,58,1.7673425730099164,0.569223967900119,3.417541082999378,4882,0.05270268310850974,0.0066919572506273,8.226189218557166e-08,2.549856599333708e-05,9.72748217962208e-07,-0.00011435282256689908,0.0001385652407450976,0,64,1000.0,20260912
LS,59,1.767319321384523,0.5698787669679478,3.4664955000007467,4949,0.0516763840155363,0.00669237494221708,7.872070084441816e-08,2.4475414813499324e-05,1.2237894230581106e-06,-0.00011027080785276416,0.0001358448484807039,0,62,1000.0,20260912
LS,60,1.767297709888522,0.5705191673138327,3.514659500000562,5019,0.050742622716006186,0.00669293636895504,8.660421765916553e-08,2.3566196094686314e-05,1.954700093594157e-06,-0.00010712919200395237,0.000133354861165391,0,64,1000.0,20260912
LS,61,1.7672780472128402,0.5711408114873158,3.55972487499821,5084,0.04904025950278187,0.006693670459955844,9.083049390825302e-08,2.24243005170828e-05,2.761624836190893e-06,-0.00010058467692313418,0.00013006458537256048,0,59,1000.0,20260912
LS,62,1.7672593381795318,0.5717470833975463,3.603088249998109,5146,0.04780380153843353,0.006694268504891579,9.156606642353544e-08,2.1495351890650994e-05,2.7863185828245787e-06,-9.555113876793527e-05,0.00012736597177763598,0,58,1000.0,20260912
LS,63,1.7672404919580549,0.5723357271714825,3.6456863329985936,5207,0.04668660307617924,0.006694331807649657,8.991468461666361e-08,2.0578617041757314e-05,1.7323955649835627e-06,-9.013572386267074e-05,0.00012460436296344112,0,56,1000.0,20260912
LS,64,1.7672223969468346,0.5729068359443491,3.6883058329985943,5270,0.04571762308921516,0.006694171447933881,9.384475453351328e-08,1.9730477462223664e-05,1.6354662403648916e-06,-8.641004182607874e-05,0.00012199696379887146,0,58,1000.0,20260912
LS,65,1.7672065107513295,0.5734663199866179,3.7332956669997657,5333,0.04483839312652487,0.006694245377154575,9.679997843436741e-08,1.896187166951595e-05,3.0756761685834435e-06,-8.463787940336256e-05,0.00011962797151569707,0,57,1000.0,20260912
LS,66,1.7671915776722802,0.5740132719030819,3.777470832999825,5394,0.044012115834632035,0.00669434456783445,8.422244167280116e-08,1.8260628765111643e-05,3.327549716810019e-06,-8.1920237962736e-05,0.00011742816081844698,0,57,1000.0,20260912
LS,67,1.7671773453799549,0.5745476641351834,3.8219674579995626,5457,0.04321072060505586,0.0066943844983112216,9.711652811945746e-08,1.7606948118725227e-05,3.3746557896571545e-06,-7.912602643507645e-05,0.00011534344963636121,0,58,1000.0,20260912
LS,68,1.7671643539056996,0.5750698823097696,3.8646319580002455,5516,0.04233219407568768,0.00669460022613779,8.703098416914303e-08,1.6967453526001105e-05,3.975979274061546e-06,-7.660925850782045e-05,0.00011324953296784726,0,54,1000.0,20260912
LS,69,1.767153482278804,0.5755811216838874,3.908045125001081,5575,0.04148551276916937,0.00669491730228112,8.6814427065952e-08,1.6366000228254792e-05,5.494373328364617e-06,-7.518076159043135e-05,0.0001112458133180248,0,55,1000.0,20260912
LS,70,1.7671424823315183,0.5760785605786585,3.9521414170012577,5638,0.04057952299756912,0.006694635376788597,9.656850370710814e-08,1.5656373289947395e-05,4.6564260045855555e-06,-7.133493704980619e-05,0.00010882598715557052,0,57,1000.0,20260912
LS,71,1.767131769199666,0.5765634143993587,3.9962546249989828,5698,0.03975002320614145,0.006694250277561095,9.232292798648926e-08,1.5004065976209241e-05,4.290934124872298e-06,-6.82900853921368e-05,0.00010656029743771496,0,56,1000.0,20260912
LS,72,1.7671220797269862,0.5770380382602612,4.039497000001575,5757,0.03897493807466491,0.00669418075358888,8.69708887531967e-08,1.4434053390510584e-05,4.7445807106793416e-06,-6.62628172164346e-05,0.00010453375507996608,0,55,1000.0,20260912
LS,73,1.7671133945905868,0.5775037951038188,4.082901082998433,5817,0.03827788740412509,0.006694291988582916,9.948202147774925e-08,1.3915958669371671e-05,5.23082226626672e-06,-6.457469680674387e-05,0.00010265930648771277,0,55,1000.0,20260912
LS,74,1.7671074613183664,0.5779580001945996,4.1265900830003375,5876,0.037553637224216736,0.006694654171221919,9.617675016132054e-08,1.3322012668245102e-05,7.388740451865551e-06,-6.458051121797745e-05,0.00010046191347134976,0,53,1000.0,20260912
LS,75,1.767103013931513,0.5784024066915411,4.171562542000174,5937,0.03687025253137907,0.006695110334368508,9.9778789435498e-08,1.2812649942982518e-05,8.365263085731903e-06,-6.352338923292655e-05,9.855092042280889e-05,0,57,1000.0,20260912
LS,76,1.7670993576180005,0.5788382713055055,4.213934916999278,5995,0.036191520541191145,0.006695747621214556,9.697316662345512e-08,1.2357526683872974e-05,8.701213170061923e-06,-6.183499444177179e-05,9.681284753408516e-05,0,55,1000.0,20260912
LS,77,1.7670962960291867,0.5792665154329155,4.258846374999848,6055,0.035558982078920186,0.006696506425360762,8.903251404234099e-08,1.1933095532401276e-05,8.871506720856886e-06,-6.016047151064644e-05,9.51597774292516e-05,0,56,1000.0,20260912
LS,78,1.7670937941019607,0.5796874820225907,4.3030469580007775,6111,0.03496083110300561,0.006697296158246123,8.213691625063508e-08,1.15297395778259e-05,9.02781235448849e-06,-5.861105834458243e-05,9.356003964029229e-05,0,53,1000.0,20260912
LS,79,1.7670917967196482,0.5801011381808353,4.348322458001348,6168,0.03438912360825049,0.006698082979034351,9.145765313789434e-08,1.1145960253303916e-05,9.148577944264245e-06,-5.713320881474128e-05,9.200779560411899e-05,0,53,1000.0,20260912
LS,80,1.7670902118232157,0.5805075331921248,4.393004041998211,6230,0.033815191552373156,0.00669906283955655,8.337332452074435e-08,1.0780323673728185e-05,9.195427234439657e-06,-5.5588462553646214e-05,9.050320382415545e-05,0,57,1000.0,20260912
LS,81,1.7670883160217694,0.5809039009328407,4.43487629199808,6291,0.03317782754609549,0.006700294094384628,9.97022881332874e-08,1.0366154983929802e-05,8.470353541164474e-06,-5.314261058765042e-05,8.868946023479415e-05,0,55,1000.0,20260912
LS,82,1.7670871228626337,0.5812920743312854,4.4768698750012845,6350,0.032568008696955746,0.006701178573472624,9.71508065846471e-08,9.998677125085228e-06,8.805517992738034e-06,-5.184060038853421e-05,8.708169996984607e-05,0,54,1000.0,20260912
LS,83,1.7670862760808048,0.5816695397843336,4.514768624998396,6402,0.031906727613987315,0.006701645455016441,8.831508516276712e-08,9.63317575012382e-06,8.786393918362675e-06,-5.005518152278082e-05,8.548043909177471e-05,0,48,1000.0,20260912
LS,84,1.7670856610252266,0.5820376302030497,4.554433500001323,6457,0.03129125612599932,0.0067019996704986845,7.668024980737443e-08,9.293579631961798e-06,8.678524053006257e-06,-4.834207991889869e-05,8.396580424617051e-05,0,52,1000.0,20260912
LS,85,1.7670871233238539,0.5823934891831969,4.596717417000036,6517,0.03061687649324814,0.006702746465145574,9.866134195171108e-08,8.835902002932496e-06,1.0298200633882484e-05,-4.833195493743772e-05,8.166714856732056e-05,0,55,1000.0,20260912
LS,86,1.7670890409191562,0.5827401534402574,4.637451750000764,6575,0.029898394443525416,0.006703660026665193,9.135678640693887e-08,8.421167679262275e-06,1.0338762975121643e-05,-4.661329481735696e-05,7.967632163631193e-05,0,52,1000.0,20260912
LS,87,1.767093328604883,0.5830760062816756,4.676624083000206,6631,0.029232692915870464,0.006704622137245962,6.932973179116905e-08,7.957392841257324e-06,1.2245078572489705e-05,-4.7015202482590566e-05,7.750078880599279e-05,0,53,1000.0,20260912
LS,88,1.7670966698824213,0.5834019486093752,4.7155336670002725,6686,0.028582207818808193,0.0067056014054930994,9.497944759979168e-08,7.6156028993746884e-06,1.0956880435861366e-05,-4.4188407728081696e-05,7.578996085424539e-05,0,50,1000.0,20260912
LS,89,1.7670996091769975,0.5837187605173916,4.754763000000821,6741,0.02800351034139429,0.006706524154794715,9.82043866018813e-08,7.306888325788153e-06,1.0246182895469387e-05,-4.214912414820522e-05,7.420712300460873e-05,0,50,1000.0,20260912
LS,90,1.767102316624349,0.584029161769685,4.794861957998364,6798,0.027486200465853747,0.006707319462799351,9.031324371429332e-08,7.030663094393535e-06,9.738110449937854e-06,-4.04820081538793e-05,7.277219834977843e-05,0,52,1000.0,20260912
LS,91,1.767104949357365,0.5843328322594564,4.834776457999396,6854,0.026936597375601258,0.006707871951737193,9.141313276799308e-08,6.743473143562567e-06,9.376206159824366e-06,-3.89117469248016e-05,7.123198233387296e-05,0,52,1000.0,20260912
LS,92,1.7671074488159744,0.5846308129630254,4.8742902080011845,6911,0.026439459434830236,0.006708352310708956,7.221917284477298e-08,6.488277922188067e-06,8.987736534326729e-06,-3.745170936971904e-05,6.98482077481897e-05,0,52,1000.0,20260912
LS,93,1.7671098980570077,0.5849236293888882,4.913235957999859,6967,0.025965384403683577,0.006708837065026043,9.279139490320672e-08,6.2506025750763275e-06,8.699843604562067e-06,-3.6159300394872616e-05,6.854074170966018e-05,0,52,1000.0,20260912
LS,94,1.7671125186840755,0.5852114418768152,4.950808749999851,7021,0.025515372760672093,0.00670938577884641,9.774401195136518e-08,6.027343437775711e-06,8.647970508193204e-06,-3.517233942359768e-05,6.72915556722716e-05,0,49,1000.0,20260912
LS,95,1.7671151556572182,0.5854944561642207,4.991152874998079,7080,0.02509111618100412,0.006709935468533935,7.514808087688763e-08,5.817497368270248e-06,8.454470510848348e-06,-3.411517870316571e-05,6.60984622975229e-05,0,52,1000.0,20260912
LS,96,1.7671178885385013,0.5857727565187124,5.035918624998885,7133,0.02467333208533599,0.0067105135560642576,9.997945252563313e-08,5.616994742576936e-06,8.349876020661363e-06,-3.317154709271535e-05,6.493969170380951e-05,0,49,1000.0,20260912
LS,97,1.7671206586486643,0.5860464630582473,5.073901874999137,7187,0.02426178088918112,0.006711115735790298,8.050878701674934e-08,5.424069335875889e-06,8.194179500902142e-06,-3.220181075876236e-05,6.380493893499631e-05,0,49,1000.0,20260912
LS,98,1.7671237244608275,0.5863157019316,5.1107567500002915,7240,0.023869636939586953,0.006711738118398977,8.782642219974772e-08,5.24262419213259e-06,8.308436355246536e-06,-3.155379054463456e-05,6.272116615758938e-05,0,48,1000.0,20260912
LS,99,1.7671267039976795,0.5865805585314763,5.1463743329986755,7290,0.02348617834843036,0.006712319091164202,8.87873257024723e-08,5.068840311074364e-06,8.048377166982943e-06,-3.055956552262428e-05,6.16660434412954e-05,0,46,1000.0,20260912
LS,100,1.7671297975571365,0.5868411173047396,5.182300749998831,7340,0.023109102328411162,0.006712844241691833,9.489405775921144e-08,4.90251620506344e-06,7.996075661153803e-06,-2.979508997829472e-05,6.063974682123815e-05,0,46,1000.0,20260912
WLS,0,6.1914417536896025,0.4212667850084822,0.0,0,0.0,0.08710072990643926,0.0,0.0,0.0,0.0,0.0,0,0,1000.0,20260912
WLS,1,2.3590380328235523,0.32075450925461224,0.19578212499982328,306,10.992080594032307,0.03401355469989218,9.5353371649978e-08,0.8099668674522572,-3.0224368534137946,-2.2088880684190326,0.02243068646027651,0,287,1000.0,20260912
WLS,2,1.9387947565119301,0.3521596608235358,0.2784603749969392,431,2.5035277078445097,0.014169339980699839,9.20255048623614e-08,0.12414937761383214,-0.2960938986977893,0.1068607271143629,0.009052231836005816,0,117,1000.0,20260912
WLS,3,1.8530805701140702,0.37573449076274584,0.35433041699798196,546,1.4639531146410154,0.007264406139350842,6.902397855073742e-08,0.03004531358534001,-0.05566887281251787,-0.02144374969549663,0.004580178834365682,0,106,1000.0,20260912
WLS,4,1.822075907864767,0.39469098269395725,0.4242168329983542,650,1.0932934205010825,0.004455317765947998,8.443719164033697e-08,0.01270819626301623,-0.01829646598628311,-0.028759862916244633,0.002998774055047177,0,99,1000.0,20260912
WLS,5,1.8049008982304613,0.4107565760709205,0.49393391699777567,753,0.8831134444044527,0.0032739106020377388,9.898856094774731e-08,0.007506505548968795,-0.00966850408534345,-0.021819458150089087,0.0022946948853066035,0,99,1000.0,20260912
WLS,6,1.7934009056365672,0.4249452683878684,0.5563124579966825,847,0.73962909651669,0.002790086986741721,8.852800524576955e-08,0.005153957742117695,-0.006346034851778693,-0.01585256742681064,0.0018973219458479457,0,89,1000.0,20260912
WLS,7,1.7852275216701226,0.43753924236168545,0.6158992079981545,934,0.6287964819968141,0.0024745347857336865,9.835649182695492e-08,0.0036830856717496438,-0.004490298294692245,-0.011595866822133868,0.0016029894175050578,0,83,1000.0,20260912
WLS,8,1.77920628870187,0.4485475263190796,0.6737933749973308,1019,0.5462577750466686,0.002252867798466555,9.81108345005723e-08,0.0027261992044583377,-0.0032950337637967114,-0.00889864487169432,0.001379489645249556,0,81,1000.0,20260912
WLS,9,1.7747032208454387,0.45813971326220504,0.7324427919993468,1107,0.47295282373888337,0.002081099983155601,8.859096341837108e-08,0.0020480885376359874,-0.0024549793187867465,-0.0066811508176978784,0.001195413133734695,0,83,1000.0,20260912
WLS,10,1.771220920362926,0.46640261821694334,0.7887324999974226,1190,0.4139258085814641,0.001943087325444008,9.552147417040556e-08,0.0015929893900828703,-0.001889311092433479,-0.005084428267978308,0.0010551515758436597,0,80,1000.0,20260912
WLS,11,1.7684576517280253,0.47373679081370523,0.8433102919989324,1272,0.3725992470886375,0.0018324696561384537,8.900365772470841e-08,0.0012754474928032354,-0.0014878211420962456,-0.004178241311650139,0.0009434620637160436,0,76,1000.0,20260912
WLS,12,1.766213793848351,0.48037909204986823,0.8991376669982856,1355,0.3401167808958834,0.0017441978065955994,7.187107323455946e-08,0.0010450578829468435,-0.001198799996724604,-0.003540113352674734,0.000853341667352794,0,80,1000.0,20260912
WLS,13,1.764356313877419,0.48637278816390483,0.954305082999781,1438,0.3112321021148305,0.0016677634978772057,8.252840130299358e-08,0.0008685501553659798,-0.0009889298155676177,-0.0029857910984087063,0.0007783534264665719,0,76,1000.0,20260912
WLS,14,1.762800251083298,0.4918222818395259,1.0078597079991596,1518,0.28652404850054475,0.001606822986809258,7.795653028786002e-08,0.0007310842261187835,-0.0008249785680024351,-0.0025487387243362213,0.0007148989909517933,0,74,1000.0,20260912
WLS,15,1.7614834268566046,0.4968306941732096,1.0632876669988036,1600,0.26324447616693925,0.001561161879106925,8.922221644958921e-08,0.0006215698456492073,-0.0006952543810464034,-0.0021480584849268764,0.0006601170742511449,0,77,1000.0,20260912
WLS,16,1.7603690756507009,0.5013595654932455,1.113545582997176,1675,0.2423086276452548,0.0015263654388039428,9.885311560597682e-08,0.0005260647647820561,-0.0005882864411207152,-0.0018213223456625851,0.0006085410430761425,0,70,1000.0,20260912
WLS,17,1.7594199508670554,0.505437151433126,1.1660629999969387,1753,0.2249479241712762,0.0014984371695569189,8.11817815651153e-08,0.0004505883221106833,-0.0004985364615359753,-0.0015809536458028066,0.0005649771754203355,0,72,1000.0,20260912
WLS,18,1.758595244094582,0.509198773747765,1.2144783749972703,1825,0.2086971761176746,0.0014756146575143005,8.533266819665363e-08,0.00039369258074178383,-0.0004310141917293847,-0.0013530187935012132,0.0005294864087568909,0,68,1000.0,20260912
WLS,19,1.7578710768699128,0.5126952905161914,1.2667788329999894,1903,0.19554839359025775,0.0014583591702752449,9.406106358478309e-08,0.00034646977597695204,-0.00037769744869482633,-0.001187791487117348,0.0004975567999208494,0,71,1000.0,20260912
WLS,20,1.7572358749466885,0.5159336910767732,1.3174729579986888,1978,0.1839697928664222,0.001382723440329573,8.505231598187788e-08,0.00030454646317199614,-0.0003306554600520232,-0.00105704231114141,0.00046701977706632805,0,70,1000.0,20260912
WLS,21,1.7566717905192955,0.5189700033263153,1.3671567919991503,2052,0.1737337928177053,0.001337544278275442,8.317575021224386e-08,0.0002714941567198382,-0.00029259027066849924,-0.0009450871109481819,0.00044182541296793407,0,69,1000.0,20260912
WLS,22,1.7561667993037735,0.521847267823371,1.4168968749982014,2126,0.1650803199919823,0.0013193537147385976,9.167946472363973e-08,0.00024440975446745944,-0.0002605814610524582,-0.00085758438691082,0.00042012722784840834,0,69,1000.0,20260912
WLS,23,1.7557104876562308,0.5245490900466986,1.4660541669982194,2199,0.15653516817702154,0.0013101414681511792,9.962114860635806e-08,0.00022093900041544605,-0.00023537264712663474,-0.0007688512962677478,0.00040058383277193316,0,67,1000.0,20260912
WLS,24,1.7553003886725114,0.5270271827051496,1.513611916998343,2268,0.1471883942816583,0.0013039813658895364,9.15990022462832e-08,0.00019649792884944664,-0.0002136010548732522,-0.0006731221868411805,0.000378638748116565,0,64,1000.0,20260912
WLS,25,1.7549327228969374,0.5293301339418963,1.5604307499997958,2336,0.14033695969847343,0.0013009412289634041,8.73064828838246e-08,0.00017703995504240688,-0.00019062582053255505,-0.0006170573372965369,0.00036001874848822277,0,64,1000.0,20260912
WLS,26,1.7545983492855761,0.5315022989486987,1.6106058329969528,2410,0.13414435630919536,0.0013007051860760234,5.9803725880326e-08,0.0001616575770147762,-0.00017271603434611827,-0.0005653618051191797,0.00034443083656630143,0,69,1000.0,20260912
WLS,27,1.754291522809954,0.5335609637386408,1.6603615829990304,2484,0.12865210303571387,0.001300899030650912,8.981211694275531e-08,0.00014868788441325197,-0.00015813859120691065,-0.0005207417051535173,0.000330841010703299,0,68,1000.0,20260912
WLS,28,1.7540095511623288,0.5355083163358457,1.7094610419990204,2556,0.12349034367444499,0.001299304397470905,8.753978282916519e-08,0.00013705119449503882,-0.0001449204531286664,-0.0004805216014164036,0.00031837285555076156,0,67,1000.0,20260912
WLS,29,1.7537478076566264,0.5373693902474883,1.7607229579989507,2633,0.11893695169673896,0.0012979940099898642,7.950756446576197e-08,0.00012718897629772442,-0.0001345545294047172,-0.0004455564182432155,0.0003072491368002789,0,71,1000.0,20260912
WLS,30,1.7535049925945334,0.5391433821017005,1.811757999999827,2711,0.11467546653276027,0.001299036926485009,6.969298030868633e-08,0.00011807003081458203,-0.00012474503128016544,-0.0004147080691323064,0.00029648037189968374,0,69,1000.0,20260912
WLS,31,1.753279780981824,0.5408311301981467,1.8580278329973225,2778,0.11025711773516716,0.001301009375079627,9.762041659675125e-08,0.00010916330196175523,-0.00011604831074424065,-0.0003826199878538285,0.000285263657098803,0,64,1000.0,20260912
WLS,32,1.7530707603527538,0.5424314772038356,1.9053207500001008,2847,0.10639337749269766,0.0013012544648088307,7.531299445041707e-08,0.00010172756990420973,-0.00010729305916383769,-0.0003569569096450497,0.00027585824396025556,0,64,1000.0,20260912
WLS,33,1.7528755352604826,0.5439561100176451,1.9539730830001645,2919,0.10297733975940798,0.0013004844227835612,9.361274103275355e-08,9.539028974880911e-05,-9.983480252673469e-05,-0.0003349915329250156,0.0002676146669533221,0,65,1000.0,20260912
WLS,34,1.7526924493531493,0.5454187211849272,2.0027931249969697,2992,0.099423362184805,0.0013002803766716537,7.675683836596019e-08,8.946023835889068e-05,-9.362566897027257e-05,-0.00031116434007325434,0.00025947995614582724,0,67,1000.0,20260912
WLS,35,1.7525201283866856,0.5468230149345007,2.048209249998763,3058,0.09631142877255859,0.0012996433243756497,9.295770954169069e-08,8.413340139570639e-05,-8.818756506987692e-05,-0.0002914735991468909,0.0002518938584163418,0,63,1000.0,20260912
WLS,36,1.7523572729045132,0.5481796058875954,2.0920498329978727,3122,0.09328365571125756,0.0012984768181494967,9.978201995879293e-08,7.899765518235236e-05,-8.385782699196351e-05,-0.00027223653897039135,0.00024435551642562327,0,60,1000.0,20260912
WLS,37,1.7522039746643119,0.5494885898324772,2.138293416999659,3187,0.09032707669169775,0.0012977181592288113,9.993005310249848e-08,7.436030011927714e-05,-7.893794008009155e-05,-0.00025465079898212063,0.00023731155825674853,0,63,1000.0,20260912
WLS,38,1.7520595235434355,0.5507458657375347,2.1835745419994055,3253,0.08742144921888505,0.0012978467844031328,9.646425349694362e-08,7.007257128861833e-05,-7.437854959010942e-05,-0.00023767436830015052,0.00023063500238720757,0,63,1000.0,20260912
WLS,39,1.7519232734308916,0.5519521370500254,2.2310448329990322,3322,0.08490050528426193,0.0012976288483594871,9.34696075454383e-08,6.60327892215459e-05,-7.021732331786836e-05,-0.0002241546773322264,0.00022402294384743333,0,65,1000.0,20260912
WLS,40,1.7517944864236787,0.5531144757921375,2.276333166999393,3388,0.08250099127878714,0.0012973166307017185,9.263246121730341e-08,6.237086373740933e-05,-6.64161434795637e-05,-0.00021153367088626508,0.0002178728843861436,0,62,1000.0,20260912
WLS,41,1.7516727099993012,0.554232440029364,2.3226318749984785,3457,0.08036164024788131,0.0012949721178275478,9.013435121354379e-08,5.895669370593557e-05,-6.28197306687542e-05,-0.00020112323678899942,0.0002119022178018727,0,64,1000.0,20260912
WLS,42,1.7515573905761128,0.5553120109036996,2.3678558749998047,3523,0.07830436309219503,0.0012938035162591663,9.765716443300364e-08,5.596236353112806e-05,-5.935705965931193e-05,-0.00019125924077528441,0.00020655680563769533,0,61,1000.0,20260912
WLS,43,1.751448017033668,0.5563530318665137,2.4136239170002227,3591,0.07626964962992538,0.0012928795167012773,9.174133859224913e-08,5.3150029346487796e-05,-5.6223513096295005e-05,-0.00018147943028868838,0.00020143058584261734,0,64,1000.0,20260912
WLS,44,1.7513448944848766,0.5573547704557326,2.458449916997779,3656,0.07420740294275281,0.0012935611111300235,6.678269080377976e-08,4.9928437569995944e-05,-5.319411121950281e-05,-0.0001722143837841027,0.00019529118644931497,0,62,1000.0,20260912
WLS,45,1.7512483444023756,0.5583203404930034,2.5046660419975524,3724,0.07192711245653305,0.0012956877088460403,9.190103752033604e-08,4.704026435806481e-05,-4.950981814742665e-05,-0.00016212539281575854,0.00018964042180322555,0,63,1000.0,20260912
WLS,46,1.7511569302499599,0.5592422596192802,2.550135124998633,3790,0.06980774622092505,0.0012960030265257733,8.376116733899663e-08,4.453094903196817e-05,-4.688320338206926e-05,-0.0001522419192064952,0.00018474136002017243,0,62,1000.0,20260912
WLS,47,1.7510703726248957,0.5601258187646441,2.5936035829981847,3855,0.06739743979697066,0.0012973327601914634,9.858176091193324e-08,4.1645497765189186e-05,-4.4912127302671645e-05,-0.00014056311949516,0.0001789187429125745,0,59,1000.0,20260912
WLS,48,1.750989384596646,0.5609712518394144,2.63553299999694,3916,0.06515321046245874,0.0013002098737408907,9.800549117444808e-08,3.866056045151653e-05,-4.232746778899221e-05,-0.00013125901342853224,0.00017230156503158253,0,58,1000.0,20260912
WLS,49,1.7509137710281495,0.5617879519266551,2.6786763749987585,3979,0.06299015484276464,0.0013021984273422966,9.896379936296771e-08,3.6283612565698176e-05,-3.932995593817634e-05,-0.00012277441185927127,0.00016698217707711505,0,59,1000.0,20260912
WLS,50,1.7508426556444747,0.5625725319931096,2.722101499999553,4042,0.06095819892056091,0.0013036258582909987,9.010559433165219e-08,3.414803364805352e-05,-3.6967350022931565e-05,-0.00011467971710716457,0.00016221493754458175,0,59,1000.0,20260912
WLS,51,1.7507754647886735,0.5633259905606278,2.764983166998718,4104,0.05912461529076521,0.0013050004884549511,7.265081976303941e-08,3.224313082725942e-05,-3.4947724974557284e-05,-0.00010759515086284694,0.00015779973493024844,0,59,1000.0,20260912
WLS,52,1.7507121496606037,0.5640557369248547,2.807819624998956,4166,0.057162049698186286,0.0013062695016151443,7.889855042099566e-08,3.03752629052051e-05,-3.293986516292998e-05,-0.00010005986821511073,0.00015323633904449033,0,59,1000.0,20260912
WLS,53,1.7506528169320519,0.5647613720747067,2.850640291999298,4229,0.05521681493734669,0.0013074259402104352,9.612331126408929e-08,2.8505439225146595e-05,-3.0827289326601436e-05,-9.311210403940663e-05,0.0001484597013241721,0,59,1000.0,20260912
WLS,54,1.7505969973965478,0.5654418491554194,2.892007291997288,4288,0.053455630831890574,0.0013079786274051062,9.459306239763633e-08,2.6852933259049484e-05,-2.8966602243814033e-05,-8.7055687877726e-05,0.0001441379174572278,0,57,1000.0,20260912
WLS,55,1.7505443998336099,0.5660952203002769,2.9346870419976767,4348,0.05178358248152593,0.0013079731433607391,7.154108929556665e-08,2.5316487073609886e-05,-2.728107586269528e-05,-8.147940779308841e-05,0.0001400417290278341,0,58,1000.0,20260912
WLS,56,1.7504946479892078,0.5667267326763339,2.97816837499704,4411,0.05023405626328961,0.0013082067166079083,8.868643006280862e-08,2.394653725015384e-05,-2.580530715370616e-05,-7.642117603113226e-05,0.00013629223383844252,0,60,1000.0,20260912
WLS,57,1.7504475213476245,0.5673360740913341,3.018243499998789,4468,0.04886581806670661,0.001308654246138227,9.026496734379554e-08,2.2649427427285832e-05,-2.447721415768971e-05,-7.226676718307307e-05,0.00013261525982170993,0,55,1000.0,20260912
WLS,58,1.7504029189659422,0.567924852641307,3.0623052919982,4532,0.04751136410629632,0.0013089826037286435,6.955312293230147e-08,2.148482963047178e-05,-2.311755204780164e-05,-6.826410427980706e-05,0.00012925791627296812,0,61,1000.0,20260912
WLS,59,1.750360593773147,0.5684955140054293,3.103144999997312,4591,0.04626346147814843,0.0013092559362969894,7.485799352782027e-08,2.04229959834189e-05,-2.190219680890425e-05,-6.469020060177223e-05,0.00012611905906351477,0,56,1000.0,20260912
WLS,60,1.7503203395865958,0.5690504176035098,3.144626082998002,4652,0.04510203331147942,0.0013095611678491073,6.704696569160821e-08,1.9453915665946422e-05,-2.0800270886150744e-05,-6.145548389030922e-05,0.0001231835462503544,0,57,1000.0,20260912
WLS,61,1.7502819155744052,0.569590350275998,3.184082624997245,4708,0.0440120572768307,0.0013098535223014407,8.497684321021498e-08,1.856505419620915e-05,-1.9858957993226846e-05,-5.842904709627705e-05,0.00012042637168236769,0,53,1000.0,20260912
WLS,62,1.7502452247205929,0.5701158727803978,3.22281245799968,4764,0.042965723933661736,0.0013101713560169056,9.368307904879324e-08,1.7736221696446487e-05,-1.8954632117583163e-05,-5.5611817844877114e-05,0.00011779761187925361,0,53,1000.0,20260912
WLS,63,1.7502102672785314,0.5706224508659337,3.2622351669997443,4820,0.04148407730264819,0.0013100900319052444,8.817172623340503e-08,1.681632822062929e-05,-1.8141113841368916e-05,-5.1088991421103914e-05,0.00011472419642497582,0,53,1000.0,20260912
WLS,64,1.7501770055377865,0.5711159103421777,3.3038252079968515,4880,0.04040140951763816,0.0013101789815616765,8.723697129911771e-08,1.60468619684716e-05,-1.7214878779063026e-05,-4.835195380578969e-05,0.00011213796530295256,0,56,1000.0,20260912
WLS,65,1.7501452922281,0.5715955305020107,3.3451118749981106,4941,0.039425305299274106,0.0013104320826732312,9.249936745620912e-08,1.53464318699231e-05,-1.6366877816649477e-05,-4.600442521050559e-05,0.00010974175320885944,0,57,1000.0,20260912
WLS,66,1.7501149631663238,0.572061645583882,3.3869115419984155,5002,0.038576133138007625,0.0013105554398823238,9.351564889604031e-08,1.4706959358266727e-05,-1.562210241618923e-05,-4.4076840617818114e-05,0.00010750178925245846,0,57,1000.0,20260912
WLS,67,1.7500859267940663,0.5725147280209261,3.4258322499990754,5058,0.03776833833827116,0.0013106642088921057,8.281965045087863e-08,1.410923299700991e-05,-1.4927139259133123e-05,-4.2285996784221264e-05,0.0001053603754036966,0,53,1000.0,20260912
WLS,68,1.7500580625558093,0.5729568422857445,3.4654060829998343,5115,0.03698203347135526,0.001310795616012689,7.755916883781829e-08,1.3550448234523057e-05,-1.4313790029585768e-05,-4.051930172686376e-05,0.00010332483194304908,0,54,1000.0,20260912
WLS,69,1.7500313065657143,0.5733872948548413,3.504922332998831,5171,0.036223472848364066,0.0013109687386552453,9.342971011510817e-08,1.302973640268556e-05,-1.3726253689011123e-05,-3.885100916475752e-05,0.0001014023006896426,0,53,1000.0,20260912
WLS,70,1.7500055645225439,0.5738068309005302,3.5422425830001885,5223,0.03551917552823347,0.0013111218518757836,8.32448054403299e-08,1.254080977968477e-05,-1.3201233389667787e-05,-3.7338548339866013e-05,9.954792950365855e-05,0,50,1000.0,20260912
WLS,71,1.7499808976136437,0.5742128671609895,3.580253124997398,5278,0.03483241243514686,0.001311039324113849,9.200828628013826e-08,1.2038393778984198e-05,-1.2628515120906317e-05,-3.599793890248035e-05,9.756743551538e-05,0,53,1000.0,20260912
WLS,72,1.749957003525478,0.5746084364285399,3.6183766670001205,5332,0.03419839737260404,0.001310750003590076,9.809733571382367e-08,1.1572734797231174e-05,-1.2321353371687636e-05,-3.4582430976894284e-05,9.571221804452163e-05,0,51,1000.0,20260912
WLS,73,1.7499339575973958,0.5749947499504481,3.656786874998943,5388,0.03351776958375518,0.0013106388722960484,9.434053531436188e-08,1.1137652865987306e-05,-1.190827520952302e-05,-3.312611581137472e-05,9.394367662806379e-05,0,52,1000.0,20260912
WLS,74,1.749911720826589,0.5753724284985032,3.697743749999063,5447,0.03288822342387342,0.0013106107755806284,5.844323312179916e-08,1.0738270724663676e-05,-1.149850008357198e-05,-3.184499119222575e-05,9.229183545064668e-05,0,55,1000.0,20260912
WLS,75,1.7498902432563224,0.5757414814375046,3.7331688329977624,5497,0.03229147857936282,0.0013106295572105201,9.662927266541674e-08,1.0368964606146836e-05,-1.1108605659080517e-05,-3.0659409175357685e-05,9.074029797251219e-05,0,47,1000.0,20260912
WLS,76,1.7498694892369302,0.5761023408003777,3.7716514999992796,5552,0.03170007295932276,0.0013106264695581281,8.442622126356567e-08,1.000811058129577e-05,-1.0745908815398483e-05,-2.949071188915306e-05,8.919513912252825e-05,0,53,1000.0,20260912
WLS,77,1.7498494717645507,0.5764503554727877,3.807328332997713,5602,0.03096167548747666,0.0013104441255725426,9.552880817998729e-08,9.582735166055115e-06,-1.0434737207509347e-05,-2.7913795070138485e-05,8.72761608566686e-05,0,48,1000.0,20260912
WLS,78,1.7498304110074427,0.576778531690156,3.844596291997732,5655,0.030242880935253617,0.0013097706292211594,8.331246440676638e-08,9.06940005477171e-06,-9.991357056116246e-06,-2.6670835255193745e-05,8.482226673124174e-05,0,50,1000.0,20260912
WLS,79,1.7498122483721168,0.5770973453694532,3.8834102919972793,5710,0.029442139196045606,0.0013089846834127444,8.378514389393543e-08,8.6468711347559e-06,-9.515764185803322e-06,-2.51793426960195e-05,8.281689143239486e-05,0,53,1000.0,20260912
WLS,80,1.7497948408417265,0.5774077485863524,3.9216534169972874,5764,0.028744166300686304,0.0013083331191331567,8.744268449276258e-08,8.276390028198149e-06,-9.131140361953075e-06,-2.390382442581896e-05,8.103275989603963e-05,0,52,1000.0,20260912
WLS,81,1.749778131417087,0.5777103238706259,3.9601825419995293,5819,0.02811666650304354,0.0013078448332496818,8.599284023962985e-08,7.944801751104868e-06,-8.764622888162766e-06,-2.281792212267466e-05,7.941053598671462e-05,0,52,1000.0,20260912
WLS,82,1.7497620529872724,0.578005148389425,3.9981104580001556,5873,0.027502901821412074,0.0013076851559544152,7.376312926710546e-08,7.620991636493539e-06,-8.457438179271862e-06,-2.174205061525279e-05,7.778096467338291e-05,0,51,1000.0,20260912
WLS,83,1.7497466027561859,0.5782927403736304,4.035436499998468,5926,0.026950100219311483,0.00130783152581433,8.892103130937129e-08,7.321697850241748e-06,-8.128533235154014e-06,-2.086516400503542e-05,7.62352355905651e-05,0,49,1000.0,20260912
WLS,84,1.7497317443166298,0.5785739099572887,4.072204791998956,5978,0.026424057306581542,0.0013077719685067543,9.547375315945238e-08,7.050456368546437e-06,-7.807983189331155e-06,-2.0053100671010576e-05,7.482650344546082e-05,0,49,1000.0,20260912
WLS,85,1.749717430059873,0.5788485640658035,4.110127666997869,6033,0.02591161244737344,0.0013076068184329922,6.924101673325748e-08,6.793424161320687e-06,-7.5208325989864655e-06,-1.9256326224346154e-05,7.347175858156417e-05,0,50,1000.0,20260912
WLS,86,1.749703562289551,0.5791172259547669,4.147201791998668,6085,0.02545765705677594,0.0013074691879854492,9.695857318483826e-08,6.563993947733816e-06,-7.303776373107064e-06,-1.8536844818936053e-05,7.224238516034656e-05,0,50,1000.0,20260912
WLS,87,1.7496901531038402,0.5793800239402044,4.18363029199827,6136,0.025009822259386204,0.0013073017944376598,9.173715173394849e-08,6.343177719789603e-06,-7.066007987970629e-06,-1.7865374761615654e-05,7.10388259094011e-05,0,48,1000.0,20260912
WLS,88,1.7496771607478043,0.5796346859390037,4.219878582996898,6188,0.024555736162752508,0.0013076195319394975,8.569105589968966e-08,6.110848915947868e-06,-6.8815071188492605e-06,-1.7156852888823144e-05,6.974933833937397e-05,0,50,1000.0,20260912
WLS,89,1.7496646253719768,0.5798832348839953,4.255315667000104,6239,0.024119390749981803,0.0013074252116606437,9.865187718761783e-08,5.894427118150707e-06,-6.640948712029325e-06,-1.6551874679943917e-05,6.854538829245676e-05,0,47,1000.0,20260912
WLS,90,1.7496524711980084,0.5801259741142258,4.28997270799664,6288,0.023681658610597196,0.0013072364999833763,8.72778191576325e-08,5.698436973108357e-06,-6.455736999105303e-06,-1.588687375906192e-05,6.743317403368247e-05,0,46,1000.0,20260912
WLS,91,1.749640654367447,0.580362562179959,4.327330416999757,6340,0.02326800801865181,0.0013069963334684672,8.541418935960332e-08,5.515789196039279e-06,-6.301041357208304e-06,-1.5253179296406983e-05,6.637691049045005e-05,0,49,1000.0,20260912
WLS,92,1.7496293059164079,0.5805930214393967,4.36414587499894,6392,0.02287512535557357,0.0013067353888779603,9.037530141799445e-08,5.337510922959005e-06,-6.0109401198642886e-06,-1.4815116962543163e-05,6.532207288194544e-05,0,49,1000.0,20260912
WLS,93,1.7496183119345274,0.5808187948039856,4.399107291999826,6441,0.02249578755046003,0.0013065416644509867,8.788235166795497e-08,5.171308431014614e-06,-5.82267344712325e-06,-1.4309040995346632e-05,6.431829925842333e-05,0,45,1000.0,20260912
WLS,94,1.7496076542248007,0.581040625162173,4.433329999999842,6488,0.02207483012995317,0.0013062503377242866,9.34347380710275e-08,5.000255529476196e-06,-5.657454204474938e-06,-1.3707196536567571e-05,6.325826772697635e-05,0,45,1000.0,20260912
WLS,95,1.7495974000630432,0.5812596295445968,4.468321917000139,6537,0.021615889600010346,0.0013058124109480407,8.40674816119756e-08,4.789132110903642e-06,-5.4650296413615954e-06,-1.310817240250816e-05,6.190238607894504e-05,0,46,1000.0,20260912
WLS,96,1.7495875503616671,0.5814731130947673,4.5041469169991615,6587,0.021119369953872032,0.0013049268088444425,8.593050694532298e-08,4.551811048039905e-06,-5.297890333643968e-06,-1.2451687986351093e-05,6.0345614767095594e-05,0,47,1000.0,20260912
WLS,97,1.7495781430563901,0.581680443266704,4.537118541997188,6633,0.020714790934556082,0.0013042340643230049,9.538215936847876e-08,4.380068128760226e-06,-5.027237142328501e-06,-1.2047822896131155e-05,5.9192207236252395e-05,0,43,1000.0,20260912
WLS,98,1.749569042621313,0.581882580714316,4.572185499997431,6682,0.020372598026570373,0.001303643101269165,9.534220805032274e-08,4.2317694814243224e-06,-4.868665593250948e-06,-1.1651702440541363e-05,5.8180389162915945e-05,0,46,1000.0,20260912
WLS,99,1.7495602576619176,0.5820798735844762,4.604591124996659,6726,0.02004564188676089,0.0013031924648759876,8.384898931353077e-08,4.092405906614955e-06,-4.692553491024114e-06,-1.130642853712174e-05,5.721302177810469e-05,0,42,1000.0,20260912
WLS,100,1.749551740509152,0.582272674828876,4.6372837079979945,6771,0.01971943146801063,0.0013028360200391367,9.180188889054242e-08,3.962044987403759e-06,-4.555107782863876e-06,-1.0925646105570265e-05,5.6298288090305154e-05,0,43,1000.0,20260912
Poisson,0,6.1914417536896025,0.4212667850084822,0.0,0,0.0,0.08710072990643926,0.0,0.0,0.0,0.0,0.0,0,0,1000.0,20260912
Poisson,1,3.4077180376512843,0.34667517600067566,0.0254590830008965,27,2.9493025108215094,0.047513442632604236,6.229501244188473e-08,0.5053145802978983,-2.2784091357404233,2.348804451021415,0.018254348839512363,0,23,1000.0,20260912
Poisson,2,2.6249064838089735,0.30862336569332294,0.04963770800168277,53,1.8330188684102602,0.02820751319023475,6.265035598813917e-08,0.11680453949390672,-0.6660070143483956,0.6148136452449093,0.008816009216589255,0,22,1000.0,20260912
Poisson,3,2.3373693219542617,0.28804159909215715,0.07344429099975969,79,1.29734396100783,0.018397629739722674,5.720053004735007e-08,0.030795004431059494,-0.256742157423656,0.2033820941965375,0.004563059375433472,0,22,1000.0,20260912
Poisson,4,2.194679138430399,0.27732444709832615,0.09571000000141794,102,1.0091635334926572,0.01337521712655435,5.783396778711106e-08,0.010337152464492785,-0.13235303105936688,0.09176963165729349,0.0026803746964200216,0,21,1000.0,20260912
Poisson,5,2.1081520232048105,0.27257833063010384,0.11856354100018507,127,0.8265554522223504,0.010165037308020467,2.535910597308076e-08,0.004778096220690772,-0.08174901900489627,0.05236741944566371,0.001844160584843392,0,20,1000.0,20260912
Poisson,6,2.0481996591663783,0.27178893722919867,0.14002466600140906,147,0.7027430708207463,0.00805565117037243,6.403441018843501e-08,0.002944162570970085,-0.0570082014674684,0.03525997285910367,0.0014478623327862231,0,18,1000.0,20260912
Poisson,7,2.0041040327031596,0.273519180188276,0.16194133300086833,169,0.6050271361282459,0.006571580554114802,6.362676301436177e-08,0.0021377646006477007,-0.04195786186256408,0.02579273469064128,0.001233763171779836,0,18,1000.0,20260912
Poisson,8,1.970849957776819,0.27685774146935244,0.18274495800142176,190,0.5274921467497022,0.005495208050181415,9.554194142433192e-08,0.0016751804420215486,-0.031578894484319366,0.01934167668221011,0.0010922021437040812,0,17,1000.0,20260912
Poisson,9,1.9448246194213872,0.28114950404414607,0.20361374999993131,212,0.467531009911649,0.004712024924899571,5.8246094320965613e-08,0.0013587236585941803,-0.02466661469684107,0.015096076093981538,0.0009802016491836179,0,17,1000.0,20260912
Poisson,10,1.924049949722656,0.28594848337349954,0.22366920800050138,231,0.41821904827125467,0.004326021096208152,9.254347748169876e-08,0.0011226517251895496,-0.019652017973540183,0.012029311081885504,0.0008906541576746794,0,16,1000.0,20260912
Poisson,11,1.9070997210900638,0.2909646767407739,0.24361245800173492,251,0.3780522671846386,0.0040334152374502,4.2727273559799595e-08,0.0009397656826529814,-0.01601046294993909,0.009804052796419944,0.0008149603209064394,0,18,1000.0,20260912
Poisson,12,1.8928990737516487,0.29617459426875103,0.2627896250014601,270,0.34629181695488886,0.003795546331567125,9.431123605501118e-08,0.0008082538346999698,-0.01339239350371423,0.008204746213919171,0.0007536072815629435,0,17,1000.0,20260912
Poisson,13,1.8809285936613969,0.3013990568155505,0.2819513750000624,289,0.31791824645851857,0.0035933258661184375,6.494661194148284e-08,0.0006978879459661354,-0.01127259214428482,0.0069168795186888435,0.0006988864876889796,0,17,1000.0,20260912
Poisson,14,1.8706961128636876,0.30653756247497005,0.3024066660000244,310,0.29448140305004333,0.0034039813615557315,4.6541574000346156e-08,0.0006097401175806276,-0.009622740680131109,0.005896515960593117,0.0006520163313533937,0,19,1000.0,20260912
Poisson,15,1.8617311159313517,0.3116834615481802,0.3211906659998931,329,0.2756173346281703,0.0032472818321387428,6.257102351875312e-08,0.000542352354182074,-0.008422644578159739,0.0051667511749591485,0.0006145136259758633,0,17,1000.0,20260912
Poisson,16,1.8539388099680982,0.31674619828335804,0.33948941600101534,347,0.25676160198662973,0.0031053587931540736,8.978637000534549e-08,0.000477496634887105,-0.007314809328356476,0.004495979950516398,0.0005754903346159486,0,16,1000.0,20260912
Poisson,17,1.847053121060135,0.3217038572891728,0.3577101250011765,365,0.24159757178787544,0.002982233341303741,7.001750940767871e-08,0.00042943516614037016,-0.006456253741826362,0.003967219573273268,0.000545175792254364,0,16,1000.0,20260912
Poisson,18,1.8409566845567502,0.3265564670570941,0.37606112499997835,383,0.22701594329390304,0.002863924907893259,6.780709002965346e-08,0.0003842008739434424,-0.005712235629443943,0.003519624577903842,0.00051536137362134,0,16,1000.0,20260912
Poisson,19,1.8355475172215405,0.33123640807205235,0.39375208300043596,400,0.2139332786095589,0.0027008950792412516,8.750156781701143e-08,0.0003452728911252743,-0.005063894444084318,0.003120794950377928,0.00048819069594148483,0,15,1000.0,20260912
Poisson,20,1.8307166556539574,0.33572779322590796,0.4134697080007754,420,0.2021801945977891,0.00256420119697669,3.091126046079161e-08,0.00030846411973701327,-0.004522397447843908,0.0027870200132031732,0.00046183050813383946,0,18,1000.0,20260912
Poisson,21,1.8264021326102542,0.3400404534498175,0.4318870829993102,438,0.1911861971750984,0.0024433632997028208,7.610617287613186e-08,0.0002781444700996251,-0.004036378573608549,0.002486914944189386,0.0004382725186053873,0,16,1000.0,20260912
Poisson,22,1.8224902329924992,0.3442156329835104,0.45039033300054143,455,0.18192648986197854,0.0023402715729208844,7.017339868925108e-08,0.00025427126380006624,-0.0036576283539530518,0.0022570372320799255,0.00041921690869145995,0,15,1000.0,20260912
Poisson,23,1.818973463968704,0.3482183767486527,0.47001108300173655,474,0.17276786458026414,0.00224815684410523,5.8509501680325854e-08,0.00022899897525188617,-0.0032877700485403837,0.002024332272213939,0.0003974879923550376,0,16,1000.0,20260912
Poisson,24,1.8157336693180415,0.35210640095960793,0.48890895799922873,492,0.16593219798614112,0.002165676650660941,3.9961616998883225e-08,0.00021239829440136503,-0.0030273963562548146,0.0018631199342370006,0.0003827079955836183,0,15,1000.0,20260912
Poisson,25,1.8127532852242023,0.3558462910545501,0.5079235410012188,509,0.15903005446869006,0.002090702259895703,9.948579415068842e-08,0.00019609660557921548,-0.0027842874882662155,0.0017158561826234346,0.00036718875877361047,0,14,1000.0,20260912
Poisson,26,1.8100152670975422,0.3594383602352241,0.5271991660010826,526,0.1524079993167183,0.0020204205259700407,4.375625650156721e-08,0.00017902246650224195,-0.0025589956601526857,0.0015766082138738396,0.0003507891103820265,0,15,1000.0,20260912
Poisson,27,1.8074965315313911,0.36288672563298513,0.54733541600217,545,0.14643762799698828,0.0019532931383732955,9.128138482912974e-08,0.00016353609764952764,-0.0023551994685084756,0.0014465366214819037,0.0003350335931715309,0,15,1000.0,20260912
Poisson,28,1.805158478600734,0.36622410738206757,0.5681272910005646,564,0.14124868988155057,0.0018907838232056424,4.7646240025395106e-08,0.0001519777091880365,-0.002186075221461716,0.0013404933109944196,0.00032250532872030196,0,16,1000.0,20260912
Poisson,29,1.8029721022618892,0.36947706795730434,0.5867612080000981,581,0.13659064772781304,0.0018312958211489725,9.29399057284007e-08,0.00014247812751491624,-0.002043898211336735,0.0012535260865095994,0.0003120601084250621,0,14,1000.0,20260912
Poisson,30,1.8009427743065411,0.3726231155053225,0.6053969579988916,598,0.13149138542006433,0.0017745712564329428,9.331963143910122e-08,0.00013234617967273254,-0.0018969817756717374,0.001164828733363653,0.00030058921247493254,0,14,1000.0,20260912
Poisson,31,1.7990585697400039,0.3756456011682085,0.6244362910001655,616,0.12667387429333224,0.001721292059120133,6.207721917392663e-08,0.00012321543163108562,-0.0017609891349031294,0.001081891045113115,0.000290366253946967,0,14,1000.0,20260912
Poisson,32,1.7973023276159634,0.3785610840207788,0.6437558329998865,634,0.12245883967071111,0.0016695409830931114,6.74630283259653e-08,0.00011515082839057769,-0.0016410912956600625,0.001006433753365617,0.00028090829125282965,0,15,1000.0,20260912
Poisson,33,1.795656550016908,0.3813876057828709,0.6623595829987607,651,0.11848789182311562,0.0016199157970313133,8.486718743329325e-08,0.00010782902342078124,-0.00153794857562468,0.0009438085736211693,0.0002717556519288008,0,14,1000.0,20260912
Poisson,34,1.7941089287055265,0.3841385169587785,0.6811841250018915,668,0.11495068161487995,0.0015735981290067851,5.1007553753510976e-08,0.00010149781755706771,-0.0014461234938303623,0.0008869383511951447,0.00026389278304461336,0,14,1000.0,20260912
Poisson,35,1.7926510994755123,0.386812093204293,0.6998549999989336,685,0.11168615335732651,0.001528325392833625,4.766416782130741e-08,9.583320777107258e-05,-0.0013619960222451186,0.0008341393874264386,0.00025660623497784257,0,14,1000.0,20260912
Poisson,36,1.7912788420987007,0.3893927989213113,0.7183144160007942,702,0.1083375435945929,0.0014872120119054225,7.015520597029976e-08,8.98817717039405e-05,-0.0012823756051078845,0.000785406209206054,0.00024842240410634695,0,14,1000.0,20260912
Poisson,37,1.7899793285282821,0.391906855345708,0.7354554160010593,718,0.10550131641998524,0.001449049136765659,9.791136373177821e-08,8.490382095221812e-05,-0.0012146097494656338,0.0007429871821010832,0.0002412178775060096,0,13,1000.0,20260912
Poisson,38,1.7887465027231877,0.3943563867036467,0.7524813330019242,735,0.1027532728848342,0.0014106096597672005,6.928017386544013e-08,8.043017017914087e-05,-0.0011523956349137104,0.0007049140506671683,0.00023485757269052358,0,13,1000.0,20260912
Poisson,39,1.7875771921532608,0.3967420212551563,0.769619499998953,751,0.10005796688252956,0.0013727556050898576,7.990770823368821e-08,7.644294750787408e-05,-0.0010928676224234192,0.0006687307330935933,0.00022910983231970393,0,13,1000.0,20260912
Poisson,40,1.7864663219199326,0.39906382315503,0.7877509999998438,767,0.09760341995176769,0.001337027184513987,7.12373507926454e-08,7.280410810633994e-05,-0.0010380661252159715,0.0006345488540141755,0.00022367522458194828,0,13,1000.0,20260912
Poisson,41,1.7854080656615718,0.4013226547212205,0.8049987080012215,783,0.09524086144705934,0.0013025091567438417,6.393761841008361e-08,6.949847451174e-05,-0.00098875778385018,0.0006047151739018591,0.00021875196486369216,0,13,1000.0,20260912
Poisson,42,1.7843982857889997,0.4035295065262929,0.8218472080006904,799,0.09295054044030045,0.0012688658399914736,6.071284004184607e-08,6.645905782694588e-05,-0.0009433208147459112,0.0005777897241649177,0.00021403236684952262,0,13,1000.0,20260912
Poisson,43,1.783439637539776,0.4056744024654292,0.8382920000003651,814,0.09060580397144251,0.0012354027852053016,9.77377000879829e-08,6.352958944825864e-05,-0.00089511865977774,0.0005481776635580748,0.00020929860540533973,0,12,1000.0,20260912
Poisson,44,1.7825231860714463,0.4077608861099014,0.8542702080012532,829,0.08861537501757583,0.001203287816425091,9.042904725039907e-08,6.104128783008213e-05,-0.0008554101804991165,0.0005238172338544685,0.00020520593712945045,0,12,1000.0,20260912
Poisson,45,1.7816448987076314,0.40980337872683287,0.8708775830018567,845,0.08667239459339707,0.001172922633430426,2.941604900180521e-08,5.853707941596682e-05,-0.0008197502844015839,0.000502682164587224,0.0002010324800452257,0,13,1000.0,20260912
Poisson,46,1.7808032462008863,0.411803659025133,0.8871942910009238,860,0.08491472449219109,0.0011436323683418927,7.659902340764963e-08,5.6276882600460044e-05,-0.0007853756241420644,0.000481126984965936,0.00019709027584018075,0,12,1000.0,20260912
Poisson,47,1.779993983874685,0.4137650943250123,0.9042696249998698,876,0.08326664035217748,0.001115197831557286,7.939025412477562e-08,5.416724743538134e-05,-0.0007550950787633973,0.0004625956564243219,0.00019336798419340872,0,13,1000.0,20260912
Poisson,48,1.7792152713712217,0.41569112732217706,0.9202255829986825,891,0.08168448038413698,0.0010873113732859157,7.763798358656962e-08,5.212925925804134e-05,-0.0007265832442094895,0.0004450947866819629,0.00018980486076957437,0,12,1000.0,20260912
Poisson,49,1.7784685661642166,0.417574625501013,0.9369512500015844,907,0.07991303900037962,0.0010605541408076243,6.2800357054205e-08,4.990124919915253e-05,-0.0006968039578057256,0.0004274005168913397,0.00018568698423100438,0,13,1000.0,20260912
Poisson,50,1.7777537892242343,0.4194106956381815,0.9534889999995357,923,0.07822338581239925,0.001034826682357661,3.3049370132146125e-08,4.781350122164796e-05,-0.0006669634387612641,0.000408832035584458,0.00018185266140260814,0,13,1000.0,20260912
Poisson,51,1.7770685905174342,0.4211964235104305,0.9711270830011927,939,0.0765837040186786,0.0010093680476759423,3.393289760641885e-08,4.586378972456648e-05,-0.0006393349170742248,0.0003919455207391434,0.00017826898782255564,0,13,1000.0,20260912
Poisson,52,1.776413981833037,0.42293583454114303,0.989011333000235,954,0.07484319998430744,0.0009835865362736876,6.146641828727812e-08,4.410976774892278e-05,-0.0006104989166501099,0.0003745334552027102,0.00017510452135716467,0,12,1000.0,20260912
Poisson,53,1.7757843740302284,0.42463599029091903,1.0070202079987212,969,0.07339413222462149,0.0009597869081206514,5.760085000137516e-08,4.252148270557037e-05,-0.0005870863201062291,0.00036027287055825723,0.00017201354418301052,0,12,1000.0,20260912
Poisson,54,1.7751775701468546,0.42630027104043633,1.02540241600218,984,0.07204948823893881,0.0009374750195724819,8.044834777385041e-08,4.1071455529619715e-05,-0.0005657324278401167,0.00034724744559910304,0.00016915898437607074,0,12,1000.0,20260912
Poisson,55,1.7745919874941185,0.42793261428815177,1.042254457999661,999,0.07078897634433154,0.0009160519970819423,8.58268956783234e-08,3.972255200460334e-05,-0.0005458601007311871,0.0003350286941421998,0.00016650603045148887,0,12,1000.0,20260912
Poisson,56,1.7740274950722272,0.4295304941638019,1.0593898330007505,1015,0.06949866900142909,0.000895686815627957,5.593928546456439e-08,3.84085722022432e-05,-0.000526083849691022,0.0003229891722427616,0.00016389844257133057,0,13,1000.0,20260912
Poisson,57,1.77348082198236,0.4311005376722378,1.0761658330011414,1030,0.06841021724979587,0.0008762516543555506,8.424480464050204e-08,3.7246228062337375e-05,-0.0005094268618092998,0.00031267519865911986,0.00016150641022848254,0,12,1000.0,20260912
Poisson,58,1.7729530392471131,0.4326382354398076,1.0931149159987399,1045,0.06717227624336418,0.0008574499611272321,8.87827488325779e-08,3.596725164724507e-05,-0.0004918154835965306,0.00030217700046104314,0.0001588676336020729,0,12,1000.0,20260912
Poisson,59,1.7724432958611387,0.4341441756089703,1.1100352079993172,1060,0.06605234510058294,0.0008393024690589941,9.784874755679716e-08,3.4756699260666905e-05,-0.0004749866867158827,0.00029159777131010085,0.00015620340963527066,0,12,1000.0,20260912
Poisson,60,1.7719490713681512,0.43562461571654193,1.127270500001032,1076,0.06504330391291838,0.0008217934768086851,3.148790899371132e-08,3.3702159845073264e-05,-0.0004605223331415994,0.00028269292379211406,0.00015388608184387965,0,13,1000.0,20260912
Poisson,61,1.771469356898485,0.43708150273548135,1.1443228749994887,1091,0.06409386875552124,0.0008049698020419445,5.0220165442071735e-08,3.273957688643608e-05,-0.0004469748927764669,0.0002743132690637157,0.00015175972136215654,0,12,1000.0,20260912
Poisson,62,1.7710034260459144,0.43851559310085364,1.1612779999995837,1106,0.06317522425680533,0.0007888537920018539,6.756651237747988e-08,3.182062071587989e-05,-0.0004341102318529281,0.00026637540457563526,0.00014961840451632255,0,12,1000.0,20260912
Poisson,63,1.77054982451755,0.43993079129854995,1.1782772080005088,1121,0.06233818969169719,0.0007733368926070731,6.401663376489979e-08,3.1001882286555836e-05,-0.00042259964608149734,0.00025929903366258785,0.00014774537053696186,0,12,1000.0,20260912
Poisson,64,1.770108981457563,0.4413241535565938,1.1950967500015395,1136,0.0614114723641473,0.0007580354333057767,4.3532636870386387e-08,3.0130115587859692e-05,-0.000410712944400307,0.00025227461309030707,0.00014572215321733076,0,12,1000.0,20260912
Poisson,65,1.7696815858478927,0.44268828983693276,1.2113010409993876,1151,0.06049981065820496,0.0007427028830834368,5.388692884489635e-08,2.9314371729088687e-05,-0.0003980812379400331,0.0002443842551863788,0.00014380660044238772,0,12,1000.0,20260912
Poisson,66,1.7692649308885111,0.4440348289681152,1.2274961250004708,1166,0.059735971272641394,0.0007278595064444164,4.736490181870331e-08,2.8587100315012244e-05,-0.000388067859061239,0.00023823564618729857,0.00014208130209384027,0,12,1000.0,20260912
Poisson,67,1.7688603014849869,0.44535871185669096,1.2438457499993092,1181,0.058848464647704865,0.0007129513096184663,7.786876150248133e-08,2.7794013159792173e-05,-0.00037683539036889233,0.00023147231395465078,0.0001402336402036034,0,12,1000.0,20260912
Poisson,68,1.7684666928171973,0.44666225231793977,1.2603532079992874,1196,0.05806184512783899,0.000698594671665052,6.297732171837316e-08,2.7033534629029937e-05,-0.000366575133163253,0.00022504977480713312,0.00013837717117659172,0,12,1000.0,20260912
Poisson,69,1.7680830895548425,0.4479478820557956,1.2772269580018474,1211,0.05729672286227627,0.0006850218827202955,4.560204640063816e-08,2.6339948743514503e-05,-0.0003572633136072758,0.00021945753981693453,0.00013667212728144882,0,12,1000.0,20260912
Poisson,70,1.7677101356333338,0.44921163464825803,1.2939924160018563,1226,0.05651125128783,0.0006717624814060514,7.25847145844309e-08,2.561078401161103e-05,-0.0003473431374930885,0.00021327784540289845,0.0001348726219488265,0,12,1000.0,20260912
Poisson,71,1.7673474793381885,0.45045545578981117,1.3108549579992541,1241,0.05566897055188584,0.0006565348930913736,6.5914307001495e-08,2.4914503846417105e-05,-0.0003377417913063387,0.00020770458102997719,0.0001330738228534301,0,12,1000.0,20260912
Poisson,72,1.7669962883185555,0.45167593808966555,1.327795541001251,1256,0.05479149076584816,0.0006397502948986978,7.969423636088697e-08,2.427274804515755e-05,-0.0003269182715874794,0.00020108564661578917,0.00013134546965988596,0,12,1000.0,20260912
Poisson,73,1.7666567800684343,0.4528696113000178,1.3447029999988445,1271,0.05384909698455357,0.0006252384490739621,6.69072559168868e-08,2.3424952401864464e-05,-0.0003160832977196427,0.00019452198781859707,0.0001289133192519785,0,12,1000.0,20260912
Poisson,74,1.7663269532780734,0.45404367878941,1.3618465409999772,1286,0.05312064076144658,0.0006112607053575277,8.393738992279682e-08,2.275825197973129e-05,-0.0003070685383807579,0.00018873666661553234,0.0001270609473414601,0,12,1000.0,20260912
Poisson,75,1.7660053828495053,0.4552023892049004,1.3787269579988788,1301,0.052452912582474635,0.0005984172081276618,7.482451453558517e-08,2.2187441590171564e-05,-0.00029938298697797363,0.00018400502664893788,0.0001254618021404755,0,12,1000.0,20260912
Poisson,76,1.7656921525333595,0.45634532908363756,1.3955317910003942,1316,0.051776976972899715,0.0005866637823006631,7.461446274613294e-08,2.1623898274541802e-05,-0.00029160641786626283,0.000179187548923109,0.00012386866502862192,0,12,1000.0,20260912
Poisson,77,1.7653867375448713,0.45747185833346254,1.4121020829988993,1331,0.051121244753822376,0.0005751984108219844,5.4843620448953015e-08,2.112307401169601e-05,-0.00028429191447650195,0.00017474590522922897,0.00012243935307378005,0,12,1000.0,20260912
Poisson,78,1.765088673993496,0.4585828111559986,1.4290254580009787,1346,0.0504983546051325,0.0005640429803192856,5.1739529007222224e-08,2.0610441883487413e-05,-0.0002774531094931365,0.0001705593604841195,0.0001209736475175138,0,12,1000.0,20260912
Poisson,79,1.7647990737150445,0.4596707519476232,1.446185749999131,1361,0.04974562643404733,0.0005527973430699658,9.272148156006779e-08,1.999760885481064e-05,-0.00026960266960079606,0.00016586891098558463,0.00011917699526422599,0,12,1000.0,20260912
Poisson,80,1.764517061764795,0.4607404313960387,1.4632707910022873,1376,0.049136013054498315,0.000541768173912801,4.445914075600207e-08,1.9483598393710064e-05,-0.00026252835185253625,0.00016129456130498072,0.00011764318277735664,0,12,1000.0,20260912
Poisson,81,1.7642413938212482,0.4617974673553818,1.4805404159997124,1391,0.048579633544345566,0.00053114696897448,3.1207949132116544e-08,1.9043346985447767e-05,-0.00025662459656156566,0.00015766890378157494,0.00011633949790205757,0,12,1000.0,20260912
Poisson,82,1.7639723333273056,0.4628407085095063,1.4980754999996861,1407,0.04796838485012167,0.0005238240020983389,2.920835289241643e-08,1.859189025966239e-05,-0.00025046860368040005,0.00015401219668612756,0.00011502592688393446,0,13,1000.0,20260912
Poisson,83,1.7637112016330063,0.46386561958294364,1.5152029580021917,1423,0.04725385308481833,0.0005189611677436378,4.743804149951142e-08,1.8057516532295147e-05,-0.0002430741777715832,0.0001494853627312305,0.00011352712795274799,0,13,1000.0,20260912
Poisson,84,1.7634565054168228,0.46487656200656036,1.532934833001491,1439,0.04669720376316126,0.0005143656211615798,2.2452405282480652e-08,1.7623346536098906e-05,-0.00023707286964915925,0.0001456647742186596,0.00011220594270814339,0,13,1000.0,20260912
Poisson,85,1.763207203497736,0.46587664911856796,1.550378666001052,1455,0.04620473877047733,0.0005099233097627625,2.7872965444687486e-08,1.7251401986190413e-05,-0.00023205051710087113,0.00014255802484438367,0.00011104898413613002,0,13,1000.0,20260912
Poisson,86,1.7629633896782535,0.46686545049410766,1.567070707998937,1470,0.04566869595331008,0.000505511288651608,5.191561604819383e-08,1.6870679725192435e-05,-0.00022694313975532736,0.0001395323299786695,0.00010988566493155445,0,12,1000.0,20260912
Poisson,87,1.762725420160614,0.4678418655516449,1.5841676660020312,1485,0.04513652226055026,0.0005010675286187568,6.791988218794363e-08,1.6490331457316126e-05,-0.00022147918618248372,0.00013610423555068942,0.00010872595876656675,0,12,1000.0,20260912
Poisson,88,1.7624925066471264,0.46880768958811203,1.6012852909989306,1500,0.04465630976647082,0.0004964357655779576,6.255056911861658e-08,1.6149522786550026e-05,-0.00021676399070170383,0.00013320421338958166,0.00010765052166935161,0,12,1000.0,20260912
Poisson,89,1.7622644461577666,0.46976170546517293,1.6181528750021243,1515,0.04418778467856901,0.0004917525817778573,6.202749374393558e-08,1.5822281730050844e-05,-0.0002122382076274411,0.00013043247361988142,0.00010658442901181066,0,12,1000.0,20260912
Poisson,90,1.762040870406659,0.4707055373045824,1.6348394160013413,1530,0.04375797511759476,0.00048715234331058485,6.370850502540819e-08,1.5508304937996384e-05,-0.0002080674461678187,0.0001278377317879388,0.00010555942100499279,0,12,1000.0,20260912
Poisson,91,1.761822287955346,0.47163643527575055,1.6519315830009873,1545,0.043249394711619135,0.0004826311574677307,6.457092815289091e-08,1.5181367065325344e-05,-0.0002034010842491024,0.00012505694416693823,0.00010449025196737242,0,12,1000.0,20260912
Poisson,92,1.7616083336105999,0.47255550035234895,1.6687293750001118,1560,0.042788799358920965,0.00047492959594558825,8.679933195793578e-08,1.4896161904297021e-05,-0.0001990581828371875,0.00012241027721723695,0.00010352817082571612,0,12,1000.0,20260912
Poisson,93,1.7613996022042617,0.47345849261828443,1.6848985409997113,1574,0.042247481837143934,0.0004673128336924782,9.552414582435025e-08,1.4503479469990265e-05,-0.00019422792687163266,0.00011948892025915702,0.00010209539082929489,0,11,1000.0,20260912
Poisson,94,1.7611954521284827,0.474348966760453,1.7015950829991198,1589,0.041795085407772097,0.00046002819206472737,6.749583022476284e-08,1.4214560822500317e-05,-0.0001899355149579892,0.00011680861756686003,0.0001011007662212764,0,12,1000.0,20260912
Poisson,95,1.7609955050299013,0.47523014364779254,1.718400333000318,1604,0.04136348275174581,0.00045306580539061406,4.95191307628716e-08,1.3923272349573319e-05,-0.00018602382623395113,0.00011440021331370026,0.00010007889437449054,0,12,1000.0,20260912
Poisson,96,1.7607995001348318,0.4761023862028828,1.735209082999063,1619,0.040958001448196814,0.00044640370471819754,7.071977806994669e-08,1.3638953275081543e-05,-0.00018236594179707225,0.00011212700093802126,9.905926346049309e-05,0,12,1000.0,20260912
Poisson,97,1.7606073552634776,0.47696522864987567,1.7515952909998305,1634,0.04055882290355578,0.00043985991365371417,5.3865585557332874e-08,1.3369480378132155e-05,-0.0001787753909758792,0.00010989396558811615,9.810483281528774e-05,0,12,1000.0,20260912
Poisson,98,1.7604187608625126,0.47781952992334936,1.7677880830015056,1649,0.04018438144332853,0.0004336329007576419,3.7891268612210186e-08,1.3125255720654034e-05,-0.0001754691452442688,0.0001078551753658235,9.722147926319075e-05,0,12,1000.0,20260912
Poisson,99,1.760233548854426,0.4786661039460624,1.7829405410011532,1663,0.0398244946545906,0.0004276974764716312,9.025614711153821e-08,1.2890652817570987e-05,-0.00017232135526440976,0.00010591248936184584,9.637134854645509e-05,0,11,1000.0,20260912
Poisson,100,1.7600515626340967,0.4795053381868455,1.7990233330019691,1678,0.03947954620494695,0.00042200255292117503,3.866093582613676e-08,1.2665304730361052e-05,-0.00016932091560031354,0.00010405449190196164,9.55483494434956e-05,0,12,1000.0,20260912
SIRT,0,6.296186673604399,0.41518400648035586,0.0,0,0.0,0.08608695302542932,0.0,0.0,0.0,0.0,0.0,0,0,1000.0,20260913
SIRT,1,4.2592841994422646,0.3881930154914416,0.002063166000880301,1,1.7954106943051218,0.05326516736907765,nan,0.4028423880529374,-1.6340600861091954,1.875727496100875,0.01693246197873571,0,1,1000.0,20260913
SIRT,2,3.6350599198647413,0.3755609066391007,0.0036554580001393333,2,0.9881894985413814,0.040289170912839914,nan,0.09184498640805241,-0.53237929316946,0.5753983553261499,0.007938186322943203,0,1,1000.0,20260913
SIRT,3,3.375415131383338,0.3678011441806646,0.005240250000497326,3,0.6025529218022851,0.03513095327151279,nan,0.027375800530396815,-0.23226898795101766,0.24149128730277994,0.004306026081002979,0,1,1000.0,20260913
SIRT,4,3.2365895905573425,0.3619562112811727,0.0068788749995292164,4,0.4138221288187212,0.03184798616109983,nan,0.009867801673304033,-0.12895773915268433,0.13026310311099237,0.0025925500729256155,0,1,1000.0,20260913
SIRT,5,3.1453550325360573,0.357035397160265,0.00850200000058976,5,0.3198923921237727,0.029554149200429914,nan,0.00414254202080375,-0.08709201600048928,0.08611800089435175,0.00169010837414301,0,1,1000.0,20260913
SIRT,6,3.075430890724422,0.3526655166103642,0.010095249999722,6,0.2723530114906589,0.02786780394666929,nan,0.0020733049608827273,-0.06785083685074172,0.06621533366823365,0.0011985698959830356,0,1,1000.0,20260913
SIRT,7,3.0170824087325183,0.3486857082626093,0.011648540999885881,7,0.24492984399040116,0.02647261505822018,nan,0.0012371026844588862,-0.057111379307449875,0.055348950568045674,0.0009236469051867013,0,1,1000.0,20260913
SIRT,8,2.96585913091507,0.345020851303915,0.013209500000812113,8,0.2268181292632887,0.025322354852201964,nan,0.0008390657173717675,-0.05038421210007527,0.0486509546293235,0.0007556272890745319,0,1,1000.0,20260913
SIRT,9,2.9200312351301925,0.34162167279867417,0.014734415999555495,9,0.21299122839950507,0.024320051386329707,nan,0.0006227260482297222,-0.045205169736652534,0.04355963261612094,0.0006477986120982035,0,1,1000.0,20260913
SIRT,10,2.8783954693221387,0.338453363333382,0.01639075000275625,10,0.20174862627494541,0.023814237305971063,nan,0.0004913868010189857,-0.041144379007027734,0.03960064039786235,0.0005727890299064518,0,1,1000.0,20260913
SIRT,11,2.8400028028883098,0.33548591239341613,0.01796308300254168,11,0.1922082140252479,0.02347057432391346,nan,0.0003958550595902241,-0.03799681137423597,0.03654546655689022,0.0005133444420058398,0,1,1000.0,20260913
SIRT,12,2.804368152461334,0.33270503220657843,0.019561250002880115,12,0.18409262990419062,0.02311365998191451,nan,0.00032815315694704285,-0.035306497270035625,0.03394014560772371,0.00046776276386926486,0,1,1000.0,20260913
SIRT,13,2.771122835204744,0.3300975453402981,0.02101425000000745,13,0.1770048798046741,0.022765710977144013,nan,0.0002788696260046411,-0.03296644763058434,0.0316787808828565,0.00043139535451183883,0,1,1000.0,20260913
SIRT,14,2.7399160328875802,0.3276517431885369,0.022611915999732446,14,0.170781236606226,0.022407627213867822,nan,0.00024070955524456772,-0.030966092761917568,0.029748490778326298,0.0004023435022933514,0,1,1000.0,20260913
SIRT,15,2.7107296410528736,0.32535704897238027,0.024353791002795333,15,0.1647039562292737,0.022082025644774857,nan,0.00021140197598329942,-0.028974989858719435,0.02783002217482789,0.00037677892694622787,0,1,1000.0,20260913
SIRT,16,2.683412452538878,0.3232036632057562,0.02587191600105143,16,0.15939892691779126,0.02177757870814039,nan,0.00018823412973490385,-0.02712895438426246,0.026046787618868392,0.0003555551560082501,0,1,1000.0,20260913
SIRT,17,2.657581774741696,0.32118368715432444,0.027491916000144556,17,0.15449924512705857,0.021476047759724223,nan,0.0001654615003971637,-0.02566521629678141,0.02463717695994041,0.0003328981589906215,0,1,1000.0,20260913
SIRT,18,2.6332484418584516,0.31928857072750033,0.028932083001564024,18,0.14987801031690326,0.02117717050292174,nan,0.0001472055139431993,-0.024186127369302965,0.023210161984416774,0.00031324980908023953,0,1,1000.0,20260913
SIRT,19,2.6101748382130237,0.3175053698029911,0.03043570800218731,19,0.1455441411016948,0.020885960274435577,nan,0.00013283024648812024,-0.0229407733989379,0.022014448794976483,0.00029726415455449707,0,1,1000.0,20260913
SIRT,20,2.5881814842425075,0.3158291146527699,0.03196929100158741,20,0.14174979952120972,0.02060550576794636,nan,0.00012133141399637555,-0.021872022556527655,0.020988703687301002,0.000283950430581763,0,1,1000.0,20260913
SIRT,21,2.5671821433415243,0.31425508028909555,0.03368770800079801,21,0.1379558214845117,0.020325003412605836,nan,0.00011108069434509985,-0.020888260206635288,0.02004775046690989,0.0002723294131611569,0,1,1000.0,20260913
SIRT,22,2.547171100185372,0.31277665871446364,0.035180165999918245,22,0.13431184978312824,0.020055858941093883,nan,0.00010261784961950098,-0.019908425306529177,0.01910905950654393,0.00026204030428303855,0,1,1000.0,20260913
SIRT,23,2.5281001164104717,0.311384465495217,0.036595375000615604,23,0.13104223977202503,0.019821661480521592,nan,9.510435457272207e-05,-0.01897587942032522,0.018212380344676905,0.0002519105526387237,0,1,1000.0,20260913
SIRT,24,2.5097971487838424,0.31008488602104534,0.038067749999754597,24,0.1280956007416684,0.01959047017995076,nan,8.844719556367195e-05,-0.018214520431064692,0.017482543480160862,0.0002429275923641199,0,1,1000.0,20260913
SIRT,25,2.4923367857135608,0.30887436301558147,0.03958625000086613,25,0.12495669439573924,0.019380015558100455,nan,8.289594377007068e-05,-0.01737746712651326,0.01667965429656614,0.00023527095212193643,0,1,1000.0,20260913
SIRT,26,2.4756553842909117,0.3077439992676589,0.04105883300144342,26,0.12183249737843709,0.019172073836847985,nan,7.796279176556894e-05,-0.016603438630881526,0.015939243551775725,0.00022860362766772302,0,1,1000.0,20260913
SIRT,27,2.459652181320611,0.3066824153312237,0.04263550000177929,27,0.11911279034516996,0.0189663955334539,nan,7.374684269169516e-05,-0.01592945612761085,0.015293810129109936,0.00022236047140522787,0,1,1000.0,20260913
SIRT,28,2.444291388931625,0.3056941375284242,0.044110333001299296,28,0.11663606454262442,0.01573356061669394,nan,6.99453134616577e-05,-0.015290847075524954,0.014680593811386682,0.00021648777117377042,0,1,1000.0,20260913
SIRT,29,2.4295818018607327,0.3047751729540143,0.04563975000201026,29,0.11397992281370288,0.01567463460021883,nan,6.652835334789096e-05,-0.014643058717544767,0.014060015930661321,0.00021147252091289792,0,1,1000.0,20260913
SIRT,30,2.4154411545181897,0.30392560718097333,0.04716783299954841,30,0.11164081083896293,0.015602884144992115,nan,6.36262318456372e-05,-0.014077021110698041,0.01351746381030389,0.00020721228826125893,0,1,1000.0,20260913
SIRT,31,2.4018181197000397,0.3031433608107097,0.04874704100075178,31,0.10946398296298034,0.015524132798664261,nan,6.0883893256785135e-05,-0.013562150924895025,0.0130239166398441,0.00020265921935733582,0,1,1000.0,20260913
SIRT,32,2.388748765496608,0.30241730170840575,0.05055837500185589,32,0.10720214898001698,0.015443978868846126,nan,5.8304031350883135e-05,-0.013011050172072405,0.012494739166135006,0.00019828410920020038,0,1,1000.0,20260913
SIRT,33,2.3761445974416593,0.3017457868212254,0.05205829099941184,33,0.10521170562925351,0.015358032004468945,nan,5.578545867984419e-05,-0.012548382596274114,0.012050692904877848,0.00019414482988859598,0,1,1000.0,20260913
SIRT,34,2.3639692765089118,0.3011261859648545,0.05353779100187239,34,0.10318763832173543,0.015268124134598526,nan,5.362429487656294e-05,-0.012121696637869004,0.011642936497626672,0.0001902087048295251,0,1,1000.0,20260913
SIRT,35,2.35228387949264,0.3005554586172482,0.05506866600262583,35,0.10112077742683338,0.015186293532421739,nan,5.158109202818731e-05,-0.011633815924246383,0.011174126434901444,0.00018637022008875323,0,1,1000.0,20260913
SIRT,36,2.341097706220675,0.30003604980365695,0.05656550000276184,36,0.09909288385241419,0.015103815897540741,nan,4.9304047600645574e-05,-0.011136869224359771,0.010695203290455736,0.00018212169254428552,0,1,1000.0,20260913
SIRT,37,2.33029079189734,0.2995651810634034,0.05804920800073887,37,0.09733548945889452,0.015011358046453356,nan,4.738259450873747e-05,-0.010759531728827895,0.010333204447924786,0.00017880761768698556,0,1,1000.0,20260913
SIRT,38,2.3198889723564293,0.29913812087961517,0.059584875001746695,38,0.09544965979001074,0.014914902396838065,nan,4.4962966554516614e-05,-0.010356856574358926,0.009946287663209133,0.00017435152762043454,0,1,1000.0,20260913
SIRT,39,2.309823697717227,0.29875741213656903,0.06106529099997715,39,0.0938740545614137,0.014823812120448308,nan,4.3174436675350126e-05,-0.010022100202526956,0.009624657733212518,0.00017079015049219294,0,1,1000.0,20260913
SIRT,40,2.300054281066172,0.2984212054834684,0.06263854099961463,40,0.0923529120775438,0.01473421000693197,nan,4.1594801505385e-05,-0.009727821849549867,0.009342963632594781,0.0001677411673038973,0,1,1000.0,20260913
SIRT,41,2.2906027330940195,0.2981268571219057,0.06414358300025924,41,0.09083789181348163,0.014641906618842192,nan,4.017789034529261e-05,-0.009411370081811818,0.009038971842696529,0.00016511193718823437,0,1,1000.0,20260913
SIRT,42,2.2814387796599442,0.2978731008166034,0.06562900000062655,42,0.08938309538432648,0.014545868033819088,nan,3.8832425082064014e-05,-0.009125121008990088,0.008764486547051097,0.00016240082273164997,0,1,1000.0,20260913
SIRT,43,2.2725725178063305,0.2976523335208756,0.06732287500199163,43,0.0878772986044432,0.01445427122033569,nan,3.7511535171920005e-05,-0.008828750318441618,0.008480140873112997,0.00015967049449772374,0,1,1000.0,20260913
SIRT,44,2.2640034565031475,0.2974656458938276,0.0687525409994123,44,0.0864364598136395,0.014421240211875625,nan,3.6179055098480866e-05,-0.00853288224808983,0.008195498223927277,0.00015672542971775593,0,1,1000.0,20260913
SIRT,45,2.2557177251139406,0.29731103920528046,0.07028720800008159,45,0.08498220696667062,0.014389403466498876,nan,3.506678566580758e-05,-0.008250664603531317,0.00792463261416055,0.00015452971853905997,0,1,1000.0,20260913
SIRT,46,2.247724874767544,0.29718722488149624,0.07174416600173572,46,0.08356373628769778,0.01436176565513047,nan,3.398286245226874e-05,-0.007958867483948676,0.007643705445278634,0.00015219724983484977,0,1,1000.0,20260913
SIRT,47,2.240006407190766,0.2970951781474895,0.0732662500013248,47,0.08217446321262906,0.014333844767310424,nan,3.264618064334853e-05,-0.007685821396134836,0.007380835456563668,0.00014904186607619512,0,1,1000.0,20260913
SIRT,48,2.232519330280768,0.2970364395745128,0.0747310410006321,48,0.08094407132700676,0.014305296586620843,nan,3.152689022493713e-05,-0.007455550019772932,0.007159479775848592,0.0001464892197224471,0,1,1000.0,20260913
SIRT,49,2.225249488274225,0.29700967021110436,0.07638145800228813,49,0.0797036227475335,0.014278186516370035,nan,3.055889488988444e-05,-0.007239283111655109,0.0069522086325890685,0.00014416275040819265,0,1,1000.0,20260913
SIRT,50,2.2181767192181105,0.2970133504425557,0.07792162500118138,50,0.07857414845549804,0.014250582388304178,nan,2.9724381098530915e-05,-0.007043044675012979,0.006764074215838982,0.00014222286590292175,0,1,1000.0,20260913
SIRT,51,2.211306604660048,0.29704492415169875,0.07939804100169567,51,0.07742132965740763,0.014222704057979712,nan,2.887187146453832e-05,-0.006841242686601131,0.006570411443766696,0.00014011813399805362,0,1,1000.0,20260913
SIRT,52,2.2046243651598605,0.29710407436665465,0.08083533299941337,52,0.07634934153525338,0.0141957953898073,nan,2.8066460794906628e-05,-0.006654173039387433,0.006390778402543976,0.00013811596466344774,0,1,1000.0,20260913
SIRT,53,2.198125030483799,0.2971886892972746,0.08244137500150828,53,0.0753282765420738,0.014169161358912047,nan,2.7269391933461962e-05,-0.006472065284130611,0.006215617213721384,0.00013611198881938557,0,1,1000.0,20260913
SIRT,54,2.1918281939300126,0.2972928703815633,0.08408129100280348,54,0.07409462665350625,0.014142125795437532,nan,2.6326912259104593e-05,-0.006270509641527593,0.006022335868840421,0.00013355691871283224,0,1,1000.0,20260913
SIRT,55,2.1857283821732656,0.2974173202903292,0.08557658300196636,55,0.07294153549368987,0.014115880302426526,nan,2.5626223972248583e-05,-0.006074185532774146,0.005833788376738148,0.00013184329278109316,0,1,1000.0,20260913
SIRT,56,2.1797892048332757,0.2975583687401532,0.08705641599954106,56,0.07186172850747784,0.014089705127662349,nan,2.4878502982817324e-05,-0.005914298837011783,0.00568097193878582,0.0001299445615066197,0,1,1000.0,20260913
SIRT,57,2.1740090589823704,0.29771736398325693,0.08856270800242783,57,0.0708652881299977,0.014064801378818104,nan,2.4180338818475913e-05,-0.005755965512082595,0.00552905139781787,0.00012814069403474396,0,1,1000.0,20260913
SIRT,58,2.1683878807638237,0.2978902585309687,0.09009912500187056,58,0.0698439340749879,0.014040128840065523,nan,2.347484325182729e-05,-0.005597703375294616,0.005377269462193123,0.00012629080132582456,0,1,1000.0,20260913
SIRT,59,2.162918225857116,0.2980811776977583,0.09150066599977436,59,0.06883402227608701,0.014015297374574716,nan,2.2885246833203737e-05,-0.005446769659872351,0.0052327487755724576,0.00012462096352264582,0,1,1000.0,20260913
SIRT,60,2.157597457687745,0.2982873765365272,0.09299925000232179,60,0.06787832254595923,0.013991507960306413,nan,2.2243286326118377e-05,-0.005298524883048787,0.005090394835788329,0.00012281008719456577,0,1,1000.0,20260913
SIRT,61,2.1524422785312263,0.29850952494127575,0.09449383299943293,61,0.066911722969723,0.013971401333893144,nan,2.167572937963032e-05,-0.005133503427130859,0.004931320222979904,0.00012111577095128806,0,1,1000.0,20260913
SIRT,62,2.1474094109167785,0.29874763032083174,0.09583570800168673,62,0.06605479049978578,0.013950469701788924,nan,2.1093467389642393e-05,-0.005011774147059281,0.004814705847049237,0.00011948216755633692,0,1,1000.0,20260913
SIRT,63,2.1425208308231616,0.29900027799499107,0.09735208300116938,63,0.06509452140812337,0.013931763605550164,nan,2.023884746682344e-05,-0.004868341246149639,0.004676715257749292,0.00011674382511582964,0,1,1000.0,20260913
SIRT,64,2.137761595476123,0.2992635055873625,0.09884554100062815,64,0.06423873086030589,0.01391415561770511,nan,1.9731188646842283e-05,-0.004739504158395546,0.004552904619911563,0.00011514330054147653,0,1,1000.0,20260913
SIRT,65,2.1331160127627946,0.29953931230404063,0.10047704099997645,65,0.06335603509015582,0.013895645808070912,nan,1.9248391329407277e-05,-0.004626334322001276,0.004444883354211014,0.00011373769269196119,0,1,1000.0,20260913
SIRT,66,2.1285983753564155,0.29982799318469255,0.10186791600062861,66,0.0625082554704497,0.013876680755037214,nan,1.8778120034425727e-05,-0.00449885928633889,0.004322273306281165,0.00011230790155600095,0,1,1000.0,20260913
SIRT,67,2.124191104456925,0.3001284492889104,0.10326879100102815,67,0.061687953283583764,0.013858131828257946,nan,1.8313635055124094e-05,-0.004388957264440573,0.004217000720474565,0.00011087350621986413,0,1,1000.0,20260913
SIRT,68,2.1199057845396365,0.3004389940897616,0.10473333300251397,68,0.06084390241012377,0.013841244195541294,nan,1.7957086825300446e-05,-0.004267362830457239,0.004100220894263899,0.00010977240145087281,0,1,1000.0,20260913
SIRT,69,2.1157503191497313,0.30075706834154453,0.10621995800102013,69,0.05990931376541023,0.013824116121140342,nan,1.7505713113159102e-05,-0.004137959676793643,0.00397600909611307,0.00010844267596250747,0,1,1000.0,20260913
SIRT,70,2.111706625454288,0.30108484728970514,0.10767833300269558,70,0.05905820608067978,0.0138062888827434,nan,1.699081187765959e-05,-0.004026702883564413,0.003869300110169705,0.0001066465699723471,0,1,1000.0,20260913
SIRT,71,2.1077406351175907,0.3014233548691559,0.1091167080012383,71,0.05841818512539731,0.013787659315014859,nan,1.665047597292869e-05,-0.00394933986072575,0.003795356119030274,0.00010555864905612544,0,1,1000.0,20260913
SIRT,72,2.103854546092626,0.30177336009285954,0.11077108300014515,72,0.05777943740020111,0.013768937302433391,nan,1.6319975123802127e-05,-0.0038697690498457433,0.0037191658556506016,0.00010449361422246428,0,1,1000.0,20260913
SIRT,73,2.1000605210041665,0.3021302487794343,0.11225233300137916,73,0.05706072061102559,0.013750365361911411,nan,1.593970616808331e-05,-0.0037780853822904268,0.003631228796626909,0.00010332367202914202,0,1,1000.0,20260913
SIRT,74,2.0963567640756087,0.30249541494819454,0.11374679100117646,74,0.05637244201879375,0.013732745256493695,nan,1.5635264597195413e-05,-0.003688121663961245,0.0035448643175997312,0.00010226906147793514,0,1,1000.0,20260913
SIRT,75,2.0927548445854707,0.3028693961385194,0.1151895830007561,75,0.055610522680674915,0.013717520892400043,nan,1.5252901550928983e-05,-0.0035866665885894026,0.0034472929784971017,0.00010095987120020439,0,1,1000.0,20260913
SIRT,76,2.0892538106729996,0.30324554719437213,0.11679750000257627,76,0.05484541272577929,0.013703534852378022,nan,1.482143646714875e-05,-0.003486212476005705,0.0033506329476179764,9.953189763756758e-05,0,1,1000.0,20260913
SIRT,77,2.085841108657274,0.30362811815372776,0.1182896249993064,77,0.05416320892446286,0.013690111784020175,nan,1.4562253344607725e-05,-0.0033981397623724947,0.003266019355675771,9.859816362948257e-05,0,1,1000.0,20260913
SIRT,78,2.082487849377633,0.30401867642795266,0.11973683299947879,78,0.05360057623155193,0.013675571695932174,nan,1.4307097598139377e-05,-0.003338952182046614,0.0032096081910233092,9.77061191560517e-05,0,1,1000.0,20260913
SIRT,79,2.0792148378355715,0.3044161450067737,0.12127816599968355,79,0.05300476278871612,0.013663130457828708,nan,1.4063194281407037e-05,-0.0032589483477787366,0.003132536298147207,9.676551917386472e-05,0,1,1000.0,20260913
SIRT,80,2.07601020167045,0.30482227397439626,0.12282779100132757,80,0.05246874842263708,0.013650427772834083,nan,1.3824552571665774e-05,-0.0031908116125530664,0.003066987687069778,9.591825208706657e-05,0,1,1000.0,20260913
SIRT,81,2.0728633915167185,0.30523683162197557,0.12454137500026263,81,0.05195802394442611,0.01363725485588747,nan,1.359174425881565e-05,-0.0031332184094807285,0.0030118283411208276,9.508568509778177e-05,0,1,1000.0,20260913
SIRT,82,2.0697852702706667,0.30565772752507747,0.1261737910026568,82,0.05135016074042209,0.013624224142406416,nan,1.3330469084215055e-05,-0.0030647907769584173,0.00294627929564842,9.412257387099345e-05,0,1,1000.0,20260913
SIRT,83,2.066771957390762,0.3060855029363127,0.12769070800277404,83,0.05083638872992877,0.013611185682470581,nan,1.3133070533568887e-05,-0.003000179809372536,0.0028840959589497843,9.341400182252619e-05,0,1,1000.0,20260913
SIRT,84,2.0638179331399424,0.30651977284413223,0.12924591599949053,84,0.0503080672051473,0.01359789777929438,nan,1.2914772490371185e-05,-0.0029411094783282597,0.002827479169523595,9.261127361257762e-05,0,1,1000.0,20260913
SIRT,85,2.060959220476908,0.30695678543849764,0.13068612500137533,85,0.04958633765471957,0.013585633385615215,nan,1.2699894729460202e-05,-0.0028460127683074933,0.00273577241893422,9.18056962307703e-05,0,1,1000.0,20260913
SIRT,86,2.0581661608885544,0.30739843698272706,0.13216908300091745,86,0.04903063898417713,0.013572798255866823,nan,1.2415489650243045e-05,-0.002780644098693836,0.0026728594103935725,9.071717110378814e-05,0,1,1000.0,20260913
SIRT,87,2.055420500481528,0.30784627880171567,0.13375766600074712,87,0.04857512978029466,0.01355926346924793,nan,1.2225424494429778e-05,-0.002733434982536282,0.002627683245367772,9.001287585519851e-05,0,1,1000.0,20260913
SIRT,88,2.0527253446407276,0.3083002640441735,0.13529208299951279,88,0.04811692117523945,0.013545504745631896,nan,1.201667605690278e-05,-0.002683139164745879,0.002579393935631168,8.922026704850195e-05,0,1,1000.0,20260913
SIRT,89,2.0500852566046825,0.30876022068512415,0.1367358330026036,89,0.04766519129441232,0.01353207637518203,nan,1.180990266764433e-05,-0.002628278133374673,0.00252648951298845,8.838200664212603e-05,0,1,1000.0,20260913
SIRT,90,2.0474944007972242,0.30922594948562654,0.13832179100063513,90,0.04720990938292498,0.013518692104353837,nan,1.1595251607660344e-05,-0.0025792605558483082,0.002479417030261126,8.754083761254515e-05,0,1,1000.0,20260913
SIRT,91,2.044948948548855,0.3096972191959378,0.13987954100230127,91,0.04678488601667723,0.013506032038230014,nan,1.140263719647533e-05,-0.0025340496111753,0.0024360109703897657,8.67474231967737e-05,0,1,1000.0,20260913
SIRT,92,2.0424614398150527,0.31016773789049434,0.1413838750013383,92,0.04623529988675363,0.01349394844440014,nan,1.1156844185347296e-05,-0.002476351889611963,0.0023806235860212,8.584267748429941e-05,0,1,1000.0,20260913
SIRT,93,2.040023555284865,0.31063849325412285,0.1429880409996258,93,0.04579971247015692,0.01348226359028299,nan,1.097341235467669e-05,-0.0024269111178303877,0.0023330038470703316,8.509834906220818e-05,0,1,1000.0,20260913
SIRT,94,2.037626015080159,0.31111298896557527,0.1445817080020788,94,0.04538411297340372,0.013470035775488233,nan,1.0811054294688014e-05,-0.0023867291504151805,0.0022945543191869276,8.446625316758675e-05,0,1,1000.0,20260913
SIRT,95,2.035275443509881,0.3115886072630041,0.14605137500257115,95,0.04490570135695306,0.013457655459688083,nan,1.0600933040722594e-05,-0.0023399706372388804,0.002249745469559634,8.37185325627377e-05,0,1,1000.0,20260913
SIRT,96,2.0329759249235813,0.31206344461098035,0.1475263749998703,96,0.04444337000510346,0.013445907996534355,nan,1.0410555178739366e-05,-0.0022891080311136136,0.002200757929429427,8.30048877880808e-05,0,1,1000.0,20260913
SIRT,97,2.030724570172325,0.31254110844889077,0.14941633300259127,97,0.04397092480928757,0.013434205768427354,nan,1.0228844997262309e-05,-0.0022411259062611864,0.0021546826398269507,8.227765004865152e-05,0,1,1000.0,20260913
SIRT,98,2.028515355337706,0.31302102245861235,0.15101375000085682,98,0.043569526319890674,0.013422263919862938,nan,1.0091899990313669e-05,-0.0021991229346286635,0.0021142996534321288,8.171199658554428e-05,0,1,1000.0,20260913
SIRT,99,2.0263415869689987,0.31350349735320415,0.15250695800204994,99,0.04319066220892994,0.013410367835013863,nan,9.932738664827373e-06,-0.0021638356300420374,0.002080496703605013,8.10546923847871e-05,0,1,1000.0,20260913
SIRT,100,2.0242079276452243,0.3139868966121147,0.15399633299966808,100,0.042804480241360375,0.013398831475142318,nan,9.773673476910975e-06,-0.002123885650295623,0.0020420481473377556,8.033751892231208e-05,0,1,1000.0,20260913
LS,0,6.296186673604399,0.41518400648035586,0.0,0,0.0,0.08608695302542932,0.0,0.0,0.0,0.0,0.0,0,0,1000.0,20260913
LS,1,2.457558102243304,0.3209246790036045,0.2072831250006857,310,11.303779062930042,0.02798993493427968,8.11944304748331e-08,0.7854287238074655,-3.0531998475536204,-2.5501424838156836,0.0220473763608472,0,295,1000.0,20260913
LS,2,2.017264200828712,0.3503994138101871,0.300802042002033,452,2.6380688339328127,0.011508473660350538,8.102592405310465e-08,0.1271563966809395,-0.3131375047336611,0.0923235427862108,0.009129506701117826,0,136,1000.0,20260913
LS,3,1.9267797014138304,0.37557129523848876,0.380661584000336,572,1.5537842171351324,0.00565060482680655,9.084304397677673e-08,0.0310135055892913,-0.0594709938255931,-0.03022777025603035,0.0046165245654746535,0,115,1000.0,20260913
LS,4,1.8947847806384779,0.39600811535580865,0.45622620900030597,688,1.1272506832650646,0.007208798220083105,8.58615536178726e-08,0.013122504713244953,-0.018872416062100415,-0.03153978437072527,0.0030054028007601608,0,108,1000.0,20260913
LS,5,1.8774199179542845,0.4129753264416408,0.5288144170008309,798,0.9085682241413611,0.00799117829338025,9.016791714690002e-08,0.007796377726993223,-0.0095684849572023,-0.02390994821177598,0.002291592885118535,0,105,1000.0,20260913
LS,6,1.8661184130968331,0.42767067028760136,0.5982675420018495,904,0.7564209430026512,0.008408611311977806,8.501831727667852e-08,0.005243789541614448,-0.006057715315837685,-0.0173071272931996,0.0018620512334695265,0,100,1000.0,20260913
LS,7,1.858276594640995,0.440098149950008,0.6638517499995942,1000,0.6371928105867006,0.008654091289396284,9.848743140143781e-08,0.0036705769847299808,-0.004171241471101039,-0.012458915437330749,0.0015541906178809213,0,94,1000.0,20260913
LS,8,1.852580186604802,0.45074650351487866,0.7320479590016475,1097,0.5503274485915738,0.008814408908506686,9.038536945809546e-08,0.0026772818620533255,-0.0030191261741454325,-0.009446606997472585,0.0013249063530710072,0,90,1000.0,20260913
LS,9,1.8482221254349662,0.46000492443250857,0.8041035839996766,1192,0.48741586300183437,0.008910346721917485,8.770867789515768e-08,0.0020419361432726067,-0.0023161250265597913,-0.0075206500054554246,0.0011606700769120353,0,88,1000.0,20260913
LS,10,1.8447168492630877,0.46833772195262896,0.8830185000006168,1278,0.43750716023121505,0.0089658892100234,9.868617770524452e-08,0.0016202215246417615,-0.001885054647241978,-0.006065349590800536,0.001036713311762916,0,82,1000.0,20260913
LS,11,1.841876046830199,0.47574094458774,0.9465073339997616,1367,0.39225335498527936,0.008997804063089377,7.780620619416688e-08,0.001298126647608935,-0.0015426757852816482,-0.004852332291971623,0.0009296114628071013,0,84,1000.0,20260913
LS,12,1.8395551266469332,0.4822819950316092,1.0137817089998862,1456,0.35603811943674907,0.009019937294191656,9.984811230547738e-08,0.0010605743708196984,-0.0012603458124411842,-0.004017236941337156,0.0008427721742919729,0,82,1000.0,20260913
LS,13,1.837601498568983,0.4882170123576929,1.0777900419998332,1546,0.3274896817889684,0.009029433682649081,9.046126698815736e-08,0.0008922503211719877,-0.001061377756783409,-0.003408846505961804,0.0007758070299058856,0,82,1000.0,20260913
LS,14,1.8359367431972538,0.49357227951769395,1.1343418750002456,1626,0.30135704424634246,0.009035600003958217,9.631497510153319e-08,0.0007498378270889643,-0.0009149175446385018,-0.0028760480341153243,0.0007134847598401024,0,76,1000.0,20260913
LS,15,1.8344984274078266,0.4985458835719233,1.2685992090009677,1709,0.27905154849947333,0.009039231969526784,9.626833332269654e-08,0.000645601039086981,-0.0007927147503427385,-0.0024551725465705937,0.0006642647577904775,0,77,1000.0,20260913
LS,16,1.8332336732915726,0.5032087727326886,1.6004889169998933,1794,0.26024520000349693,0.00904171297762165,8.970949526731901e-08,0.0005607834883857151,-0.0007039706278601483,-0.0021216240899889654,0.0006208792449179878,0,78,1000.0,20260913
LS,17,1.8321315551970723,0.5075217320617624,1.7160727090013097,1880,0.24100113514423588,0.009039209343348693,6.893318643681107e-08,0.00048493548902277516,-0.0006171826054837526,-0.001801959262540175,0.0005783764100432949,0,80,1000.0,20260913
LS,18,1.8311666107458557,0.5115188482164483,1.7897135420025734,1962,0.22400241610920169,0.009041982159589247,8.065316153618036e-08,0.00042386554378524426,-0.0005410789074285301,-0.001543909669921465,0.0005416697526229606,0,78,1000.0,20260913
LS,19,1.8303229030989703,0.51527552629302,1.859338292000757,2044,0.21126985706057128,0.009042576533840836,9.842289771460883e-08,0.00037346492915733365,-0.0004702427177329803,-0.0013880399782342499,0.0005091814959663721,0,77,1000.0,20260913
LS,20,1.829573461187173,0.5187984976934468,1.9648153340021963,2128,0.19976695394790248,0.009041262601986408,8.393455413087072e-08,0.00033211183323089715,-0.0004173300785661273,-0.0012458998826839034,0.00048063804567267227,0,77,1000.0,20260913
LS,21,1.8289074667611471,0.5221055386903612,2.0258440840007097,2209,0.18744787024861054,0.009041077066970006,8.596801929031274e-08,0.00029488641522914166,-0.0003711080107995812,-0.0010908407770111124,0.0004528699608319348,0,75,1000.0,20260913
LS,22,1.8283040440372873,0.5252341194515928,2.095295917002659,2286,0.17730169855834157,0.009040573336382245,9.416145332214849e-08,0.00026390692340926214,-0.0003395158004453755,-0.0009683718917238256,0.0004289855586521137,0,71,1000.0,20260913
LS,23,1.827762920855454,0.5281532583845211,2.1548699170016334,2366,0.16669697076113624,0.009038108321231253,8.090325004882965e-08,0.00023453480516076353,-0.00030658837667221653,-0.0008482708212136526,0.000405520888526687,0,73,1000.0,20260913
LS,24,1.827278636901652,0.5308659497563488,2.2119007090004743,2444,0.15785442458223767,0.009036406992692475,9.068474505607149e-08,0.00021066731127708396,-0.0002736166425243075,-0.0007616170142075119,0.00038486255946971207,0,70,1000.0,20260913
LS,25,1.8268338375378743,0.5334252935779094,2.2671145420026733,2521,0.14945535471566326,0.009033005097547491,8.324656559363861e-08,0.00019077447384377368,-0.00025402488992907346,-0.0006720457888815107,0.00036696565924436853,0,71,1000.0,20260913
LS,26,1.826431821112129,0.535791316600639,2.3218835840016254,2598,0.14212508154773001,0.009028538664852143,8.87415345708449e-08,0.00017214579908152817,-0.00022987062666626718,-0.0006079605145022234,0.0003493821146028987,0,69,1000.0,20260913
LS,27,1.8260694393066632,0.5380440610097427,2.377964792001876,2673,0.13594191269325054,0.009027122173332824,9.754946682989797e-08,0.000156881719594974,-0.00020550008587480578,-0.0005616283758690843,0.0003339128232620965,0,68,1000.0,20260913
LS,28,1.8257308215674677,0.5401928860048022,2.4345453340029053,2747,0.13007589422828417,0.009024524236228834,7.571360096299725e-08,0.0001431195695206845,-0.00019549816967587516,-0.000507369173768865,0.00031943813674935106,0,69,1000.0,20260913
LS,29,1.8254200186177498,0.5422335314831859,2.489792292002676,2821,0.12440543189697904,0.009020102609502274,9.37158226027755e-08,0.0001306189473744838,-0.00018018400234030407,-0.0004630326245558358,0.0003056785401793838,0,68,1000.0,20260913
LS,30,1.8251450361379848,0.5441610055033359,2.547729709000123,2892,0.11856283198320522,0.00901310795333676,9.371616375329091e-08,0.0001189781692072153,-0.00015600431056042574,-0.00042787477662890286,0.0002922342825947818,0,66,1000.0,20260913
LS,31,1.8248926814775763,0.5459856728291307,2.6070060840029328,2962,0.11288028319883545,0.009006030390032827,7.129006734873953e-08,0.00010877563501952533,-0.00014357902538769928,-0.0003847432563439488,0.00027938519894261054,0,65,1000.0,20260913
LS,32,1.8246616838401606,0.5477257724458695,2.6634112499996263,3032,0.108092244987218,0.008998832911047605,9.566968066302388e-08,9.996363755814405e-05,-0.0001310339998510483,-0.00035319903390309594,0.00026788421900188496,0,64,1000.0,20260913
LS,33,1.824448720537176,0.5493835385328033,2.7189754999999423,3106,0.10358277754615047,0.00899158718217591,9.155506769051013e-08,9.229171271993988e-05,-0.00012067159026996946,-0.0003235062872241725,0.00025758017894832543,0,66,1000.0,20260913
LS,34,1.8242514243026708,0.55094539400846,2.7720331250020536,3173,0.09981110327050441,0.008986409574387528,8.708805141120328e-08,8.46599405442135e-05,-0.00011263629395817282,-0.0003008165822986138,0.000247099545046807,0,64,1000.0,20260913
LS,35,1.8240705911058634,0.5524453438058575,2.82982316700145,3242,0.09584134929705806,0.008981388204217471,9.778340626911775e-08,7.834004858075335e-05,-0.00010249314822567451,-0.0002784450149466396,0.00023780500053778269,0,64,1000.0,20260913
LS,36,1.823902116396328,0.5538902486590003,2.8838025000004563,3308,0.09250544327078718,0.00897644465802973,9.905130858980144e-08,7.298734000332814e-05,-9.548736953713528e-05,-0.00025938814220083676,0.00022970846444174956,0,62,1000.0,20260913
LS,37,1.8237439568793101,0.5552812776052476,2.9406288749996747,3379,0.08940781434046387,0.008971623619918698,9.961444828013158e-08,6.823288632026663e-05,-8.992663069344194e-05,-0.00024152834623902331,0.00022229964876504981,0,65,1000.0,20260913
LS,38,1.823596516468639,0.5566141821148104,2.9958010420014034,3452,0.08641967623745281,0.008966976523480151,8.174495608419564e-08,6.389022518966348e-05,-8.355018547973988e-05,-0.00022597761137814584,0.00021529716608502096,0,66,1000.0,20260913
LS,39,1.8234587984553459,0.5579021696177122,3.050566666999657,3522,0.08374043302900638,0.008962609215248447,8.126183755566614e-08,6.000462190008973e-05,-7.771339139032348e-05,-0.00021290499290117743,0.0002088538604065439,0,65,1000.0,20260913
LS,40,1.823329308345092,0.5591471408005931,3.1048121670028195,3588,0.08127722841927443,0.008958641664782652,9.903523934560062e-08,5.6496260317452736e-05,-7.299384994349373e-05,-0.0002008092827221851,0.0002028348674676577,0,62,1000.0,20260913
LS,41,1.8232089414966528,0.5603491150599886,3.154243959001178,3654,0.07881929267432557,0.008954881327496429,9.042421295058265e-08,5.314402339059028e-05,-6.722282504979945e-05,-0.00019025719644474794,0.00019684388132806623,0,62,1000.0,20260913
LS,42,1.8230968758691155,0.5615055208291568,3.202569584002049,3723,0.07636843743019625,0.00895151047787802,7.578169261038324e-08,4.994007884851854e-05,-6.212554868764255e-05,-0.00017954128423919557,0.00019092708561401221,0,63,1000.0,20260913
LS,43,1.822991337343747,0.5626113212030797,3.252043500000582,3795,0.07412419930321634,0.008948627739557628,9.781131191610255e-08,4.676171160562642e-05,-5.8776813766641286e-05,-0.00016918132074860434,0.00018472808092553388,0,67,1000.0,20260913
LS,44,1.8228928329238652,0.5636755995993065,3.3021857500025362,3868,0.07180222182364833,0.008946007999277913,9.167625452059524e-08,4.396771168413593e-05,-5.4536708188191765e-05,-0.00015927353305882481,0.0001791548834937204,0,66,1000.0,20260913
LS,45,1.8228004183232556,0.5647023366120977,3.351327209002193,3939,0.06968616284849728,0.00894368216685407,9.033381224373356e-08,4.1503855251375775e-05,-5.091074536683971e-05,-0.00015039346401776144,0.00017416665584833835,0,65,1000.0,20260913
LS,46,1.8227127861878127,0.5656870154607262,3.3993315840016294,4008,0.06764896751545561,0.008941466627090885,8.172915184744158e-08,3.9250816062669085e-05,-4.8381319376757045e-05,-0.00014118700485253068,0.0001695357533369139,0,63,1000.0,20260913
LS,47,1.822629355364712,0.5666432164255414,3.4458936250011902,4074,0.06582269972135403,0.008939531203698938,9.176043288663767e-08,3.721845532920091e-05,-4.621236776561605e-05,-0.00013320056682957182,0.0001652125093658025,0,62,1000.0,20260913
LS,48,1.8225499063172579,0.5675722966707357,3.4931019169998763,4142,0.06418265905229655,0.008937847514899261,9.379607506216985e-08,3.533085120255049e-05,-4.411819625718369e-05,-0.00012652163869711732,0.00016109282750796034,0,62,1000.0,20260913
LS,49,1.8224744835342248,0.568475915940612,3.539172625001811,4209,0.06255617325953838,0.008936228491692544,9.507957278043874e-08,3.359543198492268e-05,-4.182735104925825e-05,-0.00012024095761079478,0.00015718571172190055,0,62,1000.0,20260913
LS,50,1.8224037453841642,0.5693516831404277,3.588020334002067,4280,0.060930816447127986,0.008934654771774093,8.042168928041743e-08,3.18921656874823e-05,-3.884598437100076e-05,-0.00011489006958503492,0.00015323268552676385,0,65,1000.0,20260913
LS,51,1.8223383071175994,0.5701957439729549,3.636970209001447,4349,0.05917551519840559,0.008933546757934108,9.565686267869065e-08,3.0143113352197595e-05,-3.529515321382286e-05,-0.00010964881338503755,0.00014892976190424706,0,65,1000.0,20260913
LS,52,1.8222760114846428,0.5710147778112814,3.685090917002526,4419,0.057551528709540944,0.008932429596020402,7.213718139552648e-08,2.8625952249238495e-05,-3.3669680703585274e-05,-0.00010331328988368976,0.00014517064393852435,0,65,1000.0,20260913
LS,53,1.8222168594187427,0.5718079303932416,3.731394417001866,4486,0.0559936383536417,0.008931525580404075,7.994937883111171e-08,2.7175851824701043e-05,-3.197621407731897e-05,-9.761231090379529e-05,0.0001414636935319896,0,62,1000.0,20260913
LS,54,1.8221623269360714,0.5725722585091199,3.7778899170007207,4550,0.05441265387514097,0.008931163513213108,9.662705326323274e-08,2.5691676265621354e-05,-2.8840806406695842e-05,-9.350436241550684e-05,0.00013748630884289652,0,60,1000.0,20260913
LS,55,1.8221117020343605,0.5733078118928603,3.825385375002952,4616,0.052718941369144956,0.008930333378875025,9.310036995192983e-08,2.4196603809348942e-05,-2.6428297901245242e-05,-8.833943724323993e-05,0.00013345803935611687,0,60,1000.0,20260913
LS,56,1.8220646582483384,0.5740166478006706,3.8746782920025,4683,0.05123873647183579,0.00892903962760176,9.647729579659994e-08,2.2762027919119365e-05,-2.4281758104627312e-05,-8.422661973946216e-05,0.00012949110817972977,0,63,1000.0,20260913
LS,57,1.8220200678500473,0.5747044424136887,3.9219614590001584,4747,0.04980485693604936,0.008927699184024904,9.29819377535362e-08,2.1553646799293214e-05,-2.3036751487361398e-05,-7.94357904299394e-05,0.00012607514856146046,0,60,1000.0,20260913
LS,58,1.8219773803935697,0.5753717330634175,3.9695156670022698,4812,0.04839766853583097,0.008926456881275057,8.134536026393103e-08,2.0423275752107032e-05,-2.2264180729021178e-05,-7.442925950758898e-05,0.00012278479485715665,0,62,1000.0,20260913
LS,59,1.8219367925880194,0.5760150678307784,4.019750875002501,4878,0.04695472460098016,0.008925125813006113,8.51164114601801e-08,1.9284646536045974e-05,-2.130315901033808e-05,-6.964950256742059e-05,0.00011935846126004023,0,61,1000.0,20260913
LS,60,1.8218982149156822,0.5766398648807937,4.06747658400127,4942,0.045687949634584106,0.008923903807743012,8.877467126924608e-08,1.833925251011841e-05,-2.023841982611884e-05,-6.579176475333365e-05,0.00011644740088026524,0,61,1000.0,20260913
LS,61,1.8218615938265197,0.5772482155661621,4.11160291700071,5003,0.04454936294156526,0.008922757614540791,9.18134682676788e-08,1.7476591895144456e-05,-1.914449727036254e-05,-6.261119776249575e-05,0.00011372341117697876,0,59,1000.0,20260913
LS,62,1.8218267687507965,0.577840885240576,4.157724833999964,5067,0.04347506634712013,0.008921709155711685,8.90136059312495e-08,1.6670717920518767e-05,-1.815435780089999e-05,-5.9678993971158805e-05,0.00011110924528348058,0,61,1000.0,20260913
LS,63,1.8217941338643857,0.5784111678451327,4.203568167002231,5130,0.04209975636493555,0.00892118257107364,7.992306126035005e-08,1.573886562161541e-05,-1.689602079246545e-05,-5.59845878885371e-05,0.00010790227820422047,0,60,1000.0,20260913
LS,64,1.8217635125458609,0.5789596133894304,4.24822291700184,5190,0.04072611588816097,0.008920474135758543,8.631936894279844e-08,1.4854206176818721e-05,-1.576711234819014e-05,-5.2309507241969785e-05,0.00010483670785965216,0,58,1000.0,20260913
LS,65,1.8217344450862247,0.5794904235114445,4.292894875001366,5251,0.03947707659749086,0.008919938055001363,8.81603621472635e-08,1.4026463153656553e-05,-1.5040996482108754e-05,-4.885451919805184e-05,0.00010191719558198764,0,58,1000.0,20260913
LS,66,1.8217073853868246,0.5800020946880254,4.340877709000779,5312,0.03836879928442143,0.008919531217158282,8.891696770341829e-08,1.315926261621298e-05,-1.3900436785138424e-05,-4.65485385263216e-05,9.873674331433464e-05,0,58,1000.0,20260913
LS,67,1.8216822145318734,0.5804964457588943,4.386839083999803,5370,0.037227696903825214,0.008918352834189621,9.929734138130333e-08,1.243953925799482e-05,-1.2731315694224745e-05,-4.412421588691415e-05,9.602622651538046e-05,0,54,1000.0,20260913
LS,68,1.821658651767973,0.5809718585694315,4.430138834002719,5427,0.036034198532352034,0.008917026595723215,9.006937884057783e-08,1.172680071225884e-05,-1.183596318671501e-05,-4.1360409292972666e-05,9.329815974667651e-05,0,53,1000.0,20260913
LS,69,1.8216358248707984,0.5814192749566421,4.473979042002611,5484,0.0347047308974228,0.0089154184412966,9.035930849729295e-08,1.09882462987188e-05,-1.1838650880831255e-05,-3.739402015864947e-05,9.038248558757749e-05,0,54,1000.0,20260913
LS,70,1.8216144424388594,0.5818496335157233,4.523946749999595,5544,0.03362856827658257,0.008913705630089516,7.333353132792971e-08,1.0383520135633722e-05,-1.0998911796159492e-05,-3.5161598277584454e-05,8.787363008340164e-05,0,56,1000.0,20260913
LS,71,1.821594477979597,0.5822662543218274,4.565644209000311,5602,0.03269706116633947,0.008912072391374084,8.038640413931934e-08,9.842931318294699e-06,-1.0121527949353941e-05,-3.34904311833224e-05,8.557918428175173e-05,0,54,1000.0,20260913
LS,72,1.821575987110394,0.5826700478005404,4.613102000002982,5663,0.031840930693992846,0.008910491845525215,7.458672506648753e-08,9.328944340135533e-06,-9.161924860086821e-06,-3.220137417006881e-05,8.331674029357635e-05,0,57,1000.0,20260913
LS,73,1.8215586201241623,0.583060741234326,4.654423334002786,5722,0.031005870620071426,0.00890893169828261,6.735959669249848e-08,8.855644151549403e-06,-8.511342082643716e-06,-3.070121441364886e-05,8.118478546726175e-05,0,54,1000.0,20260913
LS,74,1.8215422126594079,0.5834369434198666,4.697515875002864,5779,0.030121845452534237,0.00890718110127951,9.775594519929514e-08,8.388172822583401e-06,-8.019291932707372e-06,-2.895881391892018e-05,7.901944857231509e-05,0,54,1000.0,20260913
LS,75,1.821526687316869,0.583801561738563,4.7384763340014615,5832,0.02932226131524727,0.00890551140406102,8.918726366929185e-08,7.960686562496987e-06,-7.564655975786404e-06,-2.746440789307997e-05,7.69796642781552e-05,0,51,1000.0,20260913
LS,76,1.8215121808766817,0.5841559681190603,4.77888512500067,5886,0.028551750837495556,0.008904102760866735,9.19409927748097e-08,7.562876057465042e-06,-6.943564132053161e-06,-2.6253683607020675e-05,7.503441165810456e-05,0,51,1000.0,20260913
LS,77,1.8214984823831506,0.5844988861539766,4.820325500000763,5942,0.027762580957337895,0.008902619655535035,9.014655107196772e-08,7.152690574872838e-06,-6.545802951831551e-06,-2.483955153958125e-05,7.297442567581526e-05,0,52,1000.0,20260913
LS,78,1.8214851171192117,0.5848311248413955,4.860255916999449,5995,0.02702388361164006,0.008900993690828253,9.631042461463875e-08,6.784949401002468e-06,-6.580314537190286e-06,-2.3149250333859732e-05,7.10765526389484e-05,0,50,1000.0,20260913
LS,79,1.8214720817971193,0.5851539470912956,4.900676792000013,6048,0.02633629187762396,0.008899371455859268,9.958003685946532e-08,6.447060714204608e-06,-6.5882613767533085e-06,-2.1644691400767217e-05,6.928316633006754e-05,0,50,1000.0,20260913
LS,80,1.821459448064118,0.5854678295095234,4.941508834002889,6102,0.025683833039369768,0.008897767184711707,9.520310707229246e-08,6.134285214224186e-06,-6.499447787167774e-06,-2.034923097840067e-05,6.758150730523125e-05,0,50,1000.0,20260913
LS,81,1.821447270632433,0.5857730627079827,5.019249500001024,6155,0.025052670985023333,0.008896198650667191,8.428220035473853e-08,5.839948859933243e-06,-6.3374828192964975e-06,-1.9204384489168335e-05,6.593979047677661e-05,0,50,1000.0,20260913
LS,82,1.8214355859158236,0.5860699522745751,5.063337750001665,6205,0.024458540359420446,0.00889470886675505,8.068136907277345e-08,5.569113073042932e-06,-6.115603540984545e-06,-1.8226293216275206e-05,6.439306335712385e-05,0,47,1000.0,20260913
LS,83,1.8214243836220647,0.5863588837742273,5.132255584001541,6257,0.023877254703133136,0.008893259856601275,9.571763618130853e-08,5.311543437456215e-06,-5.890750324253267e-06,-1.730387084907615e-05,6.288728563467619e-05,0,49,1000.0,20260913
LS,84,1.8214138447044128,0.5866361469862257,5.172028291999595,6309,0.023190934327157922,0.00889161583285112,9.588429474814095e-08,5.020752357712011e-06,-5.5181652952553075e-06,-1.6352054096424292e-05,6.115002100347448e-05,0,48,1000.0,20260913
LS,85,1.82140430747091,0.5868976284286374,5.210795250000956,6360,0.022557008061581188,0.00888971179276959,8.385817582802118e-08,4.7195768128030345e-06,-4.817656684067653e-06,-1.590369713179087e-05,5.9290743397650644e-05,0,48,1000.0,20260913
LS,86,1.8213955734238991,0.587150257117378,5.2496973750021425,6413,0.0219427797098902,0.008888238581584426,7.827329898473354e-08,4.483645474247379e-06,-4.250401536447053e-06,-1.5340232058877535e-05,5.779688029989325e-05,0,48,1000.0,20260913
LS,87,1.8213868475261377,0.5873927162481264,5.289556417003041,6467,0.021298819850677216,0.008886609367486222,7.380644477307644e-08,4.247940489712061e-06,-4.4779572743271326e-06,-1.3956088590116606e-05,5.628513086549993e-05,0,50,1000.0,20260913
LS,88,1.821378244047382,0.5876252395099327,5.329516125002556,6521,0.020734164905956556,0.008884887722944015,7.429961461123036e-08,4.029098640610426e-06,-4.574380111643371e-06,-1.2891800961727863e-05,5.484412043496262e-05,0,50,1000.0,20260913
LS,89,1.8213701457550446,0.5878500742494858,5.3668047089995525,6570,0.020176435791167454,0.008883329398518396,7.897459931403485e-08,3.83264707749867e-06,-4.265645262410053e-06,-1.2256135724366695e-05,5.3501151054832984e-05,0,47,1000.0,20260913
LS,90,1.8213624554659886,0.5880682303063202,5.404220042000816,6622,0.019669950607676363,0.008881847187505865,8.460253548847747e-08,3.6529445632228503e-06,-4.037344493535585e-06,-1.1655058789415392e-05,5.223906333912782e-05,0,47,1000.0,20260913
LS,91,1.8213551719379706,0.5882802852117652,5.442889959002059,6677,0.019198368172864706,0.008880454187423212,9.811302121715357e-08,3.4869360710194836e-06,-3.7965919423576232e-06,-1.1145339007000453e-05,5.1043953486436086e-05,0,49,1000.0,20260913
LS,92,1.8213482576040179,0.5884865840053524,5.479643042002863,6727,0.018747493792824362,0.008879152918392962,9.976571428677538e-08,3.3310652714242886e-06,-3.583268687212727e-06,-1.0659092222876062e-05,4.989507321353016e-05,0,46,1000.0,20260913
LS,93,1.8213416265780547,0.5886875450016915,5.517354792002152,6779,0.018319805796968274,0.008877852895326142,9.964972762552778e-08,3.1862454190930823e-06,-3.4447805416432115e-06,-1.0149738258720873e-05,4.880243402497985e-05,0,48,1000.0,20260913
LS,94,1.8213353006467403,0.5888834968926807,5.5546577500026615,6829,0.017913288021677395,0.008876608502497222,8.538374080105358e-08,3.051535689229454e-06,-3.274395627032065e-06,-9.718363073045865e-06,4.776252604476297e-05,0,46,1000.0,20260913
LS,95,1.8213293501782921,0.5890745424362585,5.592461792002723,6880,0.017518321105194936,0.008875393144473697,9.641477914590125e-08,2.9234139144868886e-06,-3.0270545320004875e-06,-9.394110269034455e-06,4.675141079858284e-05,0,48,1000.0,20260913
LS,96,1.8213238233737539,0.5892601833515149,5.626053292002325,6926,0.01710938696647464,0.008874259133748542,9.789112412206539e-08,2.7978441834034892e-06,-2.7289603592441546e-06,-9.109751580181341e-06,4.5735799492080945e-05,0,43,1000.0,20260913
LS,97,1.8213183786657328,0.5894404805079997,5.661887125002977,6977,0.016726383167068194,0.008873188968479906,9.638242960299451e-08,2.681051796890401e-06,-2.7636562183872924e-06,-8.54388667147181e-06,4.4769229801542126e-05,0,45,1000.0,20260913
LS,98,1.821313140569464,0.5896162615599588,5.706304541999998,7026,0.016363477425574178,0.008872152868505494,9.080628916091063e-08,2.5703049441672415e-06,-2.6677913268488543e-06,-8.150073404130059e-06,4.383545712778434e-05,0,44,1000.0,20260913
LS,99,1.8213080039164933,0.5897873886527394,5.7407155000000785,7073,0.01600040443558248,0.00887113006472423,8.754706137345149e-08,2.462890378539178e-06,-2.6737625901864774e-06,-7.663994134360652e-06,4.290475646205229e-05,0,43,1000.0,20260913
LS,100,1.8213030077274361,0.5899528603420499,5.776150125002459,7120,0.015595013622164231,0.008870031869465817,9.481005279440327e-08,2.352298834480921e-06,-2.6438902266359813e-06,-7.164033436636229e-06,4.190700891835955e-05,0,44,1000.0,20260913
WLS,0,6.296186673604399,0.41518400648035586,0.0,0,0.0,0.08608695302542932,0.0,0.0,0.0,0.0,0.0,0,0,1000.0,20260913
WLS,1,2.413558002594335,0.3186946728168801,0.1585505840012047,230,11.24394650793163,0.03402006817555387,9.017933055025638e-08,0.8138748397387369,-3.0687538312713274,-2.4386879826513312,0.022314966868740745,0,218,1000.0,20260913
WLS,2,1.9940606965363763,0.34747878538136245,0.24790754200148513,359,2.549516464969565,0.013594931352611151,7.207403431682888e-08,0.12305479347177942,-0.29644251258617604,0.09449559580041333,0.008920977752118947,0,119,1000.0,20260913
WLS,3,1.9103021273035412,0.372478201290265,0.32623083400176256,469,1.5030175390262017,0.006872695011924076,8.798542207315943e-08,0.029087639887357932,-0.054670929345478354,-0.02919451689818392,0.0044593136296898,0,103,1000.0,20260913
WLS,4,1.8804130511875723,0.3931743346297312,0.3993540000010398,575,1.0913424901132833,0.00428493266732443,9.484427079079794e-08,0.012220280139432691,-0.017668795976534923,-0.02966234542036418,0.002907815373582727,0,100,1000.0,20260913
WLS,5,1.8635399728209914,0.4107026619641268,0.48044633400058956,674,0.8886800560878275,0.0032093826273883225,9.564059409185373e-08,0.0073740797607343665,-0.00949899860585217,-0.022614533737832294,0.0022363041435231263,0,95,1000.0,20260913
WLS,6,1.8519449009275941,0.4260545651335165,0.5479722090021824,771,0.7523195728275496,0.002635822405486449,7.998680554420716e-08,0.005170368417451389,-0.006424703475939106,-0.016704165089574077,0.0018596173628185435,0,90,1000.0,20260913
WLS,7,1.8435106002189778,0.4391631606437922,0.6106548340030713,865,0.6470418794505778,0.0022750075186270756,8.789715887061157e-08,0.0037762606321197316,-0.00465804007650071,-0.01249885897953052,0.0015824753863149595,0,88,1000.0,20260913
WLS,8,1.837230734330422,0.45026680659377694,0.6669779590010876,949,0.5672251961735867,0.0020380772031706835,8.957686918272519e-08,0.0028275580866825153,-0.003452307801868589,-0.009807355270152304,0.0013719478704874728,0,80,1000.0,20260913
WLS,9,1.8323929074774492,0.4601425327660582,0.7250628340007097,1037,0.500539469302378,0.0018812750334076978,7.812088667533571e-08,0.0021932411955340523,-0.002644585657443879,-0.007689161163502576,0.001213347487296013,0,81,1000.0,20260913
WLS,10,1.8286109380201263,0.4686983702899057,0.7809353750017181,1120,0.44824702831113256,0.001779229168621056,8.871509652349187e-08,0.0017186013162998957,-0.002063368141021755,-0.006264300462165168,0.0010775997997866493,0,78,1000.0,20260913
WLS,11,1.825570232728913,0.47627499506388754,0.8378687090007588,1206,0.4065959803533883,0.0016947073070749349,8.282097823361925e-08,0.0013980276394301178,-0.0016426776517840058,-0.0052253092707632825,0.0009751848055470183,0,79,1000.0,20260913
WLS,12,1.823063588620053,0.4831497837895733,0.896486959001777,1290,0.3724010950479819,0.0016198316115189062,9.26941096083581e-08,0.001156359586172596,-0.0013502845226847438,-0.00442748467078688,0.0008899431887672088,0,80,1000.0,20260913
WLS,13,1.8209951247997618,0.4894214686657025,0.9593936670025869,1377,0.34055611287599324,0.0015565225913439118,8.542504069724025e-08,0.0009627843503152192,-0.0011056794699758302,-0.003730459480569069,0.0008143977465602264,0,80,1000.0,20260913
WLS,14,1.81923632454113,0.49515638329805195,1.0223132090031868,1461,0.31380777314888253,0.0015395636090495314,9.663697780736374e-08,0.0008222352485172538,-0.0009365650101150408,-0.003164965665801295,0.0007550997090254585,0,80,1000.0,20260913
WLS,15,1.8177284456652396,0.5004169366687686,1.0823462090011162,1541,0.2920890860950646,0.0015343596453592098,8.370661646130368e-08,0.0007088546250324807,-0.0007990242508529477,-0.0027579228349020697,0.0007042539293997436,0,75,1000.0,20260913
WLS,16,1.8164239767822616,0.5052035850812925,1.1395757500031323,1622,0.27091427105303045,0.0015257981983864653,8.497157778338865e-08,0.0006146839497001556,-0.0006897849332811102,-0.0023652582300317717,0.0006589544925345059,0,76,1000.0,20260913
WLS,17,1.8152802759971625,0.5096156990226048,1.1946708750001562,1699,0.25374438595855,0.0015155893409771618,9.953206818200206e-08,0.0005423090402335673,-0.000601391744863299,-0.0020756098851749012,0.0006217453857717082,0,72,1000.0,20260913
WLS,18,1.814269592947326,0.5137452888223426,1.248482792001596,1776,0.23800317734017779,0.0015072781868204256,9.391168266459816e-08,0.00047968755898335967,-0.000530995490855211,-0.001821592571364581,0.0005860267317166051,0,70,1000.0,20260913
WLS,19,1.8133837764842153,0.5175833151220086,1.301706042002479,1852,0.22227525868675563,0.0015061728600108694,8.999986087930639e-08,0.00042112651555971424,-0.0004646899475505975,-0.0015844980681025064,0.0005491184851550197,0,69,1000.0,20260913
WLS,20,1.812603402262483,0.5211437737323474,1.3518892500032962,1923,0.20779500735334192,0.0015075122211169688,9.587349503047603e-08,0.000373582551054491,-0.00040679167067697987,-0.0013785640323164994,0.0005172435959055268,0,66,1000.0,20260913
WLS,21,1.8119027155094594,0.524503586358696,1.4026154590028455,1994,0.19626544066571586,0.0015061012672712326,8.671729489817376e-08,0.0003366466574313213,-0.0003640400955934682,-0.0012253194069616767,0.0004913821601898724,0,68,1000.0,20260913
WLS,22,1.8112786094002484,0.5276360683313829,1.4547407090030902,2069,0.18454015666339152,0.0015043765848399635,7.205853502412555e-08,0.0003000377670169239,-0.00032406834219287663,-0.0010786473618565233,0.0004645091533831194,0,71,1000.0,20260913
WLS,23,1.8107227769874124,0.5305566758944942,1.503953209001338,2142,0.1748809891294789,0.0015023722382294456,9.209464634296998e-08,0.0002693394243620781,-0.00028649298847800643,-0.0009733356051091688,0.0004407005845910015,0,66,1000.0,20260913
WLS,24,1.8102197344309006,0.5333253235189733,1.5527740420002374,2214,0.1661957161880159,0.0014984472879297974,9.728234119874006e-08,0.00024408246460169158,-0.00025896009191186,-0.0008780082474505865,0.0004197659169966616,0,67,1000.0,20260913
WLS,25,1.8097629693954307,0.5359308601623828,1.5965410000026168,2278,0.1576844195134892,0.0014964867617002612,8.89599293488494e-08,0.00022063690758912776,-0.00023612812787693116,-0.0007864537723954277,0.00040010779425954954,0,61,1000.0,20260913
WLS,26,1.809346485368571,0.5383939833301581,1.6410991250013467,2343,0.15030670681353359,0.0014965992618122678,9.728116845570554e-08,0.00020144368366174472,-0.00021504034320101768,-0.0007131212787968013,0.00038308099209065767,0,62,1000.0,20260913
WLS,27,1.8089697161024871,0.5407124375058445,1.6882079590031935,2413,0.1423278553454331,0.001495704276564147,9.641988256080678e-08,0.00018126350710979784,-0.0001955057589725859,-0.0006360916542776504,0.00036351535436131353,0,64,1000.0,20260913
WLS,28,1.808625499993395,0.5429049517800869,1.7317969590003486,2476,0.13563135707969762,0.0014939201680119736,9.941693005855259e-08,0.000166005820421256,-0.00017821028867179344,-0.0005755771420719451,0.0003482742190279971,0,61,1000.0,20260913
WLS,29,1.8083070656915123,0.5449935964317096,1.7779578340014268,2544,0.1298967297874536,0.001491745022953086,8.483883785076404e-08,0.0001535532947426069,-0.00016488100713803048,-0.0005252237185910171,0.00033544366299294146,0,63,1000.0,20260913
WLS,30,1.8080107144861983,0.5469932456399237,1.826367667003069,2614,0.12505625795502986,0.0014900345555964544,9.899733820216906e-08,0.0001430083205387127,-0.0001533428847752747,-0.00048560217737173255,0.0003241394596951301,0,66,1000.0,20260913
WLS,31,1.807733774771787,0.5488987762359989,1.8727453750034329,2680,0.12069127921219631,0.0014890513631993377,8.14447200946828e-08,0.00013363222962613786,-0.00014330748478672402,-0.0004513795294824771,0.0003136371550509032,0,60,1000.0,20260913
WLS,32,1.8074756349914542,0.5507072975774183,1.919111792001786,2748,0.11673761409757384,0.0014882195660095858,8.981243693676721e-08,0.00012429086471105516,-0.0001338489156233106,-0.00042324374692697016,0.00030307599025299205,0,63,1000.0,20260913
WLS,33,1.8072346625926732,0.5524339643224798,1.9628790420028963,2812,0.11293602909968244,0.0014874887163734334,9.874769659701971e-08,0.00011649620749168448,-0.00012447619128565633,-0.0003967549346591462,0.00029374555841913736,0,60,1000.0,20260913
WLS,34,1.8070086990882839,0.5540843617316176,2.006234417000087,2873,0.1091438110131122,0.0014872200981692,8.905363834176789e-08,0.00010922157075993049,-0.00011674193362720117,-0.00036965506973399385,0.0002846228283232309,0,58,1000.0,20260913
WLS,35,1.8067957075618322,0.555675963647983,2.0505208750000747,2937,0.10591826084461622,0.001486276136364145,9.820922596784344e-08,0.00010310922821201225,-0.00010988229823770113,-0.0003479423725656969,0.0002767661566642184,0,60,1000.0,20260913
WLS,36,1.8065940371954712,0.55721567675393,2.096841875001701,3005,0.10299741503894261,0.0014855160270544688,8.814620510666616e-08,9.77430408429523e-05,-0.00010392732552021877,-0.0003287530088742258,0.0002696929358843689,0,62,1000.0,20260913
WLS,37,1.8064029509626962,0.5587016740826546,2.1416389170008188,3070,0.10026100333280649,0.0014851641659278684,8.273876791181994e-08,9.287132563711268e-05,-9.821490713981862e-05,-0.0003115272066900788,0.0002631109241725595,0,61,1000.0,20260913
WLS,38,1.8062213061783192,0.5601282972069989,2.185225209002965,3133,0.09743751918075717,0.0014840571759493829,8.751425111402172e-08,8.75842401179709e-05,-9.406054425695192e-05,-0.0002930587228280326,0.000255484847002149,0,59,1000.0,20260913
WLS,39,1.8060493948848215,0.5614954929117725,2.2280700840019563,3195,0.09458929536071392,0.0014823971672524886,9.781971376570024e-08,8.269783350899702e-05,-8.921345998753046e-05,-0.0002754454463441236,0.0002485118572685246,0,58,1000.0,20260913
WLS,40,1.8058868196439148,0.5628012228715453,2.2728432920011983,3261,0.09148041261531484,0.0014818112907305848,7.080205620831652e-08,7.817115443487588e-05,-8.440408647252665e-05,-0.00025585805370673115,0.00024150197576418232,0,61,1000.0,20260913
WLS,41,1.8057328757172335,0.564057981117864,2.3214155420027964,3321,0.08856722038786392,0.0014801683107442782,9.025849439869451e-08,7.389444839348847e-05,-8.004947829020137e-05,-0.0002382636996802905,0.00023464384055878282,0,56,1000.0,20260913
WLS,42,1.8055869839472853,0.56526410698971,2.3704067090002354,3382,0.08600453504609251,0.00147851897925394,8.82654811609912e-08,6.996532316850626e-05,-7.592644677987283e-05,-0.00022394723247655792,0.00022825844456378635,0,57,1000.0,20260913
WLS,43,1.8054483714263763,0.566423612348945,2.4138646250030433,3441,0.08364930908313233,0.0014773359391554845,9.692291006528404e-08,6.656985927068589e-05,-7.204266163558813e-05,-0.00021124782459519417,0.00022266522844836004,0,56,1000.0,20260913
WLS,44,1.8053167180321144,0.5675380107871524,2.458379584000795,3504,0.08134704104692568,0.0014753788707669666,7.315238751774584e-08,6.332312740095103e-05,-6.833026686397375e-05,-0.00019921366009260032,0.00021706812050682812,0,59,1000.0,20260913
WLS,45,1.8051913145252247,0.5686154485137337,2.5032455420005135,3566,0.07933418718353165,0.0014748426873826448,7.461440654133936e-08,6.041492499681072e-05,-6.498858189203547e-05,-0.00018929215591397208,0.00021187497811553428,0,59,1000.0,20260913
WLS,46,1.8050713897633062,0.5696524811476164,2.545099459002813,3627,0.07743491864362453,0.0014749127932363341,7.047910666313562e-08,5.7742742747083365e-05,-6.21820191753115e-05,-0.00017988356934866027,0.00020710992617036555,0,57,1000.0,20260913
WLS,47,1.8049560727943152,0.5706580978478509,2.585724084001413,3686,0.07566426127462642,0.00147502308600667,8.813133404467246e-08,5.530953785666806e-05,-6.000743113156935e-05,-0.00017093705272082707,0.00020272536922211226,0,55,1000.0,20260913
WLS,48,1.8048457187169538,0.5716334706007533,2.6278465840005083,3747,0.07401916044812636,0.0014756492798505322,9.059287048909848e-08,5.273285296253868e-05,-5.762122440189781e-05,-0.0001635877283107884,0.00019784870439339976,0,57,1000.0,20260913
WLS,49,1.8047400839383945,0.5725741894681529,2.6697246670009918,3808,0.07221739707356632,0.0014758999711543517,8.257935041736814e-08,5.0332288043180364e-05,-5.530249051877191e-05,-0.00015513284344476357,0.00019320974510314283,0,57,1000.0,20260913
WLS,50,1.804641149353163,0.573435755705965,2.7105162920015573,3867,0.06951232633572291,0.0014773679721727707,8.214040528130603e-08,4.65456864499995e-05,-5.238889877606458e-05,-0.0001426635903988435,0.00018569609664527425,0,56,1000.0,20260913
WLS,51,1.8045484319665155,0.5742570192497778,2.75060725000003,3925,0.0672696511453134,0.0014785056203883362,9.137625716346422e-08,4.406792014061898e-05,-4.8649466506131543e-05,-0.0001335429116129855,0.00018058403203135944,0,54,1000.0,20260913
WLS,52,1.8044600793463688,0.5750533801243003,2.790370917002292,3981,0.06553334991158549,0.0014787145744231632,9.195083638620924e-08,4.198858599488976e-05,-4.636403415592004e-05,-0.00012637837738498962,0.00017623548246220312,0,54,1000.0,20260913
WLS,53,1.8043759026975232,0.5758257474526145,2.8317908750032075,4041,0.06395474860423968,0.0014782153835805815,7.029908309713676e-08,4.008625778261448e-05,-4.4090391064249634e-05,-0.00012033384460605063,0.00017219101155815456,0,56,1000.0,20260913
WLS,54,1.8042951929379027,0.5765777826061167,2.8754109170004085,4105,0.06254340402166027,0.0014778533139352635,8.874013459567774e-08,3.8396475012909964e-05,-4.23132846094255e-05,-0.00011487410971034175,0.0001685181622873671,0,59,1000.0,20260913
WLS,55,1.8042177817722236,0.5773120799718864,2.9161175420013024,4164,0.06125569398452058,0.0014776379570544881,9.361641956990508e-08,3.6830802544272755e-05,-4.0580363136211776e-05,-0.00011020183659709727,0.0001650377763367044,0,55,1000.0,20260913
WLS,56,1.8041434945386974,0.57802909997947,2.956033209000452,4221,0.05998723167591682,0.0014775188382894684,7.344238024652327e-08,3.534507835082139e-05,-3.894215517615637e-05,-0.00010563616468080132,0.000161660932940612,0,55,1000.0,20260913
WLS,57,1.8040725707382037,0.5787227608223819,2.9978226670027652,4282,0.05845670079195301,0.001478677993745409,7.922796945136687e-08,3.341480812199785e-05,-3.750899236838859e-05,-9.993549288032412e-05,0.00015708272951339973,0,57,1000.0,20260913
WLS,58,1.8040052366666208,0.5793957246084038,3.035985000002256,4337,0.056926507222098445,0.0014785459007087916,9.461224646447238e-08,3.1769478384471834e-05,-3.556459320201765e-05,-9.469728964250058e-05,0.00015313497222753204,0,52,1000.0,20260913
WLS,59,1.8039411969741117,0.5800491916804276,3.0758262920026027,4395,0.055641031811163685,0.0014779374338356717,9.255508489143671e-08,3.0331012737637728e-05,-3.3708679768468385e-05,-9.075652854142514e-05,0.00014958993795692488,0,55,1000.0,20260913
WLS,60,1.803879955636206,0.5806835570564826,3.1145465840018005,4452,0.05447481592970655,0.0014775444177368639,8.778959207863476e-08,2.9056526822195115e-05,-3.218481108365896e-05,-8.713394062302194e-05,0.0001463938823337948,0,52,1000.0,20260913
WLS,61,1.803821345835237,0.5812953473306145,3.1520907920021273,4506,0.05338944324601742,0.0014774177477583559,9.494722504150903e-08,2.787522862042048e-05,-3.0734572347016055e-05,-8.391183153704068e-05,0.00014340787367761156,0,51,1000.0,20260913
WLS,62,1.8037649922493237,0.5818917983805113,3.1902755000010075,4561,0.05231981488992846,0.0014773104737630445,7.756193611128453e-08,2.6793508175701073e-05,-2.9560077739759513e-05,-8.051456559254769e-05,0.0001405780941255233,0,53,1000.0,20260913
WLS,63,1.8037107461637507,0.582473238565829,3.2282762920003734,4616,0.05129726805056666,0.0014772076943396475,7.569071407735823e-08,2.5786857018448443e-05,-2.845922855771896e-05,-7.73243998995557e-05,0.00013788092451445796,0,52,1000.0,20260913
WLS,64,1.8036584796273905,0.5830423312385338,3.2652482920020702,4670,0.05035287065522494,0.0014771816218898514,8.950049896743473e-08,2.486614489252535e-05,-2.7400391466720553e-05,-7.450404280083363e-05,0.0001353860570091321,0,49,1000.0,20260913
WLS,65,1.8036082834246232,0.5835957539387268,3.3054079590001493,4729,0.049224727616945,0.0014771242246950926,7.558281570438989e-08,2.3835622004961637e-05,-2.6360580764115427e-05,-7.095748768087159e-05,0.00013254282342879618,0,55,1000.0,20260913
WLS,66,1.8035604011512472,0.5841301855221024,3.3445093340014864,4786,0.04824445616372862,0.0014768997268582512,9.393709457083813e-08,2.274683408296027e-05,-2.5135439290364704e-05,-6.849410415065351e-05,0.00012942811936638977,0,54,1000.0,20260913
WLS,67,1.8035142518529543,0.5846534679989546,3.3812685840021004,4839,0.0472774385039974,0.0014767798829506673,8.185476244682368e-08,2.1862955724597527e-05,-2.428634256449596e-05,-6.560851128213257e-05,0.00012688127368534166,0,50,1000.0,20260913
WLS,68,1.803469951735021,0.5851620135457005,3.4191292920004344,4894,0.04627983548114689,0.0014768521364754172,6.758985934271267e-08,2.090928747732341e-05,-2.3390830461173317e-05,-6.279104067477425e-05,0.00012404517726342075,0,52,1000.0,20260913
WLS,69,1.80342759308499,0.5856587065272798,3.4576778340015153,4951,0.04536222713363971,0.0014768982040206954,6.986717214379467e-08,2.0044515336033554e-05,-2.231413469722903e-05,-6.052793249509133e-05,0.00012144421289878177,0,52,1000.0,20260913
WLS,70,1.8033868469100245,0.5861451792034611,3.494881417002034,5004,0.04447892751677182,0.0014768999994131187,9.216092618029946e-08,1.9257612093150988e-05,-2.1488562872339973e-05,-5.817257468670064e-05,0.00011900713992226737,0,50,1000.0,20260913
WLS,71,1.8033476325695452,0.5866211513647629,3.5341891670032055,5062,0.043613841391268546,0.001476854644817632,6.687142316504714e-08,1.8524068442305904e-05,-2.0690272035096482e-05,-5.589401756587095e-05,0.00011668991072509319,0,53,1000.0,20260913
WLS,72,1.8033098805133663,0.5870871904265103,3.570919709000009,5115,0.04278694712495006,0.001476807954537504,9.698632812574723e-08,1.7841007306287856e-05,-1.991104887348401e-05,-5.378408603471124e-05,0.00011449946271914703,0,50,1000.0,20260913
WLS,73,1.8032735552176924,0.5875421722426747,3.607102334000956,5167,0.042027479307907796,0.001476429950449827,9.93121988926478e-08,1.7155053181373104e-05,-1.9170242490837957e-05,-5.199015517495292e-05,0.00011222873950725401,0,49,1000.0,20260913
WLS,74,1.8032386600551127,0.5879869738799388,3.646534709001571,5225,0.041290562427848745,0.001476242686885031,7.387275886392955e-08,1.6511786240766166e-05,-1.8383376338884955e-05,-5.035036470069703e-05,0.00011003793374804025,0,54,1000.0,20260913
WLS,75,1.8032051340701756,0.5884190866462736,3.685422959002608,5282,0.040510209566741055,0.0014761767468771817,9.091768572594411e-08,1.585712082937227e-05,-1.766886411021378e-05,-4.852786901995336e-05,0.00010779634832465991,0,53,1000.0,20260913
WLS,76,1.8031729385271786,0.5888397133111288,3.7231026250010473,5336,0.03979386932787282,0.0014759871819153385,8.846527536563891e-08,1.525555731171865e-05,-1.693998568456434e-05,-4.6982058807253045e-05,0.00010568593915051128,0,52,1000.0,20260913
WLS,77,1.8031418934174597,0.5892506979365493,3.760995417000231,5391,0.03909441376181514,0.0014758383123165879,9.336978959891268e-08,1.4713310636948887e-05,-1.6331799078066686e-05,-4.53735496500366e-05,0.00010375626597394624,0,52,1000.0,20260913
WLS,78,1.803111898010059,0.5896518109762318,3.8006600000007893,5448,0.03842920655793481,0.0014755749354734742,7.901039237867039e-08,1.419674247479942e-05,-1.5798664929310915e-05,-4.384478843305839e-05,0.00010188517395650025,0,54,1000.0,20260913
WLS,79,1.8030829307087237,0.5900457611785845,3.840940459002013,5506,0.037768233684143594,0.0014754533365082688,5.709229268613356e-08,1.3718383961081057e-05,-1.5248917374040294e-05,-4.2354672445612005e-05,0.00010013091055782774,0,56,1000.0,20260913
WLS,80,1.8030549308229842,0.5904311344947972,3.8784604590000527,5560,0.03708028925984619,0.0014751149183728602,8.503539725985587e-08,1.3213896921184088e-05,-1.4785988817841323e-05,-4.0747506840155194e-05,9.826329642026208e-05,0,51,1000.0,20260913
WLS,81,1.8030278438648222,0.5908082533891376,3.9161054590003914,5614,0.03643136336445399,0.0014748513493410783,9.362246447220586e-08,1.2761681703007983e-05,-1.432527645700872e-05,-3.927525366764034e-05,9.656009973657391e-05,0,52,1000.0,20260913
WLS,82,1.8030016748192643,0.5911781479897287,3.951128000000608,5664,0.03582208697970963,0.0014747205836605076,8.57816334625775e-08,1.2342737879232582e-05,-1.3826307678769086e-05,-3.7992050221238516e-05,9.49548435701557e-05,0,47,1000.0,20260913
WLS,83,1.8029763481090182,0.5915409295362263,3.9863191670010565,5714,0.03523319265659476,0.0014745523276782702,8.469656642967963e-08,1.1934110844823747e-05,-1.3392599399998587e-05,-3.674218299270429e-05,9.337209888157284e-05,0,48,1000.0,20260913
WLS,84,1.8029519160858993,0.5918952858638463,4.023283042002731,5768,0.03464076762191023,0.0014744697925813787,9.922368980370853e-08,1.1532987117003655e-05,-1.2899036003113918e-05,-3.5567115952900364e-05,9.178384066749883e-05,0,49,1000.0,20260913
WLS,85,1.8029283853280296,0.5922405747319168,4.062402292001934,5825,0.03404124514833178,0.0014743548533106819,6.44125524061521e-08,1.1141681176242284e-05,-1.2389076700155471e-05,-3.440956069268033e-05,9.020699394522212e-05,0,54,1000.0,20260913
WLS,86,1.8029057190039282,0.5925782356891878,4.100725209002121,5881,0.03343704575342458,0.001474162946207741,7.561110584034097e-08,1.0769759626939313e-05,-1.1896564467927604e-05,-3.323547733441355e-05,8.869215366312648e-05,0,52,1000.0,20260913
WLS,87,1.8028838157577962,0.5929094351353758,4.137432000003173,5934,0.032875309566397115,0.0014740848869579729,9.394417550556698e-08,1.04219157753154e-05,-1.1481330360481405e-05,-3.2136052822384134e-05,8.725565394683908e-05,0,50,1000.0,20260913
WLS,88,1.8028627793697332,0.5932293697457387,4.172751042002346,5985,0.03229722457059112,0.0014737788611638165,9.743784176682772e-08,9.992166754341354e-06,-1.1044221305813466e-05,-3.111914768510378e-05,8.534140175613229e-05,0,47,1000.0,20260913
WLS,89,1.8028426674703328,0.5935393732481411,4.211449875001563,6042,0.03177376748545648,0.0014736210701964156,9.544771849851178e-08,9.617648124422136e-06,-1.049425126764743e-05,-3.0366715610671266e-05,8.366797201613102e-05,0,52,1000.0,20260913
WLS,90,1.802823299347252,0.5938424273989509,4.249220375000732,6097,0.031240586955194775,0.0014735813134418485,9.125157469100837e-08,9.291861351462435e-06,-1.0076261733786123e-05,-2.9430590584355882e-05,8.221444475013008e-05,0,51,1000.0,20260913
WLS,91,1.8028046027439308,0.5941393001513595,4.285601000003226,6150,0.03070659253611165,0.001473600024413081,8.98484051150681e-08,8.979460380344924e-06,-9.717142945271e-06,-2.844813793783937e-05,8.080896185458521e-05,0,49,1000.0,20260913
WLS,92,1.802786507253392,0.5944293297124608,4.320783500003017,6200,0.03018529378121198,0.001473462658556882,8.226943651136527e-08,8.683586403442158e-06,-9.411904131249271e-06,-2.7462107494020692e-05,7.946326442438086e-05,0,48,1000.0,20260913
WLS,93,1.802769036108702,0.5947125591551851,4.358637709003233,6255,0.029666421784678675,0.0014734346052958137,8.496651345444836e-08,8.396539472532083e-06,-9.074605219752281e-06,-2.6533684385460546e-05,7.814336714296394e-05,0,52,1000.0,20260913
WLS,94,1.8027521576613876,0.5949900669860115,4.3965700840017234,6310,0.029189957018378218,0.0014734359359884974,6.337951385617039e-08,8.129765089795022e-06,-8.748682222749035e-06,-2.5724232222277194e-05,7.689497929871016e-05,0,52,1000.0,20260913
WLS,95,1.8027357982951058,0.5952607280044546,4.433399500001542,6364,0.028759853922919246,0.0014733661282106292,9.894519848574323e-08,7.867168349250687e-06,-8.492197935935952e-06,-2.4997093601523157e-05,7.563191928087977e-05,0,49,1000.0,20260913
WLS,96,1.802719966518337,0.5955255798924322,4.467787834000774,6413,0.02833728364817617,0.001473404038015857,8.45386468699338e-08,7.621544887765869e-06,-8.210231880628769e-06,-2.4318305459188542e-05,7.44345148966512e-05,0,46,1000.0,20260913
WLS,97,1.8027047247826293,0.5957818865021044,4.504267709002306,6466,0.027877942867000304,0.0014736327694778823,7.934409226113688e-08,7.339550276605417e-06,-7.902185426524575e-06,-2.3617249217015007e-05,7.30510328209474e-05,0,49,1000.0,20260913
WLS,98,1.8026899891832688,0.5960317602516256,4.539057625002897,6516,0.027439000198047146,0.001473800633258018,9.803857366347738e-08,7.091130451213712e-06,-7.644468913598614e-06,-2.2909337232927944e-05,7.180129497437191e-05,0,46,1000.0,20260913
WLS,99,1.8026757169397258,0.5962769026242362,4.573989417000121,6566,0.026996657498087575,0.0014739251468470099,8.16341450471037e-08,6.862444159086798e-06,-7.409799383711012e-06,-2.2168732260451468e-05,7.063657061089255e-05,0,47,1000.0,20260913
WLS,100,1.8026618666603467,0.5965177069263522,4.610493375002989,6619,0.026564062054549354,0.0014739851523329023,8.477181022673171e-08,6.6462161460753875e-06,-7.20406323082482e-06,-2.143219026272906e-05,6.952149742413403e-05,0,49,1000.0,20260913
Poisson,0,6.296186673604399,0.41518400648035586,0.0,0,0.0,0.08608695302542932,0.0,0.0,0.0,0.0,0.0,0,0,1000.0,20260913
Poisson,1,3.489661789401762,0.3376089792133491,0.023189625000668457,24,2.980496055773888,0.044504526552483804,9.625783167692783e-08,0.5051509361870534,-2.3013739480155793,2.362357047278452,0.01816222458528826,0,22,1000.0,20260913
Poisson,2,2.698355223131806,0.29765643370174544,0.04581779200088931,48,1.8518089266198159,0.02674330679083782,4.560518765753252e-08,0.11662362111686869,-0.674682945153085,0.6198467512345142,0.008748395550114798,0,22,1000.0,20260913
Poisson,3,2.4058546302428634,0.27605703437125206,0.06893541699901107,73,1.3119928144290347,0.01804467695358551,3.681616732699802e-08,0.030662520225652856,-0.26183807266329445,0.20643433563327185,0.004513387905386719,0,21,1000.0,20260913
Poisson,4,2.2617919436818803,0.2648055585990473,0.09067333299753955,96,1.01819763800935,0.01334319128383272,3.86593459753351e-08,0.01010708761867529,-0.13395559894230208,0.09222636505859211,0.002623388059713521,0,21,1000.0,20260913
Poisson,5,2.174097684373186,0.25992308088483496,0.1123981669989007,120,0.833430406391124,0.01020874666442509,2.5849719704172658e-08,0.00456609762704262,-0.08312816168165406,0.05296394719383075,0.0017901693186764447,0,20,1000.0,20260913
Poisson,6,2.1139984748896223,0.25910335891472436,0.1326242920004006,141,0.7048955246953948,0.007986737288131264,8.17870095257741e-08,0.0027569310091605168,-0.057342278474401286,0.03525532444678371,0.0013972163193354075,0,19,1000.0,20260913
Poisson,7,2.0699662740859885,0.26087176327493167,0.15370633299971814,164,0.6092041552137936,0.0063643849470466345,5.528723527392166e-08,0.001986814505890345,-0.042045386297742855,0.0254757156671462,0.0011849676344490296,0,19,1000.0,20260913
Poisson,8,2.0362136544016005,0.26432947604889023,0.1735238750006829,185,0.534824527702122,0.005503692436693106,8.178229725803446e-08,0.0015474301474641607,-0.032205189536921475,0.01945075591279814,0.0010413189563613114,0,18,1000.0,20260913
Poisson,9,2.009866337883658,0.26867394571818565,0.19322524999734014,206,0.4730277564851309,0.0050090534092935785,5.54466870474838e-08,0.0012530977528303763,-0.025094218765111424,0.015159553597674605,0.0009345673821838409,0,17,1000.0,20260913
Poisson,10,1.98859131084216,0.2736529062890548,0.21188845799770206,225,0.4261175203309736,0.00455702564468398,9.743022514729222e-08,0.0010464993588328196,-0.020228527682669063,0.0121962199848472,0.0008505730001133696,0,17,1000.0,20260913
Poisson,11,1.971099053717751,0.27899636858912863,0.2312434999985271,245,0.3863548080064316,0.004175154809947378,5.311565055572242e-08,0.0008923276992205307,-0.01659992942518921,0.010028755240924607,0.0007829313699413676,0,18,1000.0,20260913
Poisson,12,1.9564528540153183,0.28451787702564163,0.24994325000079698,264,0.35379070565160486,0.0038603544431141355,7.559462743278456e-08,0.0007682599215531667,-0.013877939780879459,0.008387806532159724,0.0007234160559805744,0,17,1000.0,20260913
Poisson,13,1.9440326207783005,0.29004489381808096,0.2686519579983724,283,0.3257377621574305,0.0035976606600962337,8.499432867042044e-08,0.0006613234082634136,-0.011758909828755177,0.007114978752251259,0.0006694597897406666,0,17,1000.0,20260913
Poisson,14,1.933457927770122,0.29555504120954357,0.2873242499990738,302,0.3004965105653209,0.00334577953519591,9.484976821707214e-08,0.0005768303215518633,-0.009997862686628143,0.006059785365081781,0.000623793315949979,0,17,1000.0,20260913
Poisson,15,1.9242870847734639,0.3010432101968394,0.30670783299865434,322,0.2801217451174529,0.0031066349637553213,4.595073392255522e-08,0.0005161420149683188,-0.008654700981685273,0.0052474333922757944,0.0005896492677616544,0,18,1000.0,20260913
Poisson,16,1.9162593319043926,0.3064143976328283,0.3254308329997002,341,0.2617005854898494,0.0029190180181129324,8.633478328128269e-08,0.00045551234211377447,-0.007572240526958215,0.004603393046784815,0.0005533795060103626,0,17,1000.0,20260913
Poisson,17,1.9092462345723007,0.311600593992061,0.34334437500001513,359,0.24467044191451,0.002755982487708318,5.933625313835067e-08,0.0004040737942160263,-0.006609023537871384,0.0040199160747597966,0.0005199557596302591,0,16,1000.0,20260913
Poisson,18,1.9030524832204638,0.31662180501960957,0.3625802919996204,379,0.2302110155181629,0.00261873264674075,3.2678557825761997e-08,0.00036384464493998097,-0.005829906706906877,0.0035438957685416704,0.0004928040312258938,0,18,1000.0,20260913
Poisson,19,1.897516422529086,0.3214742668966639,0.38049633300033747,397,0.21744126322424706,0.0024990589530901578,7.955933958977892e-08,0.00032901073664132506,-0.005207049954736195,0.0031720255437500938,0.0004679436398083418,0,16,1000.0,20260913
Poisson,20,1.8925665125468,0.3261456806689936,0.398457999999664,415,0.2057414513576571,0.002385652782132163,6.031840382112732e-08,0.0002968088751623502,-0.004653101107122238,0.0028334327419480792,0.00044305085071489074,0,16,1000.0,20260913
Poisson,21,1.8880890772482777,0.3306851069446958,0.4162683329996071,433,0.19565779726657537,0.0022828123523160717,5.2745172710217964e-08,0.0002716098686747808,-0.0042058254298478715,0.002563336616961988,0.0004233437448090588,0,16,1000.0,20260913
Poisson,22,1.8840289170540814,0.3350693370200574,0.4335653329981142,451,0.1862577538735131,0.002188553730001604,9.76654684005547e-08,0.000249259591970612,-0.003810900602222529,0.0023255626502959956,0.0004050436825546989,0,14,1000.0,20260913
Poisson,23,1.8803284830727858,0.33929455774412404,0.4512950419994013,469,0.17783768350303925,0.0021029282151086063,9.649014815794379e-08,0.00022957380973913835,-0.003470860171556864,0.0021191218976092455,0.00038834786252742187,0,15,1000.0,20260913
Poisson,24,1.876934097964512,0.34338898043916594,0.46862345800036564,487,0.17035412477131398,0.002023928915401821,7.392507822399528e-08,0.00021066338532423287,-0.003183721722950546,0.0019433587169438134,0.0003722399895762433,0,14,1000.0,20260913
Poisson,25,1.8738387783472121,0.3473265220781599,0.4863000000004831,505,0.16267831491239718,0.0019479750194600072,5.125326728858733e-08,0.0001939606462471353,-0.0029013589710497572,0.0017721079101629543,0.00035763927191408265,0,15,1000.0,20260913
Poisson,26,1.8709740512310835,0.35114521116991476,0.5039323329983745,523,0.1565910246248105,0.0018803118704102948,7.529532985225008e-08,0.00018131036612455245,-0.0026834167500035047,0.0016386896664762176,0.0003459196890955714,0,15,1000.0,20260913
Poisson,27,1.8683075820264488,0.35486069913349827,0.5214797499975248,541,0.15106026640479733,0.0018205956613053988,6.108333601287982e-08,0.0001703374799715102,-0.0024961317246636632,0.0015255090003203412,0.0003353992513663231,0,15,1000.0,20260913
Poisson,28,1.8658192326237018,0.3584609235484931,0.5390987920000043,559,0.145819644119543,0.0017638324327774594,7.515302127510982e-08,0.00016004596753106692,-0.002328303435222523,0.0014251809721894946,0.0003252996370921067,0,15,1000.0,20260913
Poisson,29,1.8635007562802095,0.36194404404768465,0.5567137500001991,577,0.14069209122184048,0.0017087908250548473,4.742772230514631e-08,0.00014873786010857792,-0.002169738483378992,0.001328763116873514,0.00031341237791853056,0,15,1000.0,20260913
Poisson,30,1.861346428425999,0.3653057691670633,0.574309291998361,595,0.13582293027661743,0.0016582345553732085,5.2519466699289244e-08,0.000138029023445233,-0.002016298830762062,0.001231934434764092,0.0003015641480293654,0,15,1000.0,20260913
Poisson,31,1.8593187850645325,0.3685804361120346,0.5905287499990663,611,0.13184047503021218,0.001612711906105887,8.098896294719219e-08,0.0001306497791661136,-0.0018969935823001487,0.0011585478186569467,0.0002934273508712301,0,13,1000.0,20260913
Poisson,32,1.8574051264311524,0.37177035196494274,0.6066029169996909,627,0.12802502327585993,0.0015711065115384466,9.158073002225355e-08,0.0001238117734849536,-0.0017898468598930987,0.001094138304140887,0.0002856910527370072,0,13,1000.0,20260913
Poisson,33,1.8555923665020553,0.37488787008095964,0.623446249999688,644,0.1246592695636028,0.0015325367559733598,5.8515409338951926e-08,0.00011761534836974348,-0.0016951445807294283,0.0010357632546905801,0.0002785439230958315,0,14,1000.0,20260913
Poisson,34,1.8538711035540631,0.37793884029047914,0.6401369999985036,661,0.12152883051151717,0.0014952869886676583,6.848976279887932e-08,0.00011141499569119967,-0.0016098479523036205,0.0009828001157172772,0.00027114834141931597,0,14,1000.0,20260913
Poisson,35,1.8522454698765562,0.380899786583008,0.6563378329992702,677,0.11809531694738248,0.0014580222129678857,8.604525672676396e-08,0.00010469215699369508,-0.0015209415205110234,0.0009283084832617628,0.000262392085135466,0,13,1000.0,20260913
Poisson,36,1.8507060101424437,0.3837823847197485,0.673093624998728,694,0.11489814684282824,0.0014157290890526703,4.540547467212549e-08,9.921663371036102e-05,-0.001440243100405406,0.0008793805267167076,0.00025557201155842666,0,14,1000.0,20260913
Poisson,37,1.8492470610704637,0.3865850528180397,0.689813791999768,711,0.11192351203448785,0.0013711938698420633,5.5888348867528864e-08,9.437790344370423e-05,-0.001364571168530603,0.0008326054446733684,0.00024937900986729046,0,14,1000.0,20260913
Poisson,38,1.8478566000697796,0.38932435924970377,0.7066468329976487,728,0.10930579812402647,0.0013319655692010446,5.860514892657971e-08,9.004982872970889e-05,-0.0013004111719571445,0.000793073125507552,0.00024361172305555908,0,14,1000.0,20260913
Poisson,39,1.8465390570029776,0.39199147385540817,0.7227521249988058,744,0.1061571841575584,0.0012955562990740839,7.061146232788484e-08,8.545593221033067e-05,-0.0012320871345874024,0.0007540756793888966,0.0002373397046621708,0,13,1000.0,20260913
Poisson,40,1.8453013808681342,0.3945630070495389,0.7394644169980893,761,0.1029272448504116,0.001260148082276967,5.813903608748502e-08,8.038973788937786e-05,-0.0011572863969614362,0.0007079752482185504,0.0002300415614123826,0,14,1000.0,20260913
Poisson,41,1.8441378082445667,0.3970355065335835,0.7562519579987566,778,0.09990751718044218,0.0012270084485818537,8.58908794543374e-08,7.572423145671337e-05,-0.0010878483921023317,0.0006644970241094596,0.00022346374756187373,0,14,1000.0,20260913
Poisson,42,1.8430286024211209,0.39944798343361254,0.772231874998397,794,0.09752635497433827,0.0011958966115684618,5.621474145846208e-08,7.251800538920191e-05,-0.0010366878180628183,0.0006336363277168373,0.00021887989236014327,0,13,1000.0,20260913
Poisson,43,1.8419720392117496,0.4017991390386013,0.7883484169979056,810,0.09525628534618338,0.001166987439932938,3.5874452382258365e-08,6.922560838484432e-05,-0.0009873376009860609,0.0006028752144736329,0.0002141880393464745,0,13,1000.0,20260913
Poisson,44,1.840964404997787,0.40408516778038567,0.8043783329994767,826,0.0928811560419752,0.001140982202197707,5.905438243603467e-08,6.608875048327573e-05,-0.0009415454634785029,0.0005762887565779731,0.00020930784506005014,0,13,1000.0,20260913
Poisson,45,1.8400096890981463,0.40629229491228414,0.8204333749999932,842,0.09035893621838043,0.0011166375881295455,5.452127810475719e-08,6.303552437007045e-05,-0.0008916803752734706,0.000546479031914712,0.00020444016325000852,0,13,1000.0,20260913
Poisson,46,1.8391006809424617,0.4084371189020035,0.8357603330005077,857,0.08827306746219568,0.0010923589627168818,8.544636439627431e-08,6.006859426646906e-05,-0.0008489395614177901,0.0005194014337253532,0.00019948852818806587,0,12,1000.0,20260913
Poisson,47,1.8382281798746627,0.4105389553607753,0.8518894169974374,873,0.08652182220881781,0.0010694535495128323,7.242430288840606e-08,5.7663973161876644e-05,-0.0008148370946380976,0.0004981997818823002,0.00019541857913386062,0,13,1000.0,20260913
Poisson,48,1.8373880917986674,0.4126011681008997,0.8678695829985372,889,0.08492349398659463,0.0010478043160199704,2.5902025396817228e-08,5.5565991568547317e-05,-0.0007845220844257684,0.000479488084450779,0.0001918490314095724,0,13,1000.0,20260913
Poisson,49,1.8365795343955307,0.41462127486138045,0.8831697079986043,904,0.0832899454329386,0.0010248115632899056,9.125588690223974e-08,5.34113339404136e-05,-0.000755146069197952,0.0004616966526255837,0.0001881664412652796,0,12,1000.0,20260913
Poisson,50,1.8358039910187955,0.41658990920299355,0.8993564169977617,920,0.08162947110136452,0.0010011016174756293,9.818889552010218e-08,5.1059846593587226e-05,-0.0007244835301386248,0.00044237484912070744,0.0001838456101112134,0,13,1000.0,20260913
Poisson,51,1.8350569941711565,0.4185181538806549,0.91554512500079,936,0.08012296276081436,0.0009807763247525287,6.651532498903825e-08,4.906033834372798e-05,-0.0006979365093006243,0.000426012389560472,0.0001801684432490161,0,13,1000.0,20260913
Poisson,52,1.8343380438204002,0.4204064964748729,0.9316735419997713,952,0.07861114436738671,0.0009643719917857756,4.208419180815829e-08,4.7263643923379825e-05,-0.0006716867068297374,0.00040996474981880304,0.0001770008823954876,0,13,1000.0,20260913
Poisson,53,1.8336447356949688,0.42225791591481493,0.9477581249993818,968,0.07721207878033985,0.0009482759781919522,4.566911342211667e-08,4.552452844426462e-05,-0.0006477835969885974,0.0003952228699523762,0.00017381304623464175,0,13,1000.0,20260913
Poisson,54,1.8329752417844694,0.424075688125648,0.9631477919974714,983,0.07589224878757997,0.0009312853492982799,7.0847090015514e-08,4.396807977640555e-05,-0.0006255258307169952,0.0003815122391976224,0.0001709093584847436,0,12,1000.0,20260913
Poisson,55,1.8323296958774036,0.4258522316396648,0.9785230829984357,998,0.07452663162557327,0.000914574078971066,7.441646954974726e-08,4.2302245488565934e-05,-0.000603243661588857,0.0003678349659930861,0.00016767969095750105,0,12,1000.0,20260913
Poisson,56,1.8317055372908508,0.42759610514778706,0.9945599999991828,1014,0.07327958746327132,0.0008983846362542789,9.596992232827647e-08,4.0848969160397794e-05,-0.0005833096173892953,0.00035566368961337507,0.00016481238057907286,0,13,1000.0,20260913
Poisson,57,1.831106251077001,0.4292955738651751,1.0107573749992298,1030,0.07182328814101055,0.0008834097395591212,4.3124792149622226e-08,3.919382486726908e-05,-0.0005600923889819376,0.0003413569778804166,0.00016130840166424414,0,13,1000.0,20260913
Poisson,58,1.8305255480525282,0.4309670924869785,1.0267427500002668,1046,0.07073501239832394,0.0008690087690900728,6.182664667351515e-08,3.802763585888787e-05,-0.0005426753886145825,0.0003305309255233318,0.00015893504349990398,0,13,1000.0,20260913
Poisson,59,1.8299618634505146,0.4326127920969586,1.0421165829975507,1061,0.0697012887458667,0.0008548417619174661,7.964694922822964e-08,3.6877976353804364e-05,-0.0005268066256607447,0.0003207711193718802,0.00015660290465597295,0,12,1000.0,20260913
Poisson,60,1.8294141224939309,0.4342336269526672,1.0574740419979207,1076,0.06871538322976718,0.0008410121116516538,8.825209337665378e-08,3.581635714084115e-05,-0.000511924599444754,0.0003116507619630314,0.00015440928263028446,0,12,1000.0,20260913
Poisson,61,1.8288826847827928,0.4358251824842609,1.0728270420004264,1091,0.06767824917675253,0.0008273993908412852,7.374647653847775e-08,3.4724138359945186e-05,-0.0004967135727708157,0.00030242044055653057,0.0001521096438307441,0,12,1000.0,20260913
Poisson,62,1.8283667522383813,0.43739049730167046,1.0881047919974662,1106,0.06670170734728434,0.0008139815854705036,7.487479024916336e-08,3.369568335920767e-05,-0.0004822368610533323,0.0002934766562593743,0.00014996493385103496,0,12,1000.0,20260913
Poisson,63,1.8278656347256128,0.4389301059365048,1.1035422919994744,1121,0.06573045937400947,0.0008007903623315751,8.065368096321244e-08,3.274673617089296e-05,-0.00046837077660191295,0.00028509284829257423,0.00014791908800011177,0,12,1000.0,20260913
Poisson,64,1.8273807979924908,0.44044045506806545,1.1195138330003829,1137,0.064614238349924,0.000788260243082323,6.369921375985158e-08,3.1682463463721556e-05,-0.00045315426965986447,0.0002760867432450121,0.0001456259030301275,0,13,1000.0,20260913
Poisson,65,1.826910242119768,0.4419259563546625,1.134849750000285,1152,0.06368812622533045,0.0007757398784104029,6.268001579309249e-08,3.081233625086695e-05,-0.0004397435364702541,0.00026774700161802986,0.0001436381903034855,0,12,1000.0,20260913
Poisson,66,1.8264540890207297,0.4433830770274913,1.150824416999967,1168,0.06268973010418319,0.0007633643412740105,4.7135281583944e-08,2.9823629565318838e-05,-0.00042632946947701535,0.00025965298601158117,0.00014147738763706208,0,13,1000.0,20260913
Poisson,67,1.8260103603783573,0.44481755133371964,1.1654661249995115,1182,0.06187835842221203,0.0007513610496664732,8.002722610282763e-08,2.9034134500841417e-05,-0.00041469450787146104,0.00025228208032102267,0.0001397097755243025,0,11,1000.0,20260913
Poisson,68,1.8255778192865795,0.4462324440177162,1.1809048329996585,1197,0.06110015908909637,0.000740051247300682,5.4319045862730164e-08,2.8265814747999594e-05,-0.0004042752770277252,0.0002458796197421718,0.00013791663904382944,0,12,1000.0,20260913
Poisson,69,1.8251560774092825,0.44762747696751104,1.1961753750001662,1212,0.06033535124104726,0.000729136644522933,7.987690833440898e-08,2.7539575935675766e-05,-0.0003942023013596724,0.00023972414682790563,0.00013617054244794552,0,12,1000.0,20260913
Poisson,70,1.8247447360101336,0.4490022121441427,1.210900792000757,1226,0.05959775237686456,0.0007184364164146911,9.960850189230696e-08,2.68427236184858e-05,-0.00038449867553199107,0.00023374679473018686,0.00013452116311850007,0,11,1000.0,20260913
Poisson,71,1.8243430618386665,0.45035864015120997,1.226389207997272,1241,0.058899278449694996,0.0007079478293404194,7.213961506288705e-08,2.6218242403222415e-05,-0.0003754559290638656,0.00022821792137245702,0.00013301858197771327,0,12,1000.0,20260913
Poisson,72,1.8239505469091095,0.451697756726612,1.2418471249984577,1256,0.058231082936266464,0.0006977395390482036,6.288527725230287e-08,2.558817374897005e-05,-0.00036692675580915013,0.00022297197856042473,0.0001314645197269673,0,12,1000.0,20260913
Poisson,73,1.823568148235775,0.4530177268191439,1.2571832499997981,1271,0.05746149097550215,0.0006881390862598785,8.246116177713122e-08,2.497141945065371e-05,-0.0003574272538833688,0.00021730752607806403,0.00012997256317311172,0,12,1000.0,20260913
Poisson,74,1.8231945737651059,0.454321472891921,1.2720139579978422,1285,0.05679283131490098,0.0006788381016398589,9.690712729353587e-08,2.440046341092661e-05,-0.00034917400725992427,0.00021230318623107356,0.00012854630262051117,0,11,1000.0,20260913
Poisson,75,1.822829977441294,0.4556071202158968,1.2873602500003472,1300,0.05611272242380822,0.0006694671663363061,5.697664229889444e-08,2.3841713259017052e-05,-0.00034075461055245747,0.00020716444292134904,0.00012709945856366153,0,12,1000.0,20260913
Poisson,76,1.8224745969038156,0.45687209220363406,1.3026739999986603,1315,0.05538224270832764,0.0006597873646928756,6.203864091148875e-08,2.326740386104549e-05,-0.0003321131336147408,0.00020202089710809484,0.00012561484329031848,0,12,1000.0,20260913
Poisson,77,1.822127495921263,0.45812065034698746,1.318371749999642,1331,0.0547548729594786,0.0006502785853405703,5.3131568705065696e-08,2.273219077348066e-05,-0.00032436879177764357,0.0001971961769122074,0.0001241876960375346,0,12,1000.0,20260913
Poisson,78,1.8217879322148043,0.45935529510277273,1.3344834579984308,1347,0.054141656235297514,0.0006409657119476056,3.690806906872144e-08,2.223707262002686e-05,-0.0003173266338431354,0.00019299775946365552,0.0001228899300774095,0,13,1000.0,20260913
Poisson,79,1.8214564621076497,0.46057427989342525,1.3498000420004246,1362,0.053504600851970535,0.0006325030710201033,8.637974675999665e-08,2.1718131307715265e-05,-0.0003097519758508369,0.00018833299153818458,0.00012154364807816299,0,12,1000.0,20260913
Poisson,80,1.821131993130885,0.46177869722928955,1.365212958000484,1377,0.05293216642210706,0.0006243176891604841,5.81031370052755e-08,2.1248387755257536e-05,-0.0003032205890003024,0.00018437826465786492,0.00012024453245050098,0,12,1000.0,20260913
Poisson,81,1.8208153613297764,0.4629654309489785,1.3799713749976945,1391,0.05227547933731187,0.0006161347862212103,7.360757238076372e-08,2.0746720856142923e-05,-0.00029588508025687137,0.00017999551411123849,0.00011882803563230973,0,11,1000.0,20260913
Poisson,82,1.8205054228970794,0.46413861746604806,1.3954204580004443,1406,0.05174005205584431,0.0006080672914107743,8.847359115856171e-08,2.0342772501123826e-05,-0.0002895956601932156,0.000176086783359925,0.000117707871355618,0,12,1000.0,20260913
Poisson,83,1.8202022303331573,0.4652956375559244,1.4106623330008006,1421,0.05115417847140291,0.0005999180151592298,7.504756681823646e-08,1.987681668196666e-05,-0.00028331574724579185,0.00017235506516787632,0.00011641356335062971,0,12,1000.0,20260913
Poisson,84,1.8199066631753478,0.46643301334938464,1.425977041999431,1436,0.050519588988740295,0.0005913157302944538,7.600099170791338e-08,1.9358198964699754e-05,-0.0002762089588441343,0.00016795571422997729,0.00011488919377985652,0,12,1000.0,20260913
Poisson,85,1.8196179534613333,0.4675547565252926,1.4412557920004474,1451,0.04991638491082102,0.0005831070390904105,6.303740121207387e-08,1.893453851496349e-05,-0.0002697751755012618,0.00016412743988625028,0.00011370113470412993,0,12,1000.0,20260913
Poisson,86,1.819335210347398,0.468663499473094,1.4565571249986533,1466,0.049417017978487854,0.000575244975595057,5.549641447774654e-08,1.857657667275066e-05,-0.0002641665372643296,0.00016064103064085923,0.00011266693212422838,0,12,1000.0,20260913
Poisson,87,1.8190585340907797,0.4697586244925124,1.4725514579986339,1482,0.048859895348388686,0.0005678772760813222,3.3867566285298574e-08,1.8191727021538985e-05,-0.0002584845295976279,0.0001573117879456497,0.00011158887994699959,0,13,1000.0,20260913
Poisson,88,1.818787640254941,0.4708414922811611,1.4879762919990753,1497,0.04836049787673339,0.0005605663540464747,7.313703296755797e-08,1.7838496576786707e-05,-0.0002530553392607277,0.0001539569480943936,0.00011057653737650478,0,12,1000.0,20260913
Poisson,89,1.8185227695456716,0.47190932986106837,1.5038013749981474,1513,0.047792126228624235,0.0005529972237565632,3.284560988088005e-08,1.7396882574168e-05,-0.00024747382669440386,0.00015066634279675597,0.000109236822782505,0,12,1000.0,20260913
Poisson,90,1.8182650715534325,0.4729603507347246,1.519829207998555,1529,0.04716811788665891,0.0005447657752268841,3.596287026188432e-08,1.697611931700984e-05,-0.00024072187291889483,0.00014645642499058227,0.00010801337039799652,0,13,1000.0,20260913
Poisson,91,1.8180134574879994,0.4739954321840695,1.5351139999984298,1544,0.04655012829164846,0.000537196853752219,4.3870591262477996e-08,1.6608373667680088e-05,-0.00023500569176909892,0.00014326834323472346,0.00010695231841932274,0,12,1000.0,20260913
Poisson,92,1.8177675478424242,0.47501541282463666,1.5503849999986414,1559,0.04605614427700897,0.0005301061460343728,2.948416636697432e-08,1.6297939635428215e-05,-0.00022961170593195713,0.0001398512242919042,0.00010602478059362121,0,12,1000.0,20260913
Poisson,93,1.8175272826433693,0.47602100759637245,1.5656904579991533,1574,0.04550671617692829,0.0005230034658310025,7.41948039332651e-08,1.589642370092019e-05,-0.0002243687753603134,0.00013672213819458114,0.00010482044688861408,0,12,1000.0,20260913
Poisson,94,1.8172924615383546,0.47701267077647447,1.580960249997588,1589,0.04500608428309116,0.0005161495561071524,5.971443574161249e-08,1.5539419401311126e-05,-0.00021928168561544063,0.00013354372388988002,0.0001036210753979223,0,12,1000.0,20260913
Poisson,95,1.8170625928976682,0.47799162457246397,1.597004499999457,1605,0.04452691470037797,0.0005091695762340192,3.925892350665949e-08,1.5222683663634245e-05,-0.00021464595701996798,0.00013073633404956696,0.00010258244367975017,0,13,1000.0,20260913
Poisson,96,1.8168371042160785,0.4789605561738427,1.6122706669993931,1620,0.044107337057884576,0.0005024740537282535,7.995858179539917e-08,1.4952413651974639e-05,-0.0002105362679366783,0.00012821582247288861,0.00010171237605684817,0,12,1000.0,20260913
Poisson,97,1.8166170322442183,0.47991507026036884,1.627589125000668,1635,0.04353137822208026,0.0004964640016249428,7.902993808290714e-08,1.4673508736457561e-05,-0.00020539846312423316,0.0001253229273644461,0.00010083630224563767,0,12,1000.0,20260913
Poisson,98,1.816401174797248,0.48085884714959637,1.6428486250006245,1650,0.04313215270390277,0.0004906081664214974,6.942448609400945e-08,1.4427858106694682e-05,-0.00020142958886534387,0.00012283831712675176,0.00010002787349119812,0,12,1000.0,20260913
Poisson,99,1.8161895009897902,0.4817891550329765,1.6580919999978505,1665,0.04268165166035965,0.00048541667305919005,7.596402969549669e-08,1.4155483437952343e-05,-0.00019751832402249873,0.00012058763803497654,9.918148837559035e-05,0,12,1000.0,20260913
Poisson,100,1.8159823037919058,0.48270201498185644,1.6733780829999887,1680,0.04224970648208604,0.00048098366223698426,5.4649609578324597e-08,1.3879979931849634e-05,-0.00019331721795009212,0.00011794531299319118,9.831523288240212e-05,0,12,1000.0,20260913
SIRT,0,6.380972362881651,0.4186910273463164,0.0,0,0.0,0.0831159251554834,0.0,0.0,0.0,0.0,0.0,0,0,1000.0,20260914
SIRT,1,4.356727383808208,0.39225514690359586,0.002031292002357077,1,1.7873091201138944,0.05118249523630155,nan,0.4011448988580018,-1.6231000802154385,1.864521284531328,0.01696435864803445,0,1,1000.0,20260914
SIRT,2,3.735210235308985,0.3799856209004405,0.0034729580002021976,2,0.9834971348114881,0.040243389612780546,nan,0.09094545918022037,-0.5305716893190036,0.5731538177901022,0.007947185439208236,0,1,1000.0,20260914
SIRT,3,3.474902652377501,0.3725448034550444,0.004939792001096066,3,0.6047517566793443,0.03474581822120024,nan,0.027447467207948467,-0.2328601157235309,0.2420213485711464,0.004349701595999672,0,1,1000.0,20260914
SIRT,4,3.3364473706746036,0.367019650500432,0.006396791999577545,4,0.4174862152280992,0.03162508697758202,nan,0.009914311263466454,-0.1285409704394318,0.1297405447076233,0.0026267829388223257,0,1,1000.0,20260914
SIRT,5,3.2449499937334303,0.362388359337252,0.0078037080020294525,5,0.32440918209976516,0.03180532929907397,nan,0.004128047699103705,-0.08736932924207062,0.0862353110696414,0.0017116819476844538,0,1,1000.0,20260914
SIRT,6,3.1748382946960336,0.35829112792346646,0.009211708002112573,6,0.2767530735878828,0.02700373005441212,nan,0.002098635662918813,-0.06801306337448239,0.06628208585037966,0.0012282025106357143,0,1,1000.0,20260914
SIRT,7,3.116057452101223,0.3545668576571028,0.01060762500128476,7,0.2488302763451224,0.025538110733223433,nan,0.00126542897156034,-0.05751541362324576,0.055685017273510926,0.0009554058103241981,0,1,1000.0,20260914
SIRT,8,3.0643502430016873,0.35114431166288507,0.012026042000798043,8,0.22989514112627493,0.024319283243237014,nan,0.0008687332543400431,-0.050838475845195685,0.04906462030386236,0.0007907079469459156,0,1,1000.0,20260914
SIRT,9,3.017670392230101,0.34797260745621766,0.013415917001111666,9,0.21565384583071523,0.023458706750925082,nan,0.0006522640706028435,-0.04602758670098686,0.044354521710507314,0.0006838848337001526,0,1,1000.0,20260914
SIRT,10,2.9752576463042533,0.3450181900368679,0.014799458000197774,10,0.20351284320612983,0.023741862984283914,nan,0.0005112744424654575,-0.0419014714833819,0.04034187205835573,0.0006044440705469405,0,1,1000.0,20260914
SIRT,11,2.936544490951201,0.3422528435017625,0.01619429200218292,11,0.19291136532894826,0.024240565021961168,nan,0.0004065486400814221,-0.03830660671297208,0.036852415609398254,0.0005349818827870218,0,1,1000.0,20260914
SIRT,12,2.900982376797698,0.3396538924360572,0.01758324999900651,12,0.18378650468969773,0.024630865545191713,nan,0.00033446835345267266,-0.035227645800051104,0.03387324018820037,0.0004827227046938313,0,1,1000.0,20260914
SIRT,13,2.867588292253291,0.3372075884756926,0.018976916999235982,13,0.17648721757065453,0.02491742996101942,nan,0.00028078914868014576,-0.033113295395727674,0.03183669764611538,0.0004418158920150455,0,1,1000.0,20260914
SIRT,14,2.836054861289319,0.334905953820291,0.020387332999234786,14,0.17016920190398677,0.025132256060120314,nan,0.0002386686678364343,-0.03129476229612609,0.030085553100140106,0.00040781829881150305,0,1,1000.0,20260914
SIRT,15,2.806331506991971,0.3327412002197016,0.021784083000966348,15,0.164415633943122,0.025322581780386596,nan,0.0002071029725330412,-0.02951625132481914,0.02837172926310169,0.00038027886317590137,0,1,1000.0,20260914
SIRT,16,2.7782941951501714,0.33070584615972953,0.02317179199962993,16,0.15918601568666382,0.02546964841544878,nan,0.00018257598012378883,-0.027854735861677762,0.026770302462290067,0.00035799094610566054,0,1,1000.0,20260914
SIRT,17,2.7517307386366183,0.32878892560672773,0.024608542000351008,17,0.15430498257166744,0.0255766343928983,nan,0.00016329936223854474,-0.02640015715132323,0.025372955131230945,0.0003388995094184569,0,1,1000.0,20260914
SIRT,18,2.72671433157127,0.3269818999886837,0.02599512500091805,18,0.14962601334298933,0.025659432102440174,nan,0.00014637254544540252,-0.024870034519899428,0.023897009871902648,0.000320251460129846,0,1,1000.0,20260914
SIRT,19,2.7029845269113237,0.3252861688005373,0.027379375002055895,19,0.14555980225709972,0.025717425972615574,nan,0.00013264170609300364,-0.02359716295384986,0.02267042185828982,0.0003053081865713265,0,1,1000.0,20260914
SIRT,20,2.680470409569711,0.3236968079028434,0.028780332999303937,20,0.14166042673972432,0.025757637553951832,nan,0.00012001887208843824,-0.02239409846952987,0.02151073351640853,0.00029009010248155943,0,1,1000.0,20260914
SIRT,21,2.6589396270704757,0.32220910620671966,0.030170792000717483,21,0.1380580656829436,0.02577959568234969,nan,0.0001108403900322161,-0.02141994210920212,0.02057778102422966,0.0002788058073774687,0,1,1000.0,20260914
SIRT,22,2.638395315788657,0.3208185548211407,0.03156591700098943,22,0.13447114437608726,0.02579034849427365,nan,0.00010287961106926838,-0.020441431670748036,0.019640186848327936,0.0002687508029734263,0,1,1000.0,20260914
SIRT,23,2.6187575224988886,0.3195169225690763,0.03297262500200304,23,0.1312899175179868,0.025794297672286665,nan,9.597154289426448e-05,-0.019541821746872048,0.01877594116767446,0.00025954146797115896,0,1,1000.0,20260914
SIRT,24,2.599973015710748,0.31830024573424726,0.03435525000168127,24,0.12826144203606138,0.025789635596096063,nan,8.989756497242488e-05,-0.01869460922317048,0.01796195691248198,0.00025118938165853114,0,1,1000.0,20260914
SIRT,25,2.5820118359152486,0.31716664296432473,0.03574220800146577,25,0.125423906533127,0.025777857205047834,nan,8.444369029909171e-05,-0.01787673610520281,0.017174621978997964,0.00024345920044480216,0,1,1000.0,20260914
SIRT,26,2.5647777516557806,0.31611416268456033,0.03713458299898775,26,0.12275697950676216,0.025758393310451006,nan,7.971076659251537e-05,-0.01715437349286804,0.01648062045858686,0.000236584540224053,0,1,1000.0,20260914
SIRT,27,2.548192878355617,0.31513944726787463,0.038521999998920364,27,0.12008248307448728,0.025732080537697325,nan,7.556339840222268e-05,-0.016509309901764347,0.015863883163096944,0.00023037090851873155,0,1,1000.0,20260914
SIRT,28,2.5322477848490372,0.3142310918755075,0.039903791999677196,28,0.11744978573476374,0.02570103606720303,nan,7.162839321228128e-05,-0.015873465113369224,0.015255370898122593,0.00022436104226979434,0,1,1000.0,20260914
SIRT,29,2.516944519704561,0.3133874210293073,0.04129129200009629,29,0.11495130632894655,0.02567068886293237,nan,6.801098230385843e-05,-0.015235254162172383,0.014642575003139875,0.0002186500183696717,0,1,1000.0,20260914
SIRT,30,2.502219995492101,0.31260542064933927,0.0427907920020516,30,0.11264542883629954,0.025643780465827277,nan,6.48693943049472e-05,-0.014659654818155985,0.014090074580574152,0.0002137002257308239,0,1,1000.0,20260914
SIRT,31,2.4880455405703708,0.31188408726424344,0.0442155000018829,31,0.11047077191103397,0.02562305876774718,nan,6.156237631362935e-05,-0.014112892545416792,0.01356426534939921,0.000207895844580151,0,1,1000.0,20260914
SIRT,32,2.474412777640644,0.3112206475988613,0.045666333000554005,32,0.10829927208073613,0.02559956855443764,nan,5.8535503545771535e-05,-0.013574227426177515,0.01304632631306595,0.0002025973445232109,0,1,1000.0,20260914
SIRT,33,2.4612988249057044,0.31061141761402294,0.047058292002475355,33,0.10598390578241235,0.025571616908826207,nan,5.5619047407484646e-05,-0.013058333687528564,0.012552323320694775,0.0001976149664580722,0,1,1000.0,20260914
SIRT,34,2.448717292992584,0.3100457667898385,0.04846912500215694,34,0.10380945050913525,0.025543318868242244,nan,5.3033696762342625e-05,-0.012528498216365385,0.012042711812370184,0.0001932429553396256,0,1,1000.0,20260914
SIRT,35,2.436631175279853,0.30952384849924897,0.049859333001222694,35,0.10171563931407024,0.02551855875336416,nan,5.0496087437336145e-05,-0.012035621625297532,0.011568814148677213,0.0001881143089573116,0,1,1000.0,20260914
SIRT,36,2.424949061035594,0.3090534218904375,0.05125216699889279,36,0.1000036967486803,0.025492927388346524,nan,4.8490200563335035e-05,-0.011633624043692442,0.011182077276088812,0.00018409483312098002,0,1,1000.0,20260914
SIRT,37,2.413674955235536,0.3086271301461202,0.052646832999016624,37,0.09811012836691844,0.02546531016064469,nan,4.630056936677196e-05,-0.011227805230692089,0.010792825935649616,0.0001797237963576021,0,1,1000.0,20260914
SIRT,38,2.402786065263648,0.3082387752247342,0.05403929200110724,38,0.09631552407314131,0.025434397597301973,nan,4.462038956167751e-05,-0.010844269582322518,0.010425055963013557,0.000176313337617318,0,1,1000.0,20260914
SIRT,39,2.3922309655135026,0.30789419763180276,0.05542004200106021,39,0.09469272563529171,0.025402617703892794,nan,4.3050856615074226e-05,-0.010512048893533644,0.010106764135733538,0.00017310141529598664,0,1,1000.0,20260914
SIRT,40,2.3820030237255168,0.3075911254448614,0.056807417000527494,40,0.09317652699080446,0.025371860093454345,nan,4.155934038495411e-05,-0.010186382447594915,0.0097938485288824,0.00017005807375119575,0,1,1000.0,20260914
SIRT,41,2.3721030423335137,0.30732352016466086,0.05819133300246904,41,0.09156912398909108,0.02533961418150983,nan,4.0002978016575055e-05,-0.00985997841399379,0.009480736168596623,0.0001668880006345084,0,1,1000.0,20260914
SIRT,42,2.3625392761370314,0.30708676345005803,0.05957295800180873,42,0.09005815963371255,0.025306047332974035,nan,3.839749759716156e-05,-0.009525368698888785,0.009158242590651686,0.00016360919570789731,0,1,1000.0,20260914
SIRT,43,2.353253417515992,0.3068849300937262,0.06097099999897182,43,0.08857233003197751,0.025270670070625743,nan,3.725895367742434e-05,-0.009248599667354012,0.00889360573867469,0.00016116111514326105,0,1,1000.0,20260914
SIRT,44,2.3442650289554603,0.3067071862943217,0.062363332999666454,44,0.08696689918640017,0.0252344718703382,nan,3.6334496297127847e-05,-0.00895205406423306,0.00861022648282687,0.00015921578246274535,0,1,1000.0,20260914
SIRT,45,2.3355695034649986,0.30655922223669213,0.06376483300118707,45,0.08554207711689943,0.02520168683661442,nan,3.510515609959611e-05,-0.008660420334366762,0.00832965314258803,0.00015633671222039643,0,1,1000.0,20260914
SIRT,46,2.3272337233794516,0.30643836135621283,0.06517816700215917,46,0.08394042367979278,0.025176990518098807,nan,3.41711785724085e-05,-0.008301608906973634,0.007983480349169873,0.00015417051830956757,0,1,1000.0,20260914
SIRT,47,2.319109643409718,0.3063504194691479,0.0665607920018374,47,0.08271099331893685,0.025149523314334038,nan,3.349180096749356e-05,-0.008090588168770403,0.007782024548943261,0.0001526259916298598,0,1,1000.0,20260914
SIRT,48,2.3112271712441936,0.30629304262499,0.06794712500050082,48,0.08147988783365782,0.02512223970316924,nan,3.254341064654446e-05,-0.007849928754876098,0.007550523559455128,0.00015016210981287693,0,1,1000.0,20260914
SIRT,49,2.303597174460433,0.30626164063576505,0.0693347080014064,49,0.08029878635183987,0.02509651980602331,nan,3.143851934933023e-05,-0.007598558264409656,0.007307602029281607,0.000147408362212686,0,1,1000.0,20260914
SIRT,50,2.2961793536167887,0.30625036181368126,0.07072095799958333,50,0.07899005513400395,0.025068204011897927,nan,3.0573242661600036e-05,-0.007387247600983873,0.0071058494031407465,0.0001454263004750068,0,1,1000.0,20260914
SIRT,51,2.2890179787268097,0.30626078490934794,0.07211850000021514,51,0.07762027763684058,0.025040870706671978,nan,2.9677022284327643e-05,-0.007131697867693877,0.006860129514958022,0.00014310998766932148,0,1,1000.0,20260914
SIRT,52,2.2820273799865602,0.3062977512925015,0.07350016700002016,52,0.07659459127847906,0.02501223854564428,nan,2.8921355990054404e-05,-0.006961677384257595,0.006697262169593569,0.00014116945592385945,0,1,1000.0,20260914
SIRT,53,2.2752250187935985,0.3063567946068671,0.07488787500187755,53,0.07548793575839007,0.024983021016481633,nan,2.818068709173604e-05,-0.006774180505866568,0.006517439770708596,0.0001394036894744587,0,1,1000.0,20260914
SIRT,54,2.268625254287611,0.3064369720847513,0.07628100000147242,54,0.07434293542461204,0.02495371524307859,nan,2.739732973109273e-05,-0.006572367176259006,0.006323420903610025,0.00013751508064010332,0,1,1000.0,20260914
SIRT,55,2.262200873176724,0.3065419019060278,0.07766854200235684,55,0.0733181239259436,0.024923950307406326,nan,2.6672149088847934e-05,-0.006397708961796238,0.006155603746086277,0.0001357393312215437,0,1,1000.0,20260914
SIRT,56,2.2559788194988113,0.30666709314793705,0.07906854199973168,56,0.07217548076237362,0.024896549087454572,nan,2.576557841531569e-05,-0.006196288099501526,0.00596158867674852,0.00013348918148725194,0,1,1000.0,20260914
SIRT,57,2.2499683008217697,0.30680770618368086,0.08045462500012945,57,0.0709541155394266,0.024871397000826613,nan,2.4999509697328196e-05,-0.005985519167332838,0.005758794351442495,0.0001317108487092332,0,1,1000.0,20260914
SIRT,58,2.2441099423678224,0.3069659369647065,0.08185724999930244,58,0.06997100412387405,0.024844586404007746,nan,2.4424834701444453e-05,-0.005833933619254709,0.005613561383042172,0.00013015310798932014,0,1,1000.0,20260914
SIRT,59,2.2384050290377684,0.30713819656192215,0.08323775000098976,59,0.06893057891448562,0.024816643861851048,nan,2.370345566950606e-05,-0.0056812098743831765,0.005467342094579656,0.0001283127207408969,0,1,1000.0,20260914
SIRT,60,2.2328673077337644,0.30732270861750377,0.08462070799942012,60,0.06786939525090259,0.02478924876039232,nan,2.3002255982185706e-05,-0.005514719048024085,0.005307408563417822,0.00012634351780135936,0,1,1000.0,20260914
SIRT,61,2.227493068623698,0.3075199768005279,0.08600133300205925,61,0.06689634151763567,0.02476133693200833,nan,2.236393433427003e-05,-0.0053518751757322324,0.005150483084644418,0.0001244824438333149,0,1,1000.0,20260914
SIRT,62,2.222316336406446,0.3077316142254287,0.0873795000006794,62,0.06572762016310868,0.024738640958274914,nan,2.1830765160625808e-05,-0.005154901452088719,0.004960726214636495,0.00012280066332391257,0,1,1000.0,20260914
SIRT,63,2.2172818860770462,0.30795434776377867,0.08876579199932166,63,0.06481679566557091,0.02471550042968035,nan,2.159202435930786e-05,-0.0050128583050440675,0.004824389479382135,0.00012229403631906907,0,1,1000.0,20260914
SIRT,64,2.212348334910369,0.3081924638755889,0.09015625000029104,64,0.06406601558040688,0.02469098283014059,nan,2.1169951913375073e-05,-0.004912381214762308,0.004728328449059595,0.00012110876033689622,0,1,1000.0,20260914
SIRT,65,2.207530153287267,0.30844529059120357,0.09155929199914681,65,0.06331196547927002,0.02466750781341236,nan,2.0712333361851366e-05,-0.004797469289739535,0.004617761374459689,0.00011979265278469584,0,1,1000.0,20260914
SIRT,66,2.2028254997225485,0.30871350503756806,0.09295108299920685,66,0.06255101529865102,0.024644688172202032,nan,2.0245450757808066e-05,-0.004684408113961368,0.004509022088974005,0.00011834202078521186,0,1,1000.0,20260914
SIRT,67,2.1982491893914995,0.308994675998888,0.09433766700021806,67,0.06177603093083812,0.02462304768413061,nan,1.9775514577846702e-05,-0.00455653481647086,0.0043854964311706,0.00011679853040292567,0,1,1000.0,20260914
SIRT,68,2.1937780565183123,0.30928726397767614,0.09571983299974818,68,0.06104408911419918,0.024602187218634497,nan,1.9379778165051692e-05,-0.004451753095023067,0.004284813832398119,0.00011557708681987691,0,1,1000.0,20260914
SIRT,69,2.1894297781033236,0.30958969571654693,0.09710275000179536,69,0.06021172290012764,0.024584688986719654,nan,1.9002500520884974e-05,-0.004329275914471986,0.00416700583625855,0.00011453423617235921,0,1,1000.0,20260914
SIRT,70,2.1851875199245536,0.30990098253385434,0.09850066700164462,70,0.05940636464450843,0.024566351773193853,nan,1.8478948846987663e-05,-0.004223779229921785,0.004065802370756182,0.00011299723738609589,0,1,1000.0,20260914
SIRT,71,2.1810471006710404,0.3102220649594334,0.09988583300219034,71,0.058728641297160246,0.024547884381539955,nan,1.807804872815189e-05,-0.00412234120478286,0.003967966588082746,0.00011180794196751398,0,1,1000.0,20260914
SIRT,72,2.176986898823557,0.31055436827043387,0.10127275000195368,72,0.0580949715840808,0.02452827333235031,nan,1.7722430417535036e-05,-0.004042479417064132,0.003891450561315811,0.0001107073638357165,0,1,1000.0,20260914
SIRT,73,2.1730069706122754,0.3108987141732857,0.10265870800139965,73,0.05749461369583658,0.024508337784341017,nan,1.739147737898148e-05,-0.003962536733907981,0.0038146466810796732,0.0001096568327544115,0,1,1000.0,20260914
SIRT,74,2.169129108116639,0.311249294994428,0.10404233300141641,74,0.05675061777306132,0.024488740340233774,nan,1.693006026944481e-05,-0.0038609324353628444,0.0037168308647551698,0.00010829448184827633,0,1,1000.0,20260914
SIRT,75,2.165343104788991,0.31161012530712523,0.10542616699967766,75,0.056152061815424835,0.024471065397556415,nan,1.6588558828816966e-05,-0.003769414768817706,0.0036283506253420596,0.00010708143528248832,0,1,1000.0,20260914
SIRT,76,2.1616569902475984,0.31197756648179054,0.10681612500047777,76,0.0554316386781612,0.024452948923088524,nan,1.617228160915372e-05,-0.0036699422597878924,0.003532481213065138,0.0001058148189876316,0,1,1000.0,20260914
SIRT,77,2.158075762580308,0.3123499061436598,0.10819958299907739,77,0.05470218314274443,0.02443483208357461,nan,1.575103323169812e-05,-0.003565476634057938,0.003431611225261292,0.00010446322214879542,0,1,1000.0,20260914
SIRT,78,2.1545934264132685,0.3127269239515741,0.109583166999073,78,0.05396293177255169,0.024416403422122812,nan,1.538923279802475e-05,-0.0034669469342445977,0.0033367362667650704,0.00010335764193651617,0,1,1000.0,20260914
SIRT,79,2.1511867435844705,0.31311092833590287,0.11096262499995646,79,0.0533432324972662,0.024397128597089954,nan,1.5075563276186931e-05,-0.0033916072655191605,0.003264407806135099,0.00010224310466747956,0,1,1000.0,20260914
SIRT,80,2.147850062868919,0.3134997923560428,0.11235808299898054,80,0.05272875382730591,0.024377340479460545,nan,1.479324891270834e-05,-0.003321887466643921,0.0031976646415424565,0.00010135467625989306,0,1,1000.0,20260914
SIRT,81,2.14458901321937,0.31389316997396643,0.11373858300066786,81,0.05208233319839067,0.024358054042698807,nan,1.4516847899384572e-05,-0.0032465328016495583,0.0031254211779796876,0.00010046182578463533,0,1,1000.0,20260914
SIRT,82,2.1413866900839293,0.3142937893537164,0.115132208000432,82,0.051580898028174886,0.024338666464439395,nan,1.4283709894282976e-05,-0.0031880394255465985,0.0030692936833709057,9.960944095190757e-05,0,1,1000.0,20260914
SIRT,83,2.1382649363146293,0.3146997914902996,0.11651612499917974,83,0.05091053135098361,0.024320167983954595,nan,1.4033821724887335e-05,-0.003107719947572786,0.002992159659178043,9.868186812234261e-05,0,1,1000.0,20260914
SIRT,84,2.135202259224664,0.3151118892688928,0.11790675000156625,84,0.05041366020823236,0.024301901834194888,nan,1.3791600000734952e-05,-0.0030488854899626086,0.002935600233185771,9.773873557157677e-05,0,1,1000.0,20260914
SIRT,85,2.1322077557157946,0.3155296384373079,0.1192954580001242,85,0.04985388829713139,0.024284908116330682,nan,1.3535562287431729e-05,-0.002980967946582303,0.0028702329999522854,9.672959300003424e-05,0,1,1000.0,20260914
SIRT,86,2.129271227006817,0.31595374352366484,0.12067708299946389,86,0.04936634890770098,0.0242676033400069,nan,1.3323200739199166e-05,-0.0029232055082400376,0.002814676888753694,9.596498515970623e-05,0,1,1000.0,20260914
SIRT,87,2.1264447906039514,0.3163807809617646,0.12207154200223158,87,0.048640677042449544,0.024251909974187497,nan,1.3023255982121099e-05,-0.0028134131468807674,0.0027081406297082234,9.471954481044716e-05,0,1,1000.0,20260914
SIRT,88,2.1236802318751185,0.3168114845485068,0.12345641700085253,88,0.04813909518338731,0.024234907613129474,nan,1.2841131679910946e-05,-0.002751717597156996,0.0026486901045792055,9.412607881635679e-05,0,1,1000.0,20260914
SIRT,89,2.120981741844599,0.3172444894024327,0.12484204200154636,89,0.047523603680485256,0.024217980384124663,nan,1.2514292037476218e-05,-0.0026859757384796778,0.002585565385180371,9.288729262210696e-05,0,1,1000.0,20260914
SIRT,90,2.1183372181872566,0.31768192907144677,0.12623391699889908,90,0.04705435713145477,0.02420072173874741,nan,1.23216096043594e-05,-0.002632202047733789,0.0025338180310897434,9.22236746244996e-05,0,1,1000.0,20260914
SIRT,91,2.115747864125415,0.3181213631947615,0.127622625001095,91,0.046545728153535096,0.024183513923379182,nan,1.2071159009366778e-05,-0.0025772829028316274,0.002481028821374436,9.134178321095104e-05,0,1,1000.0,20260914
SIRT,92,2.1132004634465935,0.31856589466038027,0.12900987499961047,92,0.046134279485380514,0.024165678501674594,nan,1.1891448877117464e-05,-0.002535509229947828,0.002440982091639772,9.064972556424716e-05,0,1,1000.0,20260914
SIRT,93,2.110697862105326,0.3190157693685708,0.13038837500062073,93,0.045684763362882526,0.024148006992896636,nan,1.169511193753573e-05,-0.0024909062293300838,0.0023982464610915453,8.987387595967823e-05,0,1,1000.0,20260914
SIRT,94,2.1082469128891224,0.3194708744779628,0.1317975000019942,94,0.0452482244746621,0.024131218807538504,nan,1.1537068744194158e-05,-0.002439412147459591,0.002348579125298009,8.927194519475252e-05,0,1,1000.0,20260914
SIRT,95,2.1058608992867565,0.31992651590829035,0.13317533300141804,95,0.04468125152536642,0.024114805614736008,nan,1.1231291617814692e-05,-0.0023747823107523195,0.0022861928904722465,8.80999912845743e-05,0,1,1000.0,20260914
SIRT,96,2.1035272507211262,0.32038247418413096,0.13456529199902434,96,0.04418744930424447,0.024099228687301584,nan,1.0976804679368419e-05,-0.00232267176095265,0.002236022031829472,8.713127349121431e-05,0,1,1000.0,20260914
SIRT,97,2.1012534711320283,0.3208355375023871,0.13594799999918905,97,0.04360154667484609,0.024084330046026097,nan,1.0750675342480417e-05,-0.002263028913750083,0.002178724845475974,8.630415902606275e-05,0,1,1000.0,20260914
SIRT,98,2.0990219363626066,0.32128611334596113,0.1373420830022951,98,0.043143945036063364,0.02406857298883188,nan,1.0543421656630143e-05,-0.0022209913477698466,0.0021384647697579853,8.54917684708356e-05,0,1,1000.0,20260914
SIRT,99,2.0968298914679853,0.32173641480838855,0.13873179200163577,99,0.04273429077327529,0.02405250430893393,nan,1.0330579638458533e-05,-0.0021817143149774378,0.0021007339142265834,8.457779544426315e-05,0,1,1000.0,20260914
SIRT,100,2.0946732238960566,0.3221890993585629,0.1401211250013148,100,0.04233794558098727,0.02403609655905305,nan,1.015960036061063e-05,-0.0021465079715730006,0.0020670424901277403,8.390208218014681e-05,0,1,1000.0,20260914
LS,0,6.380972362881651,0.4186910273463164,0.0,0,0.0,0.0831159251554834,0.0,0.0,0.0,0.0,0.0,0,0,1000.0,20260914
LS,1,2.515277548044034,0.33060096130267247,0.20011358299962012,307,11.302317363545532,0.02792921360751894,9.304901107948719e-08,0.7867518095736277,-3.0789430052639863,-2.5214240744775247,0.022203827253586023,0,286,1000.0,20260914
LS,2,2.0759975906846737,0.36094055038154227,0.28326670800015563,435,2.5958989836700366,0.012187897375020905,9.178621535153818e-08,0.128012470778773,-0.3112674865805865,0.10234538068840376,0.00924608881937026,0,119,1000.0,20260914
LS,3,1.9855750706722037,0.3845501626468501,0.3625002910011972,557,1.5524286473973499,0.007054336621504611,8.312633297900887e-08,0.03134232879555399,-0.05908019121691555,-0.030079215250528285,0.004708202265466596,0,114,1000.0,20260914
LS,4,1.953682937409866,0.40447765618159953,0.43309054099881905,664,1.1456520506222665,0.006354379523743599,9.008430950727781e-08,0.01337126284618038,-0.01852087041615792,-0.033733797792412576,0.0030885539351879474,0,102,1000.0,20260914
LS,5,1.9364116965986031,0.42165207256710185,0.5064677500013204,777,0.9232336291665911,0.006256345229207722,8.53999318001901e-08,0.007834643056259064,-0.009436597755004765,-0.025346775889942774,0.00234187209451134,0,106,1000.0,20260914
LS,6,1.925229421654432,0.4361869521041135,0.5757876249990659,883,0.7638167328069327,0.006641948829739727,9.863273724878379e-08,0.005213522088009368,-0.005968752856163246,-0.01798852512162163,0.0019022471386950987,0,100,1000.0,20260914
LS,7,1.917297486183479,0.44891432880048754,0.6434645830013324,986,0.6542081100262479,0.006865574355485946,9.621370270578367e-08,0.0037420833524232718,-0.0041898521185292584,-0.013467477090252932,0.001612293530511284,0,98,1000.0,20260914
LS,8,1.9114785162530845,0.4597950161968834,0.7116927079987363,1091,0.5621416077655474,0.006947947612429393,8.780473868304091e-08,0.0027207541978819107,-0.0030982157325090977,-0.009981189428667183,0.0013752107149243107,0,98,1000.0,20260914
LS,9,1.9071102125645674,0.4691625235822007,0.7776417079985549,1192,0.4896731965578671,0.006952409906099453,7.942097251338451e-08,0.0020433795123591747,-0.002324924176158352,-0.0076206882828428295,0.001191806486604601,0,96,1000.0,20260914
LS,10,1.903702788576603,0.47729387353197633,0.8455941249994794,1295,0.42955112757584235,0.006940844848122795,8.671603244721046e-08,0.0015713229039877096,-0.0018361010839767049,-0.0058182845721194264,0.0010464926901459345,0,96,1000.0,20260914
LS,11,1.900986420569991,0.48439904558687197,0.9109186249988852,1382,0.3798530758476459,0.006914512978936653,9.184826844846187e-08,0.0012364654228030417,-0.001479902583810457,-0.004498049954933858,0.0009288915949254454,0,82,1000.0,20260914
LS,12,1.8987757614365894,0.4907431131120115,0.9726739159996214,1475,0.34245497901151234,0.006889139719597065,6.784753031496175e-08,0.0009960227504196895,-0.001214636382977624,-0.0036531114990873076,0.0008339144554077723,0,87,1000.0,20260914
LS,13,1.8969798476768756,0.496377536707029,1.034276291000424,1565,0.3096709767670857,0.006888487381073079,9.552156843181574e-08,0.0008123344194195423,-0.0009835793402983625,-0.002998891932880162,0.0007533323267686083,0,85,1000.0,20260914
LS,14,1.895506965985047,0.5013940372754593,1.093220624999958,1649,0.2783036353327126,0.006926026227874996,7.961009130360634e-08,0.0006622002573266381,-0.0008106814345048599,-0.0023997639801415973,0.0006793336225123986,0,80,1000.0,20260914
LS,15,1.8942908069957756,0.505799149101495,1.1451582500012591,1726,0.2503075056586758,0.0069480013090684415,7.410704193078655e-08,0.0005456515177450565,-0.0006705074715207435,-0.0019165333801819916,0.000617258255907651,0,74,1000.0,20260914
LS,16,1.8932913369056932,0.5097850081871035,1.1965725410009327,1803,0.23051837876455147,0.006957451810191083,8.285641454419407e-08,0.000460037959080946,-0.0005394321310032079,-0.0016574660573294726,0.0005665767770166081,0,72,1000.0,20260914
LS,17,1.8924232223088424,0.5133963567314583,1.247812375000649,1879,0.2133365616230534,0.006965934605184823,8.268740727640165e-08,0.0003933134562986198,-0.0004748011405528378,-0.0014075098294065768,0.0005244138426436824,0,73,1000.0,20260914
LS,18,1.8916721665690557,0.5167344875414882,1.2988981249982317,1956,0.19841335520180745,0.006974307680164316,9.35687685295835e-08,0.0003412085449475974,-0.00040984719484065535,-0.0012173372363351981,0.0004888474140290848,0,72,1000.0,20260914
LS,19,1.8910391049536783,0.5197285423736157,1.3503733329998795,2034,0.184974247626633,0.006981951917636789,8.602770473375742e-08,0.0002936620808755343,-0.00033939953449982563,-0.001077711998874597,0.0004540946106255499,0,72,1000.0,20260914
LS,20,1.8904854463212288,0.5225123133554461,1.3997405410009378,2107,0.17354059029860805,0.006989073866089223,9.92297168529257e-08,0.00025663076664277253,-0.00029702786581395666,-0.0009521581916099727,0.00042499743771992767,0,71,1000.0,20260914
LS,21,1.8899945742886335,0.5251207453604674,1.4507830000002286,2183,0.16301914460822373,0.0069941398085994755,9.462953589994964e-08,0.00022725711071369241,-0.00026361492187553106,-0.0008378900428445016,0.00040043745341749665,0,72,1000.0,20260914
LS,22,1.8895580388614321,0.5275730224839439,1.5022759999992559,2261,0.1538223672138575,0.006998650777856664,8.752329620013553e-08,0.00020214197590757903,-0.00023439345129914102,-0.0007465306055623958,0.00037784819032691153,0,72,1000.0,20260914
LS,23,1.889171212641669,0.5298837130632549,1.551364040999033,2334,0.14552421373657037,0.007001813922608314,7.205267128378572e-08,0.0001805701857732596,-0.00020625603399438084,-0.000672038619419303,0.00035742295332114976,0,70,1000.0,20260914
LS,24,1.8888237945824438,0.5320620744452018,1.5994828330003656,2406,0.13816544477390383,0.007003330634245904,9.827189024238743e-08,0.00016276234520577976,-0.00018465571401456399,-0.0006070664472531984,0.0003396112325636362,0,67,1000.0,20260914
LS,25,1.8885106489261276,0.5341342790588077,1.647658333000436,2477,0.13165574973779495,0.0070044735625258816,7.094517822969394e-08,0.00014796470502374421,-0.00016518095129247994,-0.0005535161656349176,0.0003240739773776514,0,68,1000.0,20260914
LS,26,1.888226735362382,0.5360984519305705,1.6976114159988356,2551,0.1253917997357476,0.0070052773094965454,6.187931436915294e-08,0.00013456221691695948,-0.00014935134682837175,-0.0005022416083029169,0.0003091721918697116,0,71,1000.0,20260914
LS,27,1.8879709980376158,0.537953181244189,1.746718915997917,2624,0.11958890594579893,0.007006028202166871,6.651576692977708e-08,0.00012265030674951885,-0.0001330870180113995,-0.00045933799649940966,0.00029514007061662165,0,70,1000.0,20260914
LS,28,1.8877380406402389,0.5397322044355226,1.7964103749982314,2699,0.11456606030663191,0.0070065005687946465,8.733709070094744e-08,0.00011276012756077885,-0.000120197269820509,-0.00042331171133219833,0.0002830984952728778,0,70,1000.0,20260914
LS,29,1.887532953192005,0.5414326849301081,1.8459020830014197,2773,0.10998082101565917,0.007006454656512086,8.746618934827855e-08,0.00010370677410326318,-0.00010138067413575313,-0.00039970160133014684,0.0002717800484149949,0,70,1000.0,20260914
LS,30,1.8873445287610968,0.5430479036460245,1.8937699160014745,2844,0.10565015024235375,0.007005363441160739,7.849128956213154e-08,9.516036206035181e-05,-9.326406884236392e-05,-0.000369673281403322,0.0002606788806862936,0,68,1000.0,20260914
LS,31,1.8871732641099832,0.5445939886221259,1.9403520000014396,2913,0.10132777641908879,0.0070044403054859644,9.214827141581546e-08,8.781687187501935e-05,-8.344777923925601e-05,-0.0003421012625882306,0.00025062584671116183,0,66,1000.0,20260914
LS,32,1.8870152820352282,0.5460777446166937,1.9901526659996307,2988,0.09764111960779409,0.007005013849155727,7.796012213167762e-08,8.150153037138661e-05,-7.64805443864339e-05,-0.00031870733715814114,0.00024156146296395534,0,71,1000.0,20260914
LS,33,1.8868694870701952,0.5475068535720599,2.038026707999961,3060,0.0942917074473704,0.007005723181076816,9.096004665791624e-08,7.59776899363338e-05,-6.981727509190966e-05,-0.00029875133963404944,0.00023333901566955793,0,67,1000.0,20260914
LS,34,1.88673343108579,0.5488865505046536,2.084160416001396,3128,0.09115437846752811,0.00700657526413938,9.087676266097207e-08,7.107364429803509e-05,-6.498234011073639e-05,-0.0002794000512848198,0.0002258061831105568,0,64,1000.0,20260914
LS,35,1.8866065698115608,0.5502148321330599,2.132212166001409,3200,0.08800575617389127,0.007007577410398386,8.268859569630819e-08,6.643766353384065e-05,-6.042361069703422e-05,-0.00026038938175780254,0.0002184174674361278,0,68,1000.0,20260914
LS,36,1.8864876346213972,0.5514882305996799,2.1819095829996513,3275,0.0846364405113513,0.0070112526318455845,9.089058597989658e-08,6.158017368165051e-05,-5.735501647952676e-05,-0.00023923116295798165,0.0002103267752142746,0,70,1000.0,20260914
LS,37,1.8863754403260473,0.5527007595670451,2.2288928749985644,3346,0.08153253105102372,0.00701476501362738,8.287719142123473e-08,5.72410033283354e-05,-5.495329202341013e-05,-0.00022018338562938627,0.00020289643782371515,0,65,1000.0,20260914
LS,38,1.8862713126421689,0.5538566604626801,2.271002582998335,3408,0.07857451619683473,0.007018198523932345,8.257809442692395e-08,5.3439249655951275e-05,-5.0688434219087315e-05,-0.00020457004589986887,0.00019608078388956438,0,58,1000.0,20260914
LS,39,1.8861772514283486,0.5549620945120679,2.314928832998703,3474,0.07572489016839551,0.0070218849689351066,9.287821714453899e-08,4.999923171300722e-05,-4.406198210829075e-05,-0.00019265173573050474,0.00018974749972257995,0,60,1000.0,20260914
LS,40,1.8860892468280746,0.5560078017408927,2.3572795410000253,3537,0.07245305975354936,0.007026853056970452,7.750800247062188e-08,4.644788614014201e-05,-4.155671413591597e-05,-0.00017446769310854217,0.00018318971106185187,0,58,1000.0,20260914
LS,41,1.8860071139181325,0.5570073946603367,2.401055999998789,3602,0.06958738885775619,0.007028752656705068,9.553972251994591e-08,4.334569434020909e-05,-3.878721560474551e-05,-0.00015998732445994982,0.00017705597380905674,0,60,1000.0,20260914
LS,42,1.8859301908152057,0.5579569182081008,2.446205041000212,3668,0.0673044635331406,0.007028526755341339,9.282851226789241e-08,4.041204329388697e-05,-3.651105962898079e-05,-0.00014957143764746342,0.00017082897849522708,0,60,1000.0,20260914
LS,43,1.8858586562308277,0.5588708206945244,2.4934669159993064,3732,0.06536115772243604,0.007029106330671033,8.734366630088728e-08,3.802985386396886e-05,-3.3504730516882354e-05,-0.0001420694625628279,0.00016570964441941203,0,59,1000.0,20260914
LS,44,1.8857905860751876,0.5597565393796485,2.536408957999811,3793,0.06357909417847765,0.007029708532253638,9.419397580446613e-08,3.5941134453792365e-05,-3.21290211797975e-05,-0.00013404490518764347,0.00016113250749958777,0,57,1000.0,20260914
LS,45,1.8857250751499992,0.5606094868282023,2.578952208001283,3855,0.06158276487632687,0.007029906361281468,8.713995538257366e-08,3.38129393633833e-05,-3.169798583221992e-05,-0.00012411092130228671,0.00015644198028133332,0,56,1000.0,20260914
LS,46,1.885662898054412,0.5614396073816192,2.621461457998521,3917,0.05995628721730215,0.007030552164788749,7.516178118193804e-08,3.203054848032756e-05,-3.01465471029296e-05,-0.00011756072325686906,0.00015230812176585842,0,58,1000.0,20260914
LS,47,1.8856036239672564,0.5622484197540659,2.6644456249996438,3979,0.05846832599103229,0.007031178947377557,7.430727737043197e-08,3.0432264778119243e-05,-2.8841822379136673e-05,-0.00011165317005423355,0.00014850900499630674,0,57,1000.0,20260914
LS,48,1.8855466765772122,0.5630339531806777,2.7072042079998937,4041,0.05701244491073351,0.007031522992975108,9.808615299227471e-08,2.89510880875074e-05,-2.7996301956344278e-05,-0.00010557355369072267,0.0001448952952533801,0,57,1000.0,20260914
LS,49,1.8854925581160316,0.5637820790463776,2.75034795800093,4103,0.05496694005337112,0.007032005196842061,8.030907678149658e-08,2.7071923598345294e-05,-2.704653758280438e-05,-9.69497637609036e-05,0.00014020696628652034,0,56,1000.0,20260914
LS,50,1.8854428430810282,0.5644888859350913,2.7933863750004093,4165,0.05280898145050229,0.007032977621306885,8.791175252781475e-08,2.5085665725818955e-05,-2.4629369278281772e-05,-8.972439108857996e-05,0.00013486444938745252,0,56,1000.0,20260914
LS,51,1.8853973454630317,0.5651619043525417,2.834294290998514,4223,0.05083137712436509,0.007033508430602813,8.829658534375472e-08,2.3351453286313457e-05,-2.2146164709194344e-05,-8.369382702153407e-05,0.0001299006736836796,0,54,1000.0,20260914
LS,52,1.8853548776650917,0.5658049486891972,2.8758922909983085,4283,0.0491187694960309,0.007033726329697618,9.639436469993083e-08,2.1903122047386446e-05,-2.0564675895774684e-05,-7.81648779001729e-05,0.00012577415925406124,0,56,1000.0,20260914
LS,53,1.8853147655519058,0.5664249041763684,2.933021249999001,4343,0.047680460989524664,0.007033782718965727,9.053547083140209e-08,2.0681366426834958e-05,-1.9430746756912405e-05,-7.355920482279304e-05,0.00012218634002308124,0,54,1000.0,20260914
LS,54,1.8852769595507903,0.5670261190288901,2.983518000000913,4401,0.04641310967850442,0.007033552067836371,8.239427004862029e-08,1.960775558830625e-05,-1.8198245530798676e-05,-6.990283638597388e-05,0.00011893977387908535,0,53,1000.0,20260914
LS,55,1.8852423251412334,0.5676050776803391,3.0290038749990345,4459,0.045052745777628765,0.007033655577547593,9.439872504055056e-08,1.847539770168884e-05,-1.6159011848948752e-05,-6.685308554820505e-05,0.00011548339236675281,0,54,1000.0,20260914
LS,56,1.885209942971094,0.5681583218537055,3.070947166001133,4515,0.0437879958290898,0.0070337480210928985,8.276667995084076e-08,1.7474374540267076e-05,-1.4907795598011688e-05,-6.348725879707476e-05,0.00011233881416944866,0,53,1000.0,20260914
LS,57,1.8851790782180382,0.5686959151651613,3.110953708001034,4571,0.04265852092375885,0.007033500774437101,9.755741548744238e-08,1.6629455790125765e-05,-1.4235297269108753e-05,-6.0122717314334875e-05,0.00010960425196860576,0,53,1000.0,20260914
LS,58,1.8851496332887376,0.569219562482602,3.1540291659985087,4630,0.04164062621412289,0.007033135235409473,8.802897636056246e-08,1.5862202957575335e-05,-1.3582726341826913e-05,-5.725215827464441e-05,0.00010705801287003611,0,55,1000.0,20260914
LS,59,1.8851220611393273,0.5697279762813489,3.1969125409996195,4688,0.040674290638918455,0.007032643873472007,7.595756013350455e-08,1.5123779391548637e-05,-1.2448370017090572e-05,-5.51477465386673e-05,0.00010458427584305773,0,54,1000.0,20260914
LS,60,1.8850961055973752,0.5702206561614017,3.2404605000010633,4747,0.03978219078168975,0.007032132386219509,9.10344033802187e-08,1.4435832299558383e-05,-1.1519709650042568e-05,-5.317559321736629e-05,0.00010222782749748377,0,54,1000.0,20260914
LS,61,1.88507118696114,0.5707007763106743,3.2828278329980094,4806,0.03889841581402382,0.007031740518902389,9.423963043554423e-08,1.3818167199045191e-05,-1.1100469038094606e-05,-5.073570140692987e-05,0.00010004259045040226,0,55,1000.0,20260914
LS,62,1.885047380760421,0.5711693684002325,3.3266256659990177,4866,0.03807055480040662,0.00703143693703977,8.223201340750345e-08,1.3245653792918488e-05,-1.0560546927887947e-05,-4.866215642158162e-05,9.796889427712357e-05,0,56,1000.0,20260914
LS,63,1.8850241481182706,0.571617015014965,3.3677668329983135,4922,0.03702235406404391,0.0070309872719164345,8.145043632881773e-08,1.2562006677171671e-05,-1.0670635476440417e-05,-4.530009287163232e-05,9.549336186744442e-05,0,52,1000.0,20260914
LS,64,1.885004403627547,0.5720318557795195,3.4133574580009736,4981,0.0360529814088983,0.0070304219238352585,9.299284439023841e-08,1.1676268070189729e-05,-8.068222649092512e-06,-4.5246382700012746e-05,9.216878661009918e-05,0,55,1000.0,20260914
LS,65,1.8849852680553787,0.5724294954835184,3.457040749999578,5038,0.0349992367862455,0.0070298710761008965,9.083406383325686e-08,1.1050673357168014e-05,-8.084898812142856e-06,-4.211175661261233e-05,8.972397261453779e-05,0,53,1000.0,20260914
LS,66,1.8849661719168733,0.5728136974145055,3.4972792500011565,5093,0.03406766802745229,0.00702942341489124,8.158391127184239e-08,1.0498071451396168e-05,-8.598067048525082e-06,-3.8934161736064696e-05,8.749038776893253e-05,0,52,1000.0,20260914
LS,67,1.8849477524950973,0.5731855133648366,3.5392387499996403,5152,0.033210251715294785,0.007029090123498454,8.356108385461238e-08,9.989000238843949e-06,-8.430421543015528e-06,-3.672661917361174e-05,8.537738661422264e-05,0,54,1000.0,20260914
LS,68,1.8849299008005045,0.5735460547819792,3.5793496250007593,5207,0.03238930133754976,0.007028921263290302,8.712416047188129e-08,9.523639210588006e-06,-8.328055383411745e-06,-3.4601647463944786e-05,8.340186176470672e-05,0,52,1000.0,20260914
LS,69,1.884912639465454,0.5738972456701532,3.6197418330011715,5264,0.031611361565464846,0.007028760212775851,8.091046319944108e-08,9.09249107189758e-06,-8.168843978570508e-06,-3.2702573950704915e-05,8.15254082925446e-05,0,51,1000.0,20260914
LS,70,1.8848959420180957,0.5742397718535347,3.661175916000502,5321,0.03087880655117894,0.007028591705783712,7.447553471446667e-08,8.690016363106874e-06,-8.007430995314816e-06,-3.097758734292957e-05,7.97318397043276e-05,0,52,1000.0,20260914
LS,71,1.8848796999021467,0.5745739886009544,3.703150875000574,5377,0.030171418477032405,0.007028485859611045,9.885189164527746e-08,8.312128580859508e-06,-7.929987366325598e-06,-2.927360869672731e-05,7.801538688942717e-05,0,51,1000.0,20260914
LS,72,1.8848640286311453,0.5749004447774204,3.7455787910002982,5436,0.029500393586434748,0.00702837207001011,8.407341430749316e-08,7.958578582175968e-06,-7.712692419943514e-06,-2.7842390086400656e-05,7.637146500231593e-05,0,53,1000.0,20260914
LS,73,1.8848489850777876,0.5752193235871289,3.7864015829982236,5491,0.02884004342135548,0.007028260362983617,9.713763790888623e-08,7.623025583971014e-06,-7.4205277723795155e-06,-2.654385186959811e-05,7.477187257739556e-05,0,51,1000.0,20260914
LS,74,1.884834416921371,0.5755300799013668,3.8290391660011664,5550,0.02818590608775556,0.0070281872299647555,8.138302305050186e-08,7.298118062157956e-06,-7.270038352587073e-06,-2.5154108682849826e-05,7.31729425700548e-05,0,53,1000.0,20260914
LS,75,1.8848200445980061,0.5758307286790822,3.866026415998931,5600,0.02750165251972232,0.007028202219079877,9.19194330636936e-08,6.963268163445485e-06,-7.40905520682072e-06,-2.3444721200791274e-05,7.145645809494087e-05,0,47,1000.0,20260914
LS,76,1.8848061288419797,0.5761245496805223,3.9049850000010338,5655,0.026859880834962963,0.007028081202081919,7.652054598406108e-08,6.6617019749972e-06,-7.2540540513172325e-06,-2.215690389703692e-05,6.989300089088623e-05,0,51,1000.0,20260914
LS,77,1.8847929095595386,0.5764100611075264,3.9442308750003576,5709,0.026188115055463222,0.007027948277173968,9.772522463954484e-08,6.360498111737486e-06,-6.8587843267684024e-06,-2.107158606677418e-05,6.82980737706621e-05,0,49,1000.0,20260914
LS,78,1.8847803369174976,0.5766873556247941,3.9845618330000434,5764,0.025577157766029597,0.007027805832981965,9.653982391918596e-08,6.08505528723089e-06,-6.487586756139238e-06,-2.013690792839847e-05,6.680184828245085e-05,0,50,1000.0,20260914
LS,79,1.8847679230917456,0.576957575340415,4.02506429099958,5819,0.025009109053707828,0.007027672464561052,7.491652746721992e-08,5.832502972280253e-06,-6.581322776641555e-06,-1.8858951031001327e-05,6.540796145119961e-05,0,51,1000.0,20260914
LS,80,1.8847559124819648,0.5772216014208017,4.062306625000929,5869,0.024476965368024066,0.007027607024854833,9.228456727829872e-08,5.596226965951216e-06,-6.4143828192192015e-06,-1.7945481900639827e-05,6.407927856473387e-05,0,47,1000.0,20260914
LS,81,1.8847445258356896,0.5774797103492583,4.102574374999676,5924,0.02396667559952317,0.007027540690643896,8.340821949388304e-08,5.3737692334120415e-06,-6.012877036870294e-06,-1.733343068943683e-05,6.280480421190503e-05,0,49,1000.0,20260914
LS,82,1.8847334792572468,0.5777323831277476,4.140215499999613,5975,0.02347359116434356,0.007027472167265882,9.788238598456223e-08,5.163502359828805e-06,-5.883076080879719e-06,-1.650389566467369e-05,6.157476539157112e-05,0,46,1000.0,20260914
LS,83,1.8847224702752614,0.5779785239349551,4.179221291000431,6030,0.02297205423664786,0.007027379344811819,7.973157394268123e-08,4.955191639338464e-06,-6.053790354819895e-06,-1.537678180721361e-05,6.0316270877253214e-05,0,51,1000.0,20260914
LS,84,1.8847115065045368,0.5782190515723262,4.213091041001462,6075,0.02249098795734058,0.007027340163196741,9.720715263079253e-08,4.758426563537925e-06,-6.2053441571892285e-06,-1.4328456240236213e-05,5.910885287319522e-05,0,42,1000.0,20260914
LS,85,1.8847009457187267,0.578454433360933,4.249940833000437,6124,0.022031882832247395,0.007027258567739049,8.42529958364382e-08,4.57447512770213e-06,-5.986310678803619e-06,-1.370940724661741e-05,5.795986703117666e-05,0,45,1000.0,20260914
LS,86,1.8846906883448322,0.5786849005900915,4.286313790998975,6174,0.021585182569060182,0.007027250167353939,9.0585432420056e-08,4.398984184228498e-06,-5.858389707757343e-06,-1.3038631432498532e-05,5.684364374745661e-05,0,45,1000.0,20260914
LS,87,1.8846811733216564,0.57890422992034,4.322709500000201,6222,0.02100108040852461,0.007027261615817344,9.78327952593055e-08,4.160498480281015e-06,-5.3545247005915114e-06,-1.2537245740455707e-05,5.5343769818918276e-05,0,44,1000.0,20260914
LS,88,1.884672003644962,0.5791124444412455,4.359538458000316,6272,0.020470494336920903,0.007027487002082371,9.345560704146019e-08,3.954144103161727e-06,-5.215532593591073e-06,-1.1782380225497263e-05,5.40174494482204e-05,0,45,1000.0,20260914
LS,89,1.88466246609083,0.5793127659466712,4.392811665999034,6316,0.019906698416081774,0.007028016033203164,9.050965823696187e-08,3.7634347869419244e-06,-5.77411934168079e-06,-1.0276277959419676e-05,5.270783522370606e-05,0,41,1000.0,20260914
LS,90,1.8846530888130226,0.5795065740314106,4.4265169159989455,6363,0.019417250366695782,0.007028654107108197,8.868993025000505e-08,3.5935369045436728e-06,-5.783740908812204e-06,-9.474202782782073e-06,5.151207261715365e-05,0,42,1000.0,20260914
LS,91,1.8846441253519786,0.5796948086213922,4.461595332999423,6411,0.018956693911604604,0.007029295208758707,6.344186449829284e-08,3.4371041822152936e-06,-5.526356859346095e-06,-9.004351158848599e-06,5.0387637022020444e-05,0,44,1000.0,20260914
LS,92,1.884635552417651,0.5798780478459872,4.495267916001467,6456,0.018531133140101155,0.007029915552621558,9.370984351665562e-08,3.293561656701738e-06,-5.279372665287242e-06,-8.59721044526352e-06,4.933385551553743e-05,0,42,1000.0,20260914
LS,93,1.8846273087343401,0.5800567067619323,4.529173124999943,6501,0.018127273556177225,0.007030537319591302,9.310446798832994e-08,3.158183596140469e-06,-5.085499719014811e-06,-8.186219018152887e-06,4.831910293511424e-05,0,41,1000.0,20260914
LS,94,1.884619324953513,0.5802308432530506,4.564699833001214,6548,0.017737817240165273,0.007031158142572439,8.052022366175202e-08,3.031070126036325e-06,-4.952710699757621e-06,-7.747727195160847e-06,4.734411800631642e-05,0,43,1000.0,20260914
LS,95,1.8846116528704102,0.5804009022681681,4.598174333001225,6592,0.017375063660910333,0.007031794479469656,9.555188125834975e-08,2.9122010838818228e-06,-4.7598820263677865e-06,-7.42255875821781e-06,4.641477106345201e-05,0,40,1000.0,20260914
LS,96,1.8846042075530445,0.5805669884231637,4.630747208000685,6635,0.017019924030404445,0.007032431346074012,8.853507144996183e-08,2.7987723730381756e-06,-4.64654498474485e-06,-7.038573334297323e-06,4.5510567437624696e-05,0,40,1000.0,20260914
LS,97,1.8845970669400471,0.580729308513323,4.6638790409997455,6679,0.01667345381718313,0.007033067730022197,9.396350318320833e-08,2.6912705821444045e-06,-4.449342416158718e-06,-6.75959011235079e-06,4.463673325559421e-05,0,39,1000.0,20260914
LS,98,1.8845901274717316,0.5808880611155677,4.697053083000355,6724,0.01635108298803025,0.007033715960773808,5.566244298664663e-08,2.5896422984365337e-06,-4.349826016479442e-06,-6.428427428536013e-06,4.379439048491765e-05,0,42,1000.0,20260914
LS,99,1.8845834486596886,0.5810433597034715,4.728877290999662,6767,0.01603353017181009,0.007034362798246385,9.93613836736955e-08,2.4933273263924746e-06,-4.185484718897391e-06,-6.17489244554662e-06,4.2981210261290116e-05,0,39,1000.0,20260914
LS,100,1.88457698146644,0.5811953398831431,4.7619657079994795,6813,0.015730056096341816,0.007035008517813992,8.972980873672434e-08,2.402504236730323e-06,-4.0646890095774635e-06,-5.904539990998202e-06,4.219942307320682e-05,0,42,1000.0,20260914
WLS,0,6.380972362881651,0.4186910273463164,0.0,0,0.0,0.0831159251554834,0.0,0.0,0.0,0.0,0.0,0,0,1000.0,20260914
WLS,1,2.475281732743011,0.32721743858866514,0.22796958399703726,324,11.31109871747296,0.03432898183121008,8.234879141974224e-08,0.8104608003324419,-3.0952298298061933,-2.491357079682283,0.022427427130237123,0,302,1000.0,20260914
WLS,2,2.054647490746563,0.3572073212121154,0.3170565419968625,453,2.5231586645544453,0.014665332805739185,9.438629057918603e-08,0.12292955861253109,-0.29770468338391515,0.10231775967063933,0.009001099207944648,0,120,1000.0,20260914
WLS,3,1.9695166760532603,0.38041952015510333,0.39190658399820677,565,1.4982747051927836,0.007451975774471751,9.695312298992625e-08,0.02931351207675098,-0.055817302616557624,-0.027110539917723386,0.004535003107132384,0,103,1000.0,20260914
WLS,4,1.9384996475813023,0.40037201138535256,0.4660987919996842,674,1.1167156152322477,0.00487539618718935,8.632405117106055e-08,0.012561617104372605,-0.018455411367585262,-0.03133565979321891,0.002991004586782334,0,102,1000.0,20260914
WLS,5,1.9208626193045344,0.41775560238756687,0.5390964999969583,780,0.9143367193991162,0.003862011212495982,8.949285305956274e-08,0.0076360621413736835,-0.010000966135398479,-0.02416355354530897,0.0023157704617532467,0,98,1000.0,20260914
WLS,6,1.9088944229505542,0.4331372571886724,0.60639474999698,877,0.7733995254665241,0.0033020353134546143,9.328407416874345e-08,0.005290946497644887,-0.006677249856333638,-0.01793914494561207,0.0019179388154496502,0,93,1000.0,20260914
WLS,7,1.9002916269336214,0.44652373419442126,0.6679879169969354,969,0.6621257025692785,0.0029406449758251512,9.02579520812173e-08,0.003832957330272766,-0.004769838686661778,-0.013317726283210221,0.0016303111165348742,0,88,1000.0,20260914
WLS,8,1.8939354109392794,0.4580372758016382,0.7338388339994708,1069,0.5764903837008388,0.0024888643061906374,6.55133310481767e-08,0.0028530336849082374,-0.003503182309432647,-0.010260842130635023,0.0014079681324380075,0,92,1000.0,20260914
WLS,9,1.8891407764800787,0.46782687028955233,0.7946074999999837,1158,0.5039952113166202,0.002188865447090264,8.630527734760575e-08,0.002163133364808574,-0.002631501094396853,-0.007905924192303536,0.0012269088716184726,0,85,1000.0,20260914
WLS,10,1.8854477275946369,0.476261768187838,0.8585076669987757,1251,0.44010162656291935,0.002051906385846168,8.928888596770047e-08,0.0016722021102651681,-0.0020208467751752952,-0.0059914231997245035,0.001079160682087618,0,87,1000.0,20260914
WLS,11,1.8825770574460061,0.4835987123287973,0.9161987089973991,1337,0.3888038795193528,0.0019361932135703963,9.201051488787418e-08,0.0013099614026936487,-0.0015607087459365762,-0.004687752687834232,0.0009545268227650069,0,81,1000.0,20260914
WLS,12,1.88028946389648,0.4900889733236702,0.9723836249977467,1421,0.34758539463311655,0.0018381974980013459,9.734915345009095e-08,0.0010536715642024443,-0.0012339219853224664,-0.0037531867785868455,0.0008577529378393857,0,79,1000.0,20260914
WLS,13,1.8784266726562175,0.4959001292872875,1.025878708998789,1500,0.3156419071473323,0.0017569755242175364,9.998491030825356e-08,0.0008658227041846045,-0.000996968536076954,-0.0031186994371178063,0.0007792987011923757,0,76,1000.0,20260914
WLS,14,1.8768875843915964,0.5010651970530186,1.078578958997241,1577,0.28540876821925454,0.0016892395193570519,9.63182438931709e-08,0.000716314489068219,-0.000822773775549085,-0.002533819984200484,0.0007100779731162749,0,74,1000.0,20260914
WLS,15,1.8756271823517516,0.5055256195498334,1.1331029169996327,1659,0.2591889196387431,0.0016315893850679848,9.765237235355074e-08,0.0005897102397837961,-0.0006706918000630717,-0.002098542763330153,0.0006451462929754969,0,76,1000.0,20260914
WLS,16,1.874569374118958,0.5095553239814596,1.188468999996985,1741,0.23799974780632852,0.001583792328898701,8.784193102345035e-08,0.0004977565056732555,-0.0005600517271194892,-0.0017743857650001325,0.0005938789699041543,0,76,1000.0,20260914
WLS,17,1.8736701890866512,0.5131980856175803,1.242043416998058,1816,0.22036276739012806,0.0015440573150085218,9.804493688310577e-08,0.00042519327339338495,-0.00047399175891424936,-0.0015288024302849913,0.0005495888924406919,0,72,1000.0,20260914
WLS,18,1.872889269205531,0.5165942703990061,1.3081354169989936,1891,0.20592936448623103,0.00151151086144858,9.12756601730893e-08,0.00037182960660669067,-0.00040909027451507975,-0.001339425276764982,0.0005147485327534632,0,70,1000.0,20260914
WLS,19,1.8722026477814824,0.5197419140707387,1.3801980419993924,1970,0.19365174050051437,0.0014852218485207672,6.767121351563539e-08,0.0003275553308754411,-0.00035906609317061424,-0.0011884284058953,0.0004838323471344999,0,71,1000.0,20260914
WLS,20,1.871592215700472,0.522689310387851,1.4318540419990313,2045,0.18363470710429058,0.001462960209554039,8.38894497167931e-08,0.00029201844059552215,-0.0003184136404181722,-0.0010756532016536259,0.0004572299408897978,0,71,1000.0,20260914
WLS,21,1.8710500523833986,0.5254673466035193,1.4809988339984557,2117,0.1736926663379443,0.001442843350390923,9.858516040366993e-08,0.00025993860464978334,-0.0002822247124177219,-0.0009662937999057597,0.0004319681956443173,0,67,1000.0,20260914
WLS,22,1.8705650945260877,0.5280718612928128,1.5314666249978472,2191,0.16443147116387807,0.0014300267654892144,9.588448189858393e-08,0.00023347351457125097,-0.00025148434274571024,-0.0008669275781449108,0.00040995181700036274,0,70,1000.0,20260914
WLS,23,1.8701287335631662,0.5305229748971629,1.5795474169972294,2261,0.15563762252558755,0.0014277559644347796,8.202994569207498e-08,0.00021041659032959892,-0.00022594437259199068,-0.0007747925143494301,0.00038914152085668853,0,65,1000.0,20260914
WLS,24,1.8697366739673897,0.5328411936802552,1.6276022089987237,2331,0.14819153495102128,0.001426119220345235,9.113505155158903e-08,0.0001895199981190002,-0.00020253959766111757,-0.0007059769557805043,0.0003690390842952293,0,65,1000.0,20260914
WLS,25,1.869382010846293,0.5350210969668147,1.6710647499967308,2393,0.14125528273929747,0.0014272254057185684,9.407714076259779e-08,0.00017175365871206782,-0.00018290946238161418,-0.000642989623991278,0.00035135565021042123,0,59,1000.0,20260914
WLS,26,1.8690586162452019,0.5370879496650729,1.7171949589974247,2460,0.1355722205854369,0.0014269463595036383,9.89513457673171e-08,0.00015707811740935795,-0.0001663164836836047,-0.0005955967486321088,0.0003358889773676336,0,62,1000.0,20260914
WLS,27,1.8687614355079538,0.539069993252073,1.7653498339968792,2530,0.13027458123934538,0.0014259060316458027,7.855148288854156e-08,0.0001447522972994565,-0.00015242843994515176,-0.0005513925886062916,0.00032244577013185817,0,66,1000.0,20260914
WLS,28,1.8684885930797788,0.5409601221912712,1.8104377499985276,2596,0.1242838482367604,0.0014247770376660605,8.65971894716475e-08,0.00013259604984415974,-0.0001402463783311498,-0.0004994813184518583,0.00030880654258996635,0,61,1000.0,20260914
WLS,29,1.868241490325292,0.5427307128609055,1.8598067089988035,2669,0.11753782255085496,0.0014267112711216607,7.866170232339818e-08,0.0001192274322917994,-0.00012787532219355095,-0.0004436542320130081,0.0002925209829268978,0,66,1000.0,20260914
WLS,30,1.868017064315683,0.5443913278304835,1.9029764589977276,2731,0.1121514601889946,0.0014296714308158368,8.021401527111376e-08,0.00010874813079874488,-0.00011567787881285734,-0.00040447149151725756,0.0002791600858501684,0,58,1000.0,20260914
WLS,31,1.8678114422284333,0.5459484045425113,1.9485524999981862,2798,0.1076510998690919,0.0014313204918603318,9.623822878581877e-08,0.00010023927987825912,-0.0001053828073681104,-0.0003738158779015361,0.0002681334516477194,0,60,1000.0,20260914
WLS,32,1.8676222475150532,0.5474376015548175,1.99322654199932,2863,0.10360828795777109,0.0014302516516935058,7.960251240262457e-08,9.24712652999444e-05,-9.672344807694103e-05,-0.0003475391532969398,0.0002574619594094966,0,60,1000.0,20260914
WLS,33,1.8674470787868023,0.5488568199961837,2.0388179589972424,2930,0.09951848827522876,0.001429825244596037,9.126606730498101e-08,8.551072146116231e-05,-8.965800679613099e-05,-0.00032002774717837935,0.0002475166672113586,0,62,1000.0,20260914
WLS,34,1.8672871839340068,0.5501887302235173,2.0838383749978675,2995,0.09449517547445349,0.0014287848732650711,6.689144154686928e-08,7.801345915964585e-05,-8.188139363778187e-05,-0.00028657205660194873,0.00023638222236209593,0,61,1000.0,20260914
WLS,35,1.8671395140579516,0.5514589001159923,2.1255708749995392,3055,0.09073077835809891,0.001427806824825129,9.620964176042868e-08,7.240965046378086e-05,-7.526022558444511e-05,-0.0002639338310181337,0.00022775990356754174,0,56,1000.0,20260914
WLS,36,1.867002088641885,0.5526742522241775,2.168550416998187,3116,0.08743261928696607,0.001426757014501399,9.810043352086427e-08,6.73405230820805e-05,-7.008489298818396e-05,-0.0002447977297023276,0.00021971071817239083,0,56,1000.0,20260914
WLS,37,1.866874119221453,0.5538388405719422,2.212069999997766,3179,0.08456762372433504,0.0014248422767042142,9.996357809074514e-08,6.276386206776823e-05,-6.520555836675496e-05,-0.00022961472868711873,0.00021210904909733474,0,58,1000.0,20260914
WLS,38,1.8667548206849993,0.5549504914313963,2.2543468339972605,3239,0.08168779124723953,0.0014237768415494797,9.780878190643108e-08,5.86661549326711e-05,-6.063238151550921e-05,-0.00021434622548886897,0.0002052577450276919,0,56,1000.0,20260914
WLS,39,1.8666446192587873,0.5560025481351579,2.3002678749980987,3300,0.07863064499207487,0.0014235142634043934,7.048542091442454e-08,5.4567767152321683e-05,-5.563365906683334e-05,-0.0001989374903814988,0.00019786922896843916,0,57,1000.0,20260914
WLS,40,1.8665415289029983,0.5570123837766684,2.34137274999739,3359,0.07586841560308472,0.001423160738562479,9.537453047070062e-08,5.121753511089319e-05,-5.187282067450177e-05,-0.00018471046851708216,0.00019170042646170964,0,55,1000.0,20260914
WLS,41,1.8664443790770915,0.55798733834562,2.3838324999996985,3421,0.07351603885860908,0.001422561548491052,6.927093457537904e-08,4.8314569041176496e-05,-4.883525686829374e-05,-0.00017308057256622,0.00018624531945450812,0,56,1000.0,20260914
WLS,42,1.8663528455070018,0.5589286500953697,2.424248166997131,3478,0.07132728240134002,0.0014221983546598743,9.267693432415596e-08,4.556825210439667e-05,-4.5965317984632506e-05,-0.00016284549064829538,0.0001808920703262976,0,54,1000.0,20260914
WLS,43,1.8662667512014364,0.559835995496084,2.4680955839976377,3542,0.06926951739798816,0.001422262956863945,8.05426463337562e-08,4.3002101980692404e-05,-4.3092203585564036e-05,-0.00015381899646212192,0.0001757504511313621,0,59,1000.0,20260914
WLS,44,1.8661851756289034,0.5607151049118682,2.5104786249976314,3603,0.06730406679368285,0.0014221598434829147,8.74299812041466e-08,4.0755962051876455e-05,-4.0819610479087566e-05,-0.00014491629781546026,0.00017117029558830113,0,57,1000.0,20260914
WLS,45,1.8661078976152758,0.5615568975720667,2.549620750000031,3659,0.06517960236762146,0.0014221966816347887,9.72029619058613e-08,3.841783251658212e-05,-3.886018111322337e-05,-0.00013514101461250478,0.0001662516791973913,0,52,1000.0,20260914
WLS,46,1.866034658792494,0.5623720407426263,2.5882971249993716,3714,0.06333252931406928,0.0014220718372371078,8.85100600735447e-08,3.645935275269456e-05,-3.6779470029345504e-05,-0.00012731164068410965,0.00016204898965882926,0,52,1000.0,20260914
WLS,47,1.8659648789198748,0.5631640970704314,2.6273666249981034,3770,0.061657731969292924,0.0014218399213321582,9.243163370309678e-08,3.4692012128606814e-05,-3.5087860490805466e-05,-0.00012030392296061168,0.0001581640774690928,0,52,1000.0,20260914
WLS,48,1.865898447271476,0.5639319720105124,2.6660915840002417,3825,0.06008486634349626,0.0014217548707821798,7.378117841953631e-08,3.3049991754983043e-05,-3.3381656644509964e-05,-0.0001140779097768669,0.00015447101270001123,0,52,1000.0,20260914
WLS,49,1.8658352904499547,0.5646771100008925,2.7040100419981172,3878,0.05853198380922847,0.0014216431785558706,8.074881864049114e-08,3.151065982919447e-05,-3.164616169007201e-05,-0.00010814283491094063,0.00015089937398642206,0,51,1000.0,20260914
WLS,50,1.865775079064799,0.5654024707816374,2.744146249999176,3936,0.057145460449172195,0.0014215147343360625,6.896962533635852e-08,3.010332263379582e-05,-3.0108062526712107e-05,-0.00010306879734162233,0.0001475585158717562,0,54,1000.0,20260914
WLS,51,1.8657174463957409,0.5661078159309842,2.7833850419992814,3992,0.05584516705129612,0.0014212148023676127,8.072986896568326e-08,2.8777164483706805e-05,-2.8855504572406447e-05,-9.830146509135317e-05,0.00014434346293272214,0,53,1000.0,20260914
WLS,52,1.8656628479929593,0.5667800334719018,2.8222909169999184,4047,0.05413524274192921,0.0014203253992336915,8.903156359001748e-08,2.713346648528323e-05,-2.7464936298279254e-05,-9.193282255483281e-05,0.00014032524261422408,0,52,1000.0,20260914
WLS,53,1.865611105223205,0.5674238056013371,2.8596003749989904,4100,0.052625283600734186,0.0014193744217477022,9.787833776247984e-08,2.578302103823116e-05,-2.59597487152615e-05,-8.672825394849252e-05,0.00013690906847480487,0,50,1000.0,20260914
WLS,54,1.8655617192309941,0.56804865390857,2.8987165420003294,4157,0.05132448537511705,0.0014185565455079006,9.837575579690091e-08,2.4647083437190923e-05,-2.4738908777357677e-05,-8.23241477402038e-05,0.0001339474063284508,0,51,1000.0,20260914
WLS,55,1.8655144343039964,0.5686580772403023,2.9369599999990896,4211,0.05016570644934426,0.0014178426177666333,8.180321629901716e-08,2.3612897608194932e-05,-2.3672029387560473e-05,-7.854497818040741e-05,0.00013117214750241478,0,52,1000.0,20260914
WLS,56,1.8654691575006432,0.569253703109155,2.9752700839999306,4266,0.04906410738107966,0.0014172587810474574,9.250936467090666e-08,2.264378794465821e-05,-2.2633015410045173e-05,-7.508752830190549e-05,0.0001285122440878348,0,51,1000.0,20260914
WLS,57,1.8654257813878552,0.5698342997674948,3.01280854200013,4320,0.047892546677248765,0.001416733735178745,8.903242763226723e-08,2.1657580297495823e-05,-2.1718532485945007e-05,-7.130868857358204e-05,0.00012579363235410188,0,50,1000.0,20260914
WLS,58,1.8653843321720853,0.5703995319014503,3.053406584000186,4378,0.046784033116588214,0.0014163103003075183,5.3494801479784736e-08,2.0733795609831844e-05,-2.0715420169868913e-05,-6.798807196282799e-05,0.00012317892997894047,0,54,1000.0,20260914
WLS,59,1.8653452106553925,0.5709457573444375,3.089548666997871,4429,0.04571113374434863,0.0014165492702218655,8.355331041978664e-08,1.951753073713461e-05,-1.9603985951214462e-05,-6.535387071685594e-05,0.00011944685807264748,0,48,1000.0,20260914
WLS,60,1.8653082371641314,0.5714745742329236,3.126045749999321,4481,0.04465411146413702,0.0014166445850224186,9.931040991056933e-08,1.8512397436430657e-05,-1.84610938244888e-05,-6.272599227149557e-05,0.00011633519176084436,0,49,1000.0,20260914
WLS,61,1.8652730366653323,0.5719864249674436,3.161489583999355,4531,0.043481178872158986,0.0014167598954958928,8.856254193153006e-08,1.7579648559603306e-05,-1.7620850240931975e-05,-5.9330147006508125e-05,0.00011339843156675621,0,46,1000.0,20260914
WLS,62,1.8652393495833208,0.5724702479173098,3.1982368339995446,4583,0.042279206044744624,0.0014167262755453987,8.876663188870014e-08,1.6555042656760736e-05,-1.713203935262519e-05,-5.5689481177240876e-05,0.00011012082090846125,0,49,1000.0,20260914
WLS,63,1.8652075683014777,0.5729376338378391,3.233038291997218,4632,0.04121394300964048,0.0014175099025169704,8.976958324095513e-08,1.573374700101774e-05,-1.6047534843997745e-05,-5.314817307698177e-05,0.00010736771790602585,0,46,1000.0,20260914
WLS,64,1.8651774525227216,0.5733930152388121,3.271173249999265,4686,0.04024731891949992,0.0014182682422302748,9.209874894904727e-08,1.5011416871434208e-05,-1.5104361883957086e-05,-5.087655525428444e-05,0.00010489055843059722,0,49,1000.0,20260914
WLS,65,1.865148971713962,0.57383439437847,3.3072632089970284,4737,0.03919746492279737,0.0014189985407765248,8.57450848074425e-08,1.4290988680708854e-05,-1.4189820077957916e-05,-4.834125405908428e-05,0.00010231151921832386,0,49,1000.0,20260914
WLS,66,1.8651218584529352,0.5742629819068727,3.341644500000257,4785,0.03827302832382461,0.001419533034411786,9.971077563260154e-08,1.3632148554551384e-05,-1.348111246572552e-05,-4.6127973827035234e-05,9.988982201952084e-05,0,46,1000.0,20260914
WLS,67,1.865095952638823,0.5746776540522057,3.3793742499983637,4839,0.037326831234228704,0.0014199158930304726,9.060775584486502e-08,1.3016226244889158e-05,-1.288958786861665e-05,-4.375880238732578e-05,9.761638508469759e-05,0,50,1000.0,20260914
WLS,68,1.8650712167260224,0.5750783915715448,3.4180039589991793,4891,0.03645065630048257,0.0014202376824142431,8.336157777237196e-08,1.2444992319480607e-05,-1.2290920485899926e-05,-4.1696604436073636e-05,9.546813678794576e-05,0,50,1000.0,20260914
WLS,69,1.8650475346055766,0.5754692580594825,3.457365166999807,4945,0.03566285626571329,0.00142047554365666,8.693936433135624e-08,1.1920043726778386e-05,-1.1762076714785515e-05,-3.9909845405656965e-05,9.344313391327516e-05,0,50,1000.0,20260914
WLS,70,1.8650248111179324,0.5758500118174852,3.494366374998208,4996,0.034936331359208615,0.0014207921847194833,9.969529329495494e-08,1.1424888744782826e-05,-1.1298598901967613e-05,-3.8303874797816104e-05,9.148756605901769e-05,0,48,1000.0,20260914
WLS,71,1.8650029986588175,0.5762211943490579,3.5324520419999317,5050,0.03425514817932015,0.001421101257724333,6.478804166381193e-08,1.0961087114237416e-05,-1.085137200193432e-05,-3.685829972443634e-05,8.961407549418542e-05,0,52,1000.0,20260914
WLS,72,1.8649820800036192,0.5765840576628067,3.5684305839968147,5101,0.0335607452057824,0.0014213633063426294,9.347512396879404e-08,1.0525871715123896e-05,-1.0392783477621416e-05,-3.539752574010691e-05,8.78235318738978e-05,0,48,1000.0,20260914
WLS,73,1.8649619624248532,0.5769393580128913,3.605458666999766,5153,0.032918926898333555,0.001421510819600718,8.650216013493314e-08,1.0121699026868135e-05,-9.995879747984953e-06,-3.406520864092566e-05,8.612448686319347e-05,0,50,1000.0,20260914
WLS,74,1.8649426190063148,0.5772874093538272,3.6409334589989157,5203,0.032287183141307185,0.0014216284778194848,9.514266473375237e-08,9.741683075833493e-06,-9.601735457481894e-06,-3.27796912215289e-05,8.449999717950411e-05,0,47,1000.0,20260914
WLS,75,1.8649240543753682,0.5776283833960811,3.6787365839991253,5257,0.031681616790339186,0.0014217194341491052,8.682899196908907e-08,9.381041077480766e-06,-9.183589870928204e-06,-3.1621611175979144e-05,8.292520680220495e-05,0,51,1000.0,20260914
WLS,76,1.864906199781105,0.5779625865250251,3.7127309999996214,5305,0.031086145736413655,0.0014218549455952854,9.978306501679109e-08,9.039137895154982e-06,-8.815456372807964e-06,-3.0462828573988386e-05,8.14063657385509e-05,0,44,1000.0,20260914
WLS,77,1.8648889901438397,0.5782903511984309,3.747196874999645,5353,0.03054025199824768,0.0014219503176723916,8.456568757184757e-08,8.720086611071884e-06,-8.489550651977186e-06,-2.9425712340564977e-05,7.996079077636374e-05,0,46,1000.0,20260914
WLS,78,1.8648723995278682,0.5786110145905216,3.783562124997843,5404,0.029999245170213334,0.0014221042721292887,6.96571401060912e-08,8.40807412263825e-06,-8.18254184730727e-06,-2.840711956764936e-05,7.851599642999622e-05,0,48,1000.0,20260914
WLS,79,1.8648562832729974,0.5789252119456024,3.82045874999676,5456,0.029468920031549585,0.0014222913210457104,7.394450641230382e-08,8.113402365144468e-06,-8.00285250511781e-06,-2.730460752043612e-05,7.712760813303707e-05,0,49,1000.0,20260914
WLS,80,1.8648406823999457,0.5792325557697828,3.8560812499999884,5506,0.02895112365788959,0.0014223604719410074,9.762779902606255e-08,7.826250362802925e-06,-7.774622690418927e-06,-2.6307505001085224e-05,7.57315019587737e-05,0,47,1000.0,20260914
WLS,81,1.864825601744231,0.5795336895727339,3.8940715419994376,5560,0.028462310072458055,0.0014222645051368207,8.791781495748178e-08,7.558866685868864e-06,-7.521789032019819e-06,-2.542449901838747e-05,7.441168705914611e-05,0,51,1000.0,20260914
WLS,82,1.8648110915614333,0.5798292700962585,3.931725667000137,5613,0.027953634054953495,0.0014222545159245671,8.746357957232139e-08,7.302140006537625e-06,-7.208042787397094e-06,-2.456010004616827e-05,7.313903451841972e-05,0,50,1000.0,20260914
WLS,83,1.8647971043881,0.5801199941871509,3.9680917089972354,5664,0.02749423594995945,0.001422281075428545,9.117594771321849e-08,7.067897255758791e-06,-6.919276080977559e-06,-2.3809477190261367e-05,7.195676851224363e-05,0,48,1000.0,20260914
WLS,84,1.8647836089593048,0.5804058943173352,4.006090999999287,5718,0.02704312503103454,0.0014223388288964985,8.682176874310496e-08,6.839260899787587e-06,-6.656167897351096e-06,-2.307110177706781e-05,7.078471147598489e-05,0,50,1000.0,20260914
WLS,85,1.86477056008326,0.5806870882455946,4.0403116249981395,5766,0.026597797521187832,0.0014224145916514476,9.319923592711826e-08,6.623604104981086e-06,-6.425271937446705e-06,-2.232326560409753e-05,6.966475958659828e-05,0,44,1000.0,20260914
WLS,86,1.864757938136092,0.5809637664783035,4.074905166999088,5814,0.026171219671442838,0.0014224257708356344,9.124696277319493e-08,6.412759065626299e-06,-6.209188101767985e-06,-2.1624689786433676e-05,6.85473319293037e-05,0,46,1000.0,20260914
WLS,87,1.8647456207560082,0.5812340460998427,4.109561458997632,5862,0.025672328731645773,0.001422679274137133,8.749712957777475e-08,6.17338988148825e-06,-6.143990195525167e-06,-2.0636043041613585e-05,6.723156176543305e-05,0,46,1000.0,20260914
WLS,88,1.864733699947807,0.581497574993876,4.145198166999762,5912,0.025188881699670023,0.001422777051461794,9.886951529768082e-08,5.930771935720119e-06,-5.990036268496386e-06,-1.9803179862771812e-05,6.586180147539053e-05,0,47,1000.0,20260914
WLS,89,1.864722254491035,0.5817553189744237,4.180026958998496,5960,0.024710318183625214,0.0014229233040648976,8.022144673246236e-08,5.715876739499918e-06,-5.72958003117066e-06,-1.9084534464680997e-05,6.463966566354763e-05,0,45,1000.0,20260914
WLS,90,1.8647112652352047,0.5820068583206809,4.214294999997946,6008,0.024217098187185346,0.0014232148094513186,9.87191194123628e-08,5.5064728515768705e-06,-5.482782981906939e-06,-1.8334136400181634e-05,6.344024783820156e-05,0,45,1000.0,20260914
WLS,91,1.8647006477125059,0.582252835705849,4.248150542000076,6055,0.023771402321539282,0.0014233246148597244,9.097170723336121e-08,5.315953807900899e-06,-5.301568887637527e-06,-1.7636455717804945e-05,6.232792478602552e-05,0,44,1000.0,20260914
WLS,92,1.8646904236860686,0.5824939287314822,4.2830687499990745,6104,0.023354370575610937,0.0014233978641859984,8.507632877670718e-08,5.134501014385059e-06,-5.0895254249067005e-06,-1.7047304811903692e-05,6.124728511654896e-05,0,45,1000.0,20260914
WLS,93,1.8646805240640547,0.5827305602146815,4.316436208999221,6150,0.022970204249227546,0.0014234325370261472,9.660461386165795e-08,4.965792971402746e-06,-4.933829046266665e-06,-1.6481892148641313e-05,6.0223327316314477e-05,0,44,1000.0,20260914
WLS,94,1.8646709612335586,0.5829629170363434,4.3498572499993315,6197,0.022590240040530094,0.0014234942166858908,9.528994672976047e-08,4.8052035878968314e-06,-4.757626904250934e-06,-1.5953116758303636e-05,5.9234107586055484e-05,0,43,1000.0,20260914
WLS,95,1.864661711463864,0.5831912277796757,4.383250124999904,6243,0.02223119010293315,0.001423550031813217,7.66881952655465e-08,4.653791598566041e-06,-4.595978095350577e-06,-1.5461520975007326e-05,5.8283931976918895e-05,0,44,1000.0,20260914
WLS,96,1.8646527923198741,0.5834150573291591,4.415719083997828,6288,0.021876634443984137,0.0014235950663272986,9.351049839129902e-08,4.505624453593739e-06,-4.4135195331962344e-06,-1.5010212739969464e-05,5.734582581727611e-05,0,42,1000.0,20260914
WLS,97,1.8646442128134026,0.5836332239219164,4.449397958996997,6335,0.021484406493793757,0.0014237369973050611,9.073263814894792e-08,4.356022401240067e-06,-4.223484076053257e-06,-1.4499479648043947e-05,5.637495845388714e-05,0,44,1000.0,20260914
WLS,98,1.8646358911693608,0.5838475664802326,4.483752583997557,6383,0.021134927608996764,0.001423838736501682,9.420950976508328e-08,4.219120235449917e-06,-4.102523802422054e-06,-1.401261421002348e-05,5.5470392969843395e-05,0,45,1000.0,20260914
WLS,99,1.8646278193464436,0.5840585371331235,4.517991124997934,6431,0.020806990598698744,0.0014239298673433404,9.210199726848409e-08,4.09011366057494e-06,-3.981709261193752e-06,-1.3574719971539668e-05,5.460522552068137e-05,0,44,1000.0,20260914
WLS,100,1.8646199865188946,0.5842660961420763,4.555071624999982,6482,0.020494179210186963,0.001424018605950741,7.135023200641953e-08,3.966749598341012e-06,-3.866077953202599e-06,-1.3167741525948268e-05,5.3763528204883634e-05,0,46,1000.0,20260914
Poisson,0,6.380972362881651,0.4186910273463164,0.0,0,0.0,0.0831159251554834,0.0,0.0,0.0,0.0,0.0,0,0,1000.0,20260914
Poisson,1,3.572258368233823,0.34247680003903347,0.027272125000308733,27,2.992366977245691,0.04444208003369829,5.0063522965670265e-08,0.503212875453201,-2.305501119194624,2.361000988322302,0.018237131982100047,0,23,1000.0,20260914
Poisson,2,2.774883114103246,0.30390942986095465,0.052119291001872625,52,1.8698841041738938,0.02789600132887404,6.178673352119635e-08,0.11631221674211636,-0.6810630373884581,0.6225519259784669,0.008803795806673433,0,22,1000.0,20260914
Poisson,3,2.476783391120305,0.2834933510661826,0.0756312080011412,75,1.331646056999532,0.018849094663514365,8.512112602607593e-08,0.030827811969149074,-0.2672719110137927,0.20943566192682067,0.004572179827140604,0,21,1000.0,20260914
Poisson,4,2.326899413256978,0.2734496717933451,0.09972212499997113,98,1.0432513997721147,0.01361867473075121,6.420971707847903e-08,0.010336738985906584,-0.13954723887741682,0.09546530370700335,0.002682737063579629,0,21,1000.0,20260914
Poisson,5,2.234871740712776,0.2696126863119204,0.12269470800310955,121,0.855379923492767,0.010407531563364786,8.972961385191177e-08,0.004751973022408835,-0.08727569952179391,0.05544393186847736,0.0018374089684376745,0,19,1000.0,20260914
Poisson,6,2.1726113290025433,0.26964534801712153,0.14519141600248986,142,0.7156637890191324,0.008285182420379468,3.797371767030942e-08,0.002856717504157931,-0.05940369420607765,0.03665167876457172,0.0014288031424916409,0,19,1000.0,20260914
Poisson,7,2.128046746139655,0.2720719845822869,0.1695735000030254,165,0.6107997175885528,0.006802217587427348,4.9066484129195453e-08,0.002074244730733571,-0.04249033813215067,0.025910768112575654,0.0012177684811175958,0,19,1000.0,20260914
Poisson,8,2.09414598459203,0.27600784705264747,0.19092525000087335,185,0.5350501023644508,0.005643684267007039,9.953824661019205e-08,0.001618880820989939,-0.03228188072664116,0.019586830945614538,0.0010745318843913619,0,17,1000.0,20260914
Poisson,9,2.067390958007388,0.2808095701323461,0.21264300000257208,207,0.4761713474342076,0.004613075455003706,4.792760151372936e-08,0.0013271460020647012,-0.025427880582571803,0.01541806897877624,0.0009699561824906558,0,17,1000.0,20260914
Poisson,10,2.045917494569846,0.2859905457947246,0.23301016600089497,226,0.4265743774699728,0.0041824204600491395,8.602201807155537e-08,0.0010941391214518527,-0.02037932431608817,0.012375178461847231,0.0008788473715653343,0,16,1000.0,20260914
Poisson,11,2.028315472881737,0.29142163602677923,0.2535634160012705,246,0.38720016652183487,0.0038303670902769885,6.632064740094701e-08,0.0009254569935549789,-0.01667656469455462,0.01010582324038237,0.0008066039804812959,0,17,1000.0,20260914
Poisson,12,2.0136995131199744,0.2969343583556128,0.27376920800088556,265,0.35220601397022694,0.003512214299997661,5.0655027767189734e-08,0.0007892277142734686,-0.013826732047489564,0.00841350594792277,0.0007440583593746449,0,17,1000.0,20260914
Poisson,13,2.0013332291256787,0.3024055096964392,0.2942972910022945,284,0.32419372422670173,0.0032226781747268307,9.112882347822116e-08,0.000683738805159364,-0.011682545189138416,0.007111205452896798,0.0006907456880302778,0,17,1000.0,20260914
Poisson,14,1.9908990046368666,0.30775540327617756,0.31517512500067824,304,0.2982336518071941,0.0029789744535168835,4.267119900654148e-08,0.0005851819194279811,-0.009849042569386705,0.005987058935299304,0.0006380598350672176,0,18,1000.0,20260914
Poisson,15,1.981814222489647,0.313056512456005,0.33630170800097403,324,0.2784111477156657,0.002750776613282827,4.243276453212014e-08,0.000522426000048978,-0.008562356147168966,0.005209143788602037,0.0006029615030497087,0,18,1000.0,20260914
Poisson,16,1.973869430121235,0.31823048329666376,0.3565415830016718,343,0.2601873792920805,0.0025399059036547173,9.719417497699653e-08,0.0004651709891650675,-0.007479621379245946,0.004559918751267897,0.0005685971117305763,0,17,1000.0,20260914
Poisson,17,1.9668537520892055,0.32325934083303776,0.3769525000025169,362,0.2446752641329037,0.0023524979167757355,7.055011178448527e-08,0.00041512302392523006,-0.006600555008104159,0.004022378788104094,0.0005364502863072898,0,17,1000.0,20260914
Poisson,18,1.9606251932626937,0.3281333708560523,0.39756533300169394,381,0.23072474801575685,0.002179748569238936,6.062732055094316e-08,0.00037135343092159457,-0.005857205395589961,0.0035668633591651295,0.0005075214208664889,0,17,1000.0,20260914
Poisson,19,1.9550225318536203,0.33284815694551156,0.41691595800148207,399,0.21863518403802368,0.002073755702514539,5.902756670755037e-08,0.0003367974989474183,-0.0052658639101277206,0.0032125942241063707,0.00048346119815551015,0,16,1000.0,20260914
Poisson,20,1.9500113966673438,0.3373834256002967,0.43658133300050395,418,0.20680418363113634,0.001988355012456425,6.36787536246108e-08,0.0003070406091722411,-0.004704094577104387,0.0028727366679094563,0.00046156345642656875,0,16,1000.0,20260914
Poisson,21,1.9454565093381073,0.34177864083994663,0.45569362500100397,436,0.1970405973909473,0.001918875986755321,7.471675443608973e-08,0.0002835164814221219,-0.004271370847821558,0.0026136374782274093,0.00044375572929638917,0,15,1000.0,20260914
Poisson,22,1.9413237671978314,0.3460285358685603,0.47486566600127844,454,0.18757849622797923,0.0018551391546790248,7.558220984352952e-08,0.0002608660461984782,-0.0038718760940714765,0.002373457527918423,0.00042589310603874375,0,15,1000.0,20260914
Poisson,23,1.9375283616574355,0.3501648157841786,0.4937619580014143,472,0.17989323262497967,0.0017968275901114217,9.790293285940428e-08,0.0002416494346478682,-0.0035537561057464666,0.0021773267831826718,0.00040977743075950457,0,15,1000.0,20260914
Poisson,24,1.934031540549481,0.35418472678140767,0.5128931250001187,490,0.17251927343380485,0.0017280333018717473,6.674173745853856e-08,0.00022279623543086966,-0.0032740248725233023,0.0020086761226480654,0.00039343973406611365,0,15,1000.0,20260914
Poisson,25,1.9308510598503,0.3580341805529734,0.5318925410028896,508,0.16468274255878287,0.0016420738409349688,6.387507826836794e-08,0.00020223798508574108,-0.0029782427140890126,0.0018244604143469697,0.0003752064188067065,0,15,1000.0,20260914
Poisson,26,1.9279231645826878,0.36174978016827236,0.5515480000030948,526,0.15809828160827838,0.0015741496453693094,8.491149212919158e-08,0.0001859413246834888,-0.002741953942931299,0.0016781419352376436,0.0003596413450871838,0,15,1000.0,20260914
Poisson,27,1.9252526205435605,0.36530392202482703,0.5695138330011105,543,0.1507525220030124,0.0015124625149677822,7.886088916077543e-08,0.0001690068809357047,-0.0025015371581936664,0.001534227894613817,0.00034231993173764136,0,14,1000.0,20260914
Poisson,28,1.922802911003819,0.3687277865498505,0.5878830410001683,560,0.14467358074839207,0.0014575373086136618,7.441256335104902e-08,0.00015612039092443444,-0.002293589148819071,0.0014031872914134753,0.00032880222601361304,0,14,1000.0,20260914
Poisson,29,1.920519296108076,0.37205644197466187,0.6051553329998569,576,0.1398258037320828,0.0014289978496332884,9.31946887632127e-08,0.00014601836076550767,-0.002137596534968581,0.0013060521262768774,0.00031811329845239455,0,13,1000.0,20260914
Poisson,30,1.918378032621676,0.3752956040968615,0.6229903330022353,593,0.13541638882377463,0.0014078748576862926,3.908821140182384e-08,0.000136731370810531,-0.0020045321155994244,0.0012243835682963946,0.0003078579208905583,0,14,1000.0,20260914
Poisson,31,1.9163722481083014,0.37843557618616314,0.6397437500017986,609,0.13099331516274607,0.0013859067092642115,7.682375947198894e-08,0.00012818627324466376,-0.0018775982401278012,0.001147822082508194,0.00029791828809966743,0,13,1000.0,20260914
Poisson,32,1.9144947313533984,0.381482950294368,0.6573384160001297,626,0.12683703820014006,0.0013641116493794353,5.87067679446167e-08,0.00012084995584666157,-0.0017566667990505692,0.0010731350419338074,0.0002891264273550038,0,14,1000.0,20260914
Poisson,33,1.9127217460715944,0.3844607964991032,0.6750420410025981,643,0.1233116279110145,0.0013430729340213258,5.838281454616755e-08,0.00011394663594474716,-0.0016590386458658248,0.0010126974029008046,0.00028080073146607754,0,14,1000.0,20260914
Poisson,34,1.911051733006536,0.3873569802896655,0.6920742910006084,659,0.11964665905583517,0.0013207729822676715,7.172091488861034e-08,0.00010771706928207717,-0.0015622959957736148,0.0009542469138972655,0.00027300340816714707,0,13,1000.0,20260914
Poisson,35,1.909473383613647,0.39017030131994723,0.7093376250013534,676,0.11628848516444884,0.001298446851747682,5.195424350416399e-08,0.00010188840617959179,-0.0014764609867117281,0.0009021988037968106,0.0002651749319463208,0,14,1000.0,20260914
Poisson,36,1.907983593682866,0.39290054633887805,0.7259503750028671,692,0.11300072783181338,0.0012761987744012082,7.337526852785873e-08,9.579709301044423e-05,-0.001393992837770472,0.0008513317062551043,0.0002571668147297247,0,13,1000.0,20260914
Poisson,37,1.9065788499373169,0.39554479761155636,0.742681250001624,708,0.1097997596338486,0.001255944049586513,5.410580443172033e-08,9.050830270797619e-05,-0.0013142354428425178,0.0008019443847665621,0.00025007190112636676,0,13,1000.0,20260914
Poisson,38,1.905244166212443,0.39811684663584246,0.7603854160006449,724,0.10705368740408272,0.0012355511266272398,5.439174917680912e-08,8.604560437793651e-05,-0.0012486381204919465,0.0007616591255332223,0.00024381170362377855,0,13,1000.0,20260914
Poisson,39,1.9039770236172573,0.4006197684167672,0.7777949580013228,740,0.10431178925335167,0.0012145388754396206,6.329095285650287e-08,8.16212859900229e-05,-0.0011855213092027631,0.0007230951263240057,0.00023770357834380703,0,13,1000.0,20260914
Poisson,40,1.9027761057030248,0.40305044398444057,0.7964105829996697,757,0.10150281382723317,0.001194438849931785,4.900551764326676e-08,7.770366497395414e-05,-0.001123214249259183,0.0006857768534901932,0.00023193812041526302,0,14,1000.0,20260914
Poisson,41,1.9016294346649445,0.4054278434951352,0.8138112500018906,773,0.09926837179510127,0.001174792997369756,5.638048984981953e-08,7.452526522969255e-05,-0.001072145772846658,0.0006539605561377817,0.00022717055210070463,0,13,1000.0,20260914
Poisson,42,1.9005368632020085,0.4077432207360835,0.8315856250010256,789,0.09682454145155675,0.0011551545596482635,7.031851191922293e-08,7.086173916097682e-05,-0.0010217097237800803,0.0006238218715707423,0.0002213652167953631,0,13,1000.0,20260914
Poisson,43,1.8994993324046707,0.41000090711115006,0.8487642500003858,805,0.09446005944621919,0.001135149367986265,6.718110867330696e-08,6.724520740525786e-05,-0.0009702855899286828,0.0005913956558086524,0.0002154988407437495,0,13,1000.0,20260914
Poisson,44,1.8985047062718996,0.4122146927835118,0.8659183750023658,821,0.09247094498642523,0.0011157731294951848,5.687868535815847e-08,6.445839609545201e-05,-0.0009301677366749299,0.0005670823494370018,0.00021098640231958338,0,13,1000.0,20260914
Poisson,45,1.8975541783818561,0.4143714087489817,0.8825562080019154,837,0.09038780488243317,0.001097185742781704,4.924606727998147e-08,6.158356392829414e-05,-0.0008889443261177176,0.0005420301264702217,0.00020625456485404066,0,13,1000.0,20260914
Poisson,46,1.8966428650240814,0.4164808747480508,0.8991818750000675,853,0.0885583369419943,0.0010785661835541124,6.867461344663454e-08,5.894213022136946e-05,-0.0008523712275476618,0.0005191844056781337,0.00020172629602036875,0,13,1000.0,20260914
Poisson,47,1.8957684802203727,0.4185430600725934,0.9164766250032699,870,0.08676790603330223,0.0010603816843524339,4.756144761109424e-08,5.6581733950861966e-05,-0.0008178030697625789,0.0004979513278385182,0.00019767539163693045,0,14,1000.0,20260914
Poisson,48,1.8949282771356726,0.4205615279821626,0.9329489160008961,886,0.08503396403860754,0.0010428203574919558,4.885080846905713e-08,5.423467356187777e-05,-0.0007859684111377499,0.0004786643326941596,0.00019345907250856983,0,13,1000.0,20260914
Poisson,49,1.8941224685946427,0.4225362577684781,0.949449875002756,902,0.08328548884634102,0.0010257874158068436,6.085081756272074e-08,5.207519662954166e-05,-0.0007537333443959214,0.00045898490841115127,0.000189488906229774,0,13,1000.0,20260914
Poisson,50,1.8933499329018493,0.4244655797002879,0.9666962910014263,918,0.0815306116759059,0.0010092156280319333,7.868809641294614e-08,4.9896185142358426e-05,-0.000722639507652446,0.0004401736607810841,0.00018543290433691508,0,13,1000.0,20260914
Poisson,51,1.8926073451177594,0.42635346539625396,0.9832940410014999,934,0.07997798419630327,0.0009929884340895401,9.246617323512403e-08,4.808236710211275e-05,-0.0006945054169865206,0.00042276388628465856,0.00018196648485167274,0,13,1000.0,20260914
Poisson,52,1.8918937939002767,0.428204394847168,0.9998032910007169,950,0.07829713995450543,0.0009766381662972147,3.691448205843536e-08,4.632289601687541e-05,-0.0006672283214637849,0.0004070291112299624,0.00017867766145645165,0,13,1000.0,20260914
Poisson,53,1.891211647069453,0.43001077008793204,1.0171435410011327,967,0.07662845097052036,0.000959210805960771,2.8929660155857734e-08,4.435881746452268e-05,-0.0006377880133634986,0.000388550855916499,0.00017499621223440877,0,14,1000.0,20260914
Poisson,54,1.8905562078976377,0.43177412516501107,1.033654541002761,983,0.07509903859219103,0.0009411817542660681,3.6106919556098906e-08,4.2671603343232476e-05,-0.0006127675684722037,0.0003734458919418608,0.00017156880740120496,0,13,1000.0,20260914
Poisson,55,1.889924789745206,0.43350073836402864,1.0513184160008677,1000,0.073728218776468,0.0009242224341328794,2.8474660403475892e-08,4.107562704022065e-05,-0.0005903425253920541,0.00035962564023408116,0.00016842359290761193,0,14,1000.0,20260914
Poisson,56,1.8893181971735056,0.4351847735331258,1.068508666001435,1017,0.0722756619867079,0.0009073188525802924,2.976629727218572e-08,3.944761846375345e-05,-0.0005671449532335869,0.00034540400591963897,0.0001650981796403468,0,14,1000.0,20260914
Poisson,57,1.8887312821248765,0.43684054041511106,1.0850487500028976,1033,0.07113096185768128,0.0008901713515058513,8.06202495639179e-08,3.8183569330575526e-05,-0.0005487314792980871,0.0003339343618891209,0.0001624199402013032,0,13,1000.0,20260914
Poisson,58,1.8881628222104538,0.43847005219749396,1.1015687500002969,1049,0.07000414082129143,0.0008730688105156547,9.620532531227116e-08,3.689024333020956e-05,-0.0005315696710989206,0.00032343092781630977,0.00015967550112518217,0,13,1000.0,20260914
Poisson,59,1.887613851386105,0.4400701058423988,1.1196255410031881,1066,0.06879361685576309,0.0008563492340284154,4.902892081426946e-08,3.54448876148934e-05,-0.0005135259367258892,0.0003123427383440279,0.00015628810759139194,0,14,1000.0,20260914
Poisson,60,1.8870833090800043,0.4416420442975212,1.1362593750018277,1082,0.06766115879182713,0.0008408730234011225,6.856343941585814e-08,3.4171499448843755e-05,-0.0004963708066555758,0.00030164068564796976,0.00015331042196686773,0,13,1000.0,20260914
Poisson,61,1.8865710198153076,0.44318196110735836,1.1528257080026378,1098,0.0664889894940892,0.000832389991688649,8.166804247193998e-08,3.295737433764213e-05,-0.0004793318903568581,0.00029124997849945295,0.00015056123477955998,0,13,1000.0,20260914
Poisson,62,1.8860751967764138,0.44469371621944165,1.1691821250024077,1114,0.06542908591348548,0.0008237917955156373,7.648189383689766e-08,3.1901457752947795e-05,-0.0004639215811471109,0.0002817747747201257,0.00014821809275477447,0,13,1000.0,20260914
Poisson,63,1.885594307669944,0.4461821745746463,1.1857276660011848,1130,0.06446922881577342,0.0008154069246790936,7.215289740714634e-08,3.0935236208346354e-05,-0.00044995387026179455,0.0002730750332647898,0.00014599159979759515,0,13,1000.0,20260914
Poisson,64,1.8851265519995335,0.44764977153684016,1.2023124160004954,1146,0.06359663354348226,0.0008073401394766625,7.580287175210863e-08,3.0064679128465584e-05,-0.0004376909912760748,0.00026552908050726483,0.00014392303961023988,0,13,1000.0,20260914
Poisson,65,1.8846740981391652,0.4490914308382939,1.2195527910007513,1162,0.06246724705879329,0.000798981007543512,7.005585883798255e-08,2.892410719383229e-05,-0.00042352975317537766,0.00025734601261307995,0.00014114885690015612,0,13,1000.0,20260914
Poisson,66,1.884238837194374,0.4505004420437917,1.237432041001739,1178,0.0613015512230177,0.0007904625913112669,4.6868167466985956e-08,2.776052996988073e-05,-0.0004075004148229717,0.00024736693567388045,0.00013818530324184844,0,13,1000.0,20260914
Poisson,67,1.883819113623924,0.451877086625092,1.2557868330004567,1194,0.060220602142413523,0.0007821267295136025,4.9233426257048465e-08,2.6832591067288175e-05,-0.0003928909793864274,0.000238397524330205,0.0001358456001317065,0,13,1000.0,20260914
Poisson,68,1.8834122747261537,0.4532302891859059,1.273467666000215,1210,0.059303327888311635,0.0007744293157653486,6.868875889230681e-08,2.6040960980265888e-05,-0.0003807979367898553,0.00023099466283883744,0.00013382055278144856,0,13,1000.0,20260914
Poisson,69,1.8830171604990624,0.45456193480302814,1.2909652910020668,1226,0.05846218648748375,0.0007670076024795025,7.603146332555382e-08,2.5327254656469374e-05,-0.0003697869724383543,0.00022422286464639804,0.00013194450708549612,0,13,1000.0,20260914
Poisson,70,1.8826324172178937,0.45587537242549536,1.3086338749999413,1242,0.05769967223040255,0.0007598981811146511,6.354446298973093e-08,2.465171566663933e-05,-0.00036009156550506687,0.00021828067239398126,0.00013015576904496816,0,13,1000.0,20260914
Poisson,71,1.882257709041069,0.4571692595022674,1.3254501250012254,1257,0.05693887604481697,0.0007526548268025201,9.508034103207703e-08,2.4012494539106087e-05,-0.00035069568228417023,0.0002126063965622603,0.00012846052079757065,0,12,1000.0,20260914
Poisson,72,1.881894012569956,0.45843831131740753,1.3523745410020638,1274,0.05610812743984611,0.0007452714342603173,5.047129768020149e-08,2.3190782096399718e-05,-0.00034050568901537547,0.0002062903728728168,0.00012608723205181062,0,14,1000.0,20260914
Poisson,73,1.881541734080961,0.459682508943871,1.3697621660030563,1290,0.055227487056859134,0.0007385278335642955,7.042097794993598e-08,2.2384022490678846e-05,-0.00032989446650264875,0.00019977472266410662,0.00012368347915261797,0,13,1000.0,20260914
Poisson,74,1.881198557963061,0.4609095582931313,1.3884652910019213,1306,0.054533917035254544,0.0007319599635124487,6.112771319070204e-08,2.181987129622533e-05,-0.00032135624660813654,0.00019447871253962237,0.00012207284999028148,0,13,1000.0,20260914
Poisson,75,1.8808637719733114,0.4621210151214971,1.40742258300088,1322,0.05386783777128535,0.0007253920436199054,5.835290216511021e-08,2.1279257901849867e-05,-0.000313506731850719,0.00018969879244188837,0.00012052459833595636,0,13,1000.0,20260914
Poisson,76,1.8805402191840377,0.4633043609723772,1.4247448330024781,1338,0.05288938495005151,0.0007176920687445785,5.233214124459424e-08,2.051110244568964e-05,-0.00030304168682206346,0.00018368843725402543,0.0001184487531071408,0,13,1000.0,20260914
Poisson,77,1.8802263356387046,0.46446350773276596,1.4415809160018398,1354,0.0521602894210462,0.0007060881999379962,5.66237287130748e-08,1.9934274728728925e-05,-0.000293949270611482,0.00017784875570876155,0.00011675691602165757,0,13,1000.0,20260914
Poisson,78,1.8799206780654176,0.4656048392466985,1.4591893750002782,1370,0.05144040973953601,0.0006957676841446599,6.478669327230469e-08,1.943984867797401e-05,-0.0002862177246044848,0.0001733517855783651,0.0001152672274507671,0,13,1000.0,20260914
Poisson,79,1.8796229557511661,0.4667288211264906,1.4763921250014391,1386,0.050784939731857666,0.0006861817351787584,6.052898657829184e-08,1.902607446386536e-05,-0.00027869623979392234,0.00016876680907309318,0.00011403391035814442,0,13,1000.0,20260914
Poisson,80,1.8793323623825626,0.46783737362277833,1.4933172910023131,1402,0.05017530256199038,0.0006773844084982725,6.175771865839122e-08,1.8565294160746884e-05,-0.00027202807443476977,0.00016471531924412277,0.00011259938429895789,0,13,1000.0,20260914
Poisson,81,1.879048294424188,0.46893263118699596,1.5096399579997524,1417,0.04961603346992531,0.0006691393104964,9.062628218868747e-08,1.8159668824727274e-05,-0.000265908289553027,0.00016098041951021893,0.00011135084048107026,0,12,1000.0,20260914
Poisson,82,1.8787719054771257,0.47000509157084697,1.5261762500012992,1432,0.048867220432533345,0.0006612057970304652,8.982033506123809e-08,1.766142905590855e-05,-0.0002587275180004751,0.000156988685422188,0.00010995499853634267,0,12,1000.0,20260914
Poisson,83,1.8785032459682711,0.4710538273559503,1.5436281250003958,1447,0.04822827429688359,0.0006535740073568384,9.7991938736861e-08,1.720288253442562e-05,-0.00025145662632049124,0.0001523611867718019,0.00010857811338655166,0,12,1000.0,20260914
Poisson,84,1.878241092398603,0.4720871392443251,1.5603617080014374,1462,0.047652412638542134,0.0006462961109606278,9.967135211846976e-08,1.6831019526176864e-05,-0.0002453225501399901,0.00014861594815438316,0.00010734728403875457,0,12,1000.0,20260914
Poisson,85,1.8779847173492243,0.4731067659518265,1.5780776250030613,1478,0.04711360317375958,0.0006394351959465291,4.8916200983350165e-08,1.646622187050804e-05,-0.000239908827512067,0.00014539046917797427,0.00010616909129739138,0,13,1000.0,20260914
Poisson,86,1.877734388104176,0.4741114458952904,1.594645125001989,1494,0.046551931808877935,0.0006326568535850823,4.574793459803477e-08,1.608004244857981e-05,-0.0002342492025971075,0.00014197512729149852,0.00010489545180381855,0,13,1000.0,20260914
Poisson,87,1.8774900013133697,0.4751020052024346,1.6106297080004879,1509,0.04600689019499422,0.000626233920097085,9.706762444008758e-08,1.5715113177893585e-05,-0.00022867167763009272,0.00013855509353547088,0.00010366092074886153,0,12,1000.0,20260914
Poisson,88,1.8772509066722842,0.47608045195844695,1.6266520830031368,1524,0.04549925465872885,0.0006200009158720843,8.448071418373153e-08,1.536134140722023e-05,-0.00022373329968193145,0.00013558553236052027,0.0001024691130743094,0,12,1000.0,20260914
Poisson,89,1.8770179073677045,0.47704377546110804,1.6425362500012852,1539,0.04493366383217554,0.0006137222705094766,9.69541505520732e-08,1.4864784163264335e-05,-0.00021813452041238084,0.00013204759731061378,0.00010072771032937673,0,12,1000.0,20260914
Poisson,90,1.8767900621858842,0.47799494566664985,1.65851533300156,1554,0.0444443464666951,0.0006075331271756122,7.990541864691446e-08,1.4535587535920532e-05,-0.00021330959428552743,0.0001290801851777037,9.959483004051867e-05,0,12,1000.0,20260914
Poisson,91,1.8765675170658296,0.4789311606490607,1.6746528330004367,1569,0.04391808562287666,0.0006015377215120604,9.012931991729046e-08,1.4212771857425956e-05,-0.00020833234819480817,0.00012610520781567951,9.841778724851378e-05,0,12,1000.0,20260914
Poisson,92,1.8763499367033847,0.47985427149906607,1.6916375000000698,1584,0.043424287571901796,0.000595853488114306,8.198294531142997e-08,1.3896748577012931e-05,-0.00020368361387523178,0.0001232969248885412,9.731931314088243e-05,0,12,1000.0,20260914
Poisson,93,1.8761371139741507,0.48076552555523333,1.7092030830026488,1600,0.04296438911813555,0.0005903635960343425,5.123139592649829e-08,1.3593669776302845e-05,-0.00019922905945473748,0.00012052579261922418,9.628946406663409e-05,0,12,1000.0,20260914
Poisson,94,1.8759283527264627,0.48166731347396285,1.725911666002503,1615,0.04255629614958356,0.0005849807552544706,9.014601388902983e-08,1.3333303550144233e-05,-0.00019542794413877036,0.00011820933058942994,9.535834798165981e-05,0,12,1000.0,20260914
Poisson,95,1.8757234655256112,0.4825600953486256,1.7426807080009894,1630,0.042163089051463466,0.0005796328670699215,8.644913011921634e-08,1.3083973359577138e-05,-0.000191803227485876,0.00011600089693346262,9.445858156701214e-05,0,12,1000.0,20260914
Poisson,96,1.8755224060831381,0.48344365132874034,1.7586417910024466,1645,0.04176433544717611,0.0005742766801457563,5.890237747264949e-08,1.2832596329760149e-05,-0.00018822684613966088,0.00011384645670584908,9.356347326774265e-05,0,12,1000.0,20260914
Poisson,97,1.8753253612583567,0.48431611720711704,1.7745144159998745,1660,0.0413432910965879,0.0005685579764724233,5.98345968400233e-08,1.2564972551962074e-05,-0.00018447985223725544,0.0001115814388465847,9.255804210926863e-05,0,12,1000.0,20260914
Poisson,98,1.875133040968189,0.4851762146742916,1.7902495830021508,1675,0.04083026321417013,0.0005627224344381345,7.837075472290997e-08,1.226279918620169e-05,-0.0001800574909788219,0.00010896477046077051,9.150543961090952e-05,0,12,1000.0,20260914
Poisson,99,1.8749444959202246,0.48602680416866506,1.8061851660022512,1690,0.0404456900559661,0.0005571673885419779,6.023754033807212e-08,1.2031712430077098e-05,-0.0001765133355386903,0.00010675235575923088,9.065970694286239e-05,0,12,1000.0,20260914
Poisson,100,1.874759566738559,0.48686754006681665,1.8219468330025848,1705,0.04005978370968398,0.000551685018292989,5.883718800413435e-08,1.1814422893506355e-05,-0.00017311475876786908,0.00010468986812223871,8.984550656118195e-05,0,12,1000.0,20260914
